reading_id,fault_label,mfcc_1_mean,mfcc_1_std,mfcc_2_mean,mfcc_2_std,mfcc_3_mean,mfcc_3_std,mfcc_4_mean,mfcc_4_std,mfcc_5_mean,mfcc_5_std,mfcc_6_mean,mfcc_6_std,mfcc_7_mean,mfcc_7_std,mfcc_8_mean,mfcc_8_std,mfcc_9_mean,mfcc_9_std,mfcc_10_mean,mfcc_10_std,mfcc_11_mean,mfcc_11_std,mfcc_12_mean,mfcc_12_std,mfcc_13_mean,mfcc_13_std,spectral_centroid_mean,spectral_centroid_std,spectral_bandwidth_mean,spectral_bandwidth_std,spectral_rolloff_mean,spectral_rolloff_std,zero_crossing_rate_mean,zero_crossing_rate_std,rms_energy_mean,rms_energy_std,dominant_freq_hz,tempo_bpm,sample_rate_hz,duration_sec,recording_env,ambient_noise_db
1,Healthy,-201.8863,14.6736,106.0266,11.5124,-5.6596,5.6495,12.4541,5.3038,-5.4684,4.7741,10.0081,4.4118,-3.0673,2.9487,7.169,2.6316,-2.4239,3.329,4.863,2.1753,-1.5011,3.394,3.7561,2.9108,-0.3261,4.0948,1741.49,216.4,1005.72,123.15,3001.76,336.76,0.06609,0.01719,0.03959,0.01251,56.8,938.3,22050,3.89,idle,55.8
2,Engine Overheating,-186.9563,15.0271,112.5716,14.5443,-8.7329,12.9303,7.7156,12.0951,4.7197,9.2658,14.0264,6.0706,1.0884,5.4688,9.9545,5.6515,-3.404,7.5457,7.0277,4.0146,-4.7552,4.0317,3.9965,3.2697,-0.1894,3.5254,2474.68,261.59,1531.71,169.94,4190.99,695.85,0.09092,0.02448,0.06755,0.01551,2587.0,1240.1,22050,2.53,revving,62.7
3,Healthy,-197.719,15.3034,113.1755,6.7792,-8.3945,5.7648,11.506,5.6773,-3.971,3.0429,6.4726,2.9747,-2.8769,4.2199,6.5985,3.1504,-3.1163,2.3719,2.9449,2.983,-0.0054,2.786,5.4663,3.1187,-1.0382,3.3104,1806.32,210.99,1021.13,78.82,3109.64,254.31,0.06187,0.01866,0.03875,0.01268,108.1,735.4,22050,4.14,revving,64.7
4,Oil Pressure Fault,-181.0908,21.7371,115.8129,14.5944,-0.8858,8.4923,12.0311,4.7407,-9.6984,8.1459,6.9236,5.4572,-0.5762,7.0162,11.1342,4.0084,-7.305,6.5164,4.5204,5.0909,-1.6961,3.2409,7.1737,5.2395,-0.228,3.9764,2134.36,208.9,1307.09,177.17,3742.62,473.5,0.07401,0.01455,0.04675,0.01429,1432.5,1096.2,22050,2.74,revving,54.2
5,Oil Pressure Fault,-170.2875,15.5028,112.8648,16.0808,-8.7711,11.5116,15.9929,8.9135,-8.6555,8.8237,8.192,3.865,-2.0072,5.4879,8.0759,6.9228,-1.0111,5.6327,8.8723,4.2725,-0.9457,4.8879,6.0576,3.8367,-6.2464,4.4458,2128.62,236.14,1362.02,187.17,3875.7,326.53,0.07383,0.01719,0.05735,0.01336,1236.5,1429.9,22050,2.54,idle,56.1
6,Oil Pressure Fault,-186.2968,22.5318,106.478,16.2019,-3.9954,9.1897,13.6697,8.5906,-4.8833,5.495,10.1305,6.0777,-6.3885,5.2569,5.2855,3.8969,-5.6906,4.3834,6.02,4.4587,-1.4794,3.8499,3.9795,3.4225,-2.5841,3.8431,2103.95,310.86,1402.84,219.9,4111.98,343.32,0.08577,0.01844,0.05917,0.01853,2042.9,938.8,22050,4.37,load,64.8
7,Battery Fault,-190.0788,15.758,107.8773,10.7271,-7.118,8.3103,10.7739,5.6769,-3.9891,5.173,5.9645,5.8333,1.0665,4.6514,6.4657,5.0945,-7.4719,2.5366,5.923,4.0621,-1.962,2.33,5.2235,4.1298,-2.9553,4.5518,2031.4,189.82,1199.7,137.11,3335.31,288.98,0.07737,0.01033,0.05299,0.01295,149.4,978.8,22050,3.92,revving,58.1
8,Healthy,-197.1558,14.1608,113.4206,7.8278,-6.4052,4.8917,13.8703,4.3218,-3.4328,4.8796,9.3762,6.3687,-2.1556,3.1607,7.0466,2.3765,-0.8616,3.9614,5.0676,4.0061,-1.1179,1.9362,3.3141,2.3658,-1.2883,3.3762,1729.84,177.83,1057.18,106.81,3023.62,283.66,0.06627,0.01231,0.04011,0.01069,85.1,1033.2,22050,2.79,revving,70.2
9,Clutch Slip,-192.1185,15.9838,115.2044,11.655,-3.7201,8.6072,9.2608,5.2515,-6.9355,6.7951,9.7962,5.2126,-9.0754,4.6032,8.5468,5.4447,-2.2489,4.6722,5.6025,5.8323,-2.19,2.1576,6.428,3.1379,0.9254,5.3553,2110.32,249.84,1349.17,133.55,3675.89,352.19,0.07292,0.02104,0.05156,0.01025,35.2,2288.4,22050,2.6,revving,57.1
10,Clutch Slip,-199.9814,15.2187,104.186,11.8707,-5.3983,10.9507,14.223,7.0314,-6.4719,7.0492,11.8996,7.0695,-1.5833,3.9918,4.0575,4.9782,-2.8609,5.2868,4.9521,4.7674,-1.2178,4.49,6.8634,2.267,-3.3081,5.1696,2100.14,246.18,1246.33,148.62,3670.38,292.07,0.06997,0.01167,0.05449,0.01353,51.8,2028.6,22050,3.08,idle,57.9
11,Battery Fault,-199.372,14.2786,112.6295,15.4511,-8.8547,8.83,10.0074,6.5897,-2.8077,5.533,9.3143,4.311,0.0386,4.7848,7.7717,5.5058,-6.5024,4.0759,3.3605,4.5747,3.1501,5.1767,8.0231,3.2777,-2.4676,4.9476,1934.7,203.88,1108.84,122.04,3213.65,386.15,0.07515,0.01488,0.04829,0.00708,154.7,916.9,22050,3.87,idle,59.9
12,Engine Overheating,-184.1371,15.2126,101.5143,13.0164,-7.1492,6.1122,8.1599,7.7402,-3.3889,6.1701,16.7248,7.5597,-3.0693,3.7414,9.6385,7.7754,-3.5952,3.2208,5.5903,5.1229,-1.1317,5.1411,6.209,4.8584,-0.2412,3.4588,2492.05,274.05,1445.72,250.3,4077.94,533.25,0.0972,0.02345,0.05856,0.01722,2839.8,1615.5,22050,3.36,load,60.4
13,Battery Fault,-198.7925,11.8582,116.5038,11.9469,-15.623,5.7106,8.6731,6.7732,-1.423,7.0581,9.2357,3.904,-3.5838,3.2378,9.8565,6.2654,-7.6849,4.4874,6.299,4.2528,3.5307,4.4282,7.0455,4.4884,-3.7618,3.1206,1965.33,234.61,1170.13,159.44,3346.18,373.41,0.07398,0.01439,0.05168,0.0073,141.1,1212.3,22050,4.26,idle,61.3
14,Brake System Fault,-191.0735,25.1124,94.5247,17.8882,-14.6001,11.0479,15.7271,11.5339,-9.4122,6.5682,10.1721,9.466,-1.775,7.3256,11.0636,8.3676,-7.3463,4.3783,7.8924,3.7292,-3.5722,4.2261,5.9079,4.2488,-1.09,4.3528,2642.27,402.93,1999.24,300.7,4703.24,689.31,0.1375,0.02585,0.08696,0.02444,4431.9,1011.6,22050,2.82,idle,71.2
15,Healthy,-197.4107,15.1957,107.9816,8.4952,-7.0852,6.1294,12.458,5.8064,-5.182,4.6246,7.2684,3.3781,-2.7589,3.0715,4.8594,3.5546,-2.7377,2.4588,6.1704,3.698,-1.747,2.7866,2.7147,3.4885,-0.0501,2.7367,1855.15,204.8,1045.55,132.99,2961.01,268.96,0.06323,0.01397,0.05089,0.01168,87.8,502.7,22050,3.91,idle,58.2
16,Engine Overheating,-185.6185,18.4286,111.5319,14.7073,-15.4456,10.1493,11.9889,7.7094,-1.8625,7.1466,8.6058,6.2111,-0.9565,5.2963,11.132,7.2024,-3.4258,5.5528,10.385,5.1375,-2.3813,4.2366,5.6953,4.7985,-0.9588,3.8503,2450.79,329.55,1455.06,223.61,4220.2,411.91,0.09607,0.01942,0.0568,0.01346,2858.2,1099.0,22050,4.05,revving,64.2
17,Engine Overheating,-186.7503,12.8781,108.8587,9.4251,-9.296,7.7837,7.1659,8.4709,-0.2505,6.7803,11.3979,4.6361,0.7455,6.0874,9.4295,7.5701,-7.2916,5.3945,8.0085,4.7045,-7.264,5.3493,5.9573,4.8086,0.8558,3.8497,2486.91,332.15,1531.72,225.23,4360.31,608.0,0.08906,0.0276,0.06784,0.01697,1820.4,1080.3,22050,4.11,load,69.6
18,Battery Fault,-187.5607,15.4675,112.7128,11.9617,-13.1403,6.3927,9.8602,6.625,-4.8004,5.7439,7.6625,5.8553,1.1057,5.2464,10.6574,6.1447,-5.5123,3.3835,3.8157,4.1566,1.0628,3.4165,7.6561,3.0022,-4.7029,4.6861,1898.8,178.54,1262.97,141.45,3376.0,289.67,0.07489,0.01116,0.0492,0.01217,135.8,560.5,22050,4.38,idle,65.5
19,Brake System Fault,-174.2005,28.2806,94.8143,21.3481,-12.1924,12.4871,4.9874,12.9635,-7.2662,12.435,13.527,6.4427,-7.968,7.5679,9.7541,6.1122,-6.6166,9.1224,7.4988,5.9178,-4.12,7.678,8.9521,3.9784,-2.134,4.0779,3002.52,426.6,1726.46,265.83,5211.01,654.9,0.1285,0.02037,0.06936,0.02564,3302.0,991.8,22050,3.13,load,78.0
20,Healthy,-196.1222,14.1381,111.3056,9.5452,-8.2862,5.8981,14.7526,6.3329,-6.3826,4.768,8.8225,2.9201,-2.0151,3.3388,7.5475,2.9338,-1.0862,3.578,6.218,2.898,-0.6332,2.7667,3.6609,3.5889,-0.9436,2.9078,1812.57,197.97,1022.85,108.34,3159.83,302.09,0.06097,0.01735,0.04262,0.00675,47.1,815.1,22050,4.44,revving,57.1
21,Healthy,-209.3562,9.8637,111.5252,5.7956,-5.0222,5.8765,12.7496,4.9366,-6.6628,3.9568,6.3419,4.0188,-2.5734,2.8574,6.7033,2.4359,-1.7368,1.5292,3.8403,2.605,-1.5339,3.1307,3.798,3.0933,0.3081,3.8233,1814.97,213.71,1112.27,126.67,2982.54,322.22,0.05712,0.01921,0.04964,0.00986,36.5,967.2,22050,3.26,load,70.4
22,Battery Fault,-189.0614,9.3771,117.6727,10.8637,-7.5106,6.8514,12.9651,6.4456,-1.0461,3.2237,6.4161,3.654,-0.9951,2.6499,13.2543,5.0918,-3.2893,3.2269,5.2749,4.4994,-1.9889,3.8178,9.1803,5.0131,-2.1895,5.5771,1823.25,208.74,1163.98,169.9,3479.89,352.62,0.07028,0.01446,0.05278,0.01259,112.8,818.7,22050,4.32,idle,69.5
23,Oil Pressure Fault,-178.8509,11.5806,107.669,15.3968,-5.1508,5.5956,18.0825,8.5525,-8.143,8.6769,6.3685,5.3864,-3.1435,6.4512,7.6068,4.8462,-3.4087,5.8672,6.4675,5.6779,-4.9219,4.9835,8.4182,4.3997,-1.1211,3.5719,2172.48,225.62,1275.79,122.52,3880.57,401.68,0.08068,0.01599,0.05378,0.01349,812.8,794.3,22050,3.6,idle,77.1
24,Oil Pressure Fault,-191.9401,16.8628,110.2701,12.866,-6.1612,8.2641,7.7476,7.8026,-9.0633,6.7762,8.3912,6.7868,-5.0964,6.8499,9.3674,4.4334,-1.5733,5.2287,5.1486,4.884,-1.8683,5.0159,4.512,5.2567,0.0778,2.3086,2042.33,272.0,1241.41,192.86,4024.21,403.11,0.08988,0.02024,0.05674,0.01291,1241.6,1278.1,22050,3.73,idle,68.7
25,Brake System Fault,-179.6575,21.0346,90.1863,12.704,-14.5326,15.7528,10.6611,11.274,-10.8147,8.3249,15.7585,8.4968,-4.9568,7.6843,10.41,3.9738,-3.0542,6.8809,8.8346,7.0037,-2.1271,6.8285,4.9499,5.4478,-2.1912,4.9135,2936.02,370.68,1694.01,224.83,5039.7,789.21,0.10041,0.02626,0.06027,0.01724,3906.2,1140.0,22050,3.88,idle,61.4
26,Oil Pressure Fault,-178.0786,24.7464,112.3432,15.0096,-2.8946,6.9185,12.2862,10.0665,-4.9021,8.2251,10.4658,5.01,-7.2682,7.1257,9.8949,3.8795,-4.2941,4.8971,8.5306,4.6595,-3.1931,4.7907,5.8362,3.4446,-1.9231,4.888,2023.93,239.02,1344.26,184.44,3967.11,312.21,0.0821,0.01696,0.05852,0.0145,783.3,947.6,22050,4.14,idle,64.1
27,Oil Pressure Fault,-186.798,24.0558,108.9256,14.547,-5.0023,6.0605,14.5168,9.1088,-8.1969,6.941,9.9312,4.1041,-3.311,4.3751,8.7397,4.8664,-3.597,5.0668,8.3189,5.8135,-2.6025,3.8684,3.7968,2.8308,0.3313,3.1222,2064.85,264.23,1247.22,192.96,3743.69,348.4,0.07875,0.01328,0.05807,0.01669,1409.2,1365.2,22050,3.11,idle,74.6
28,Engine Overheating,-183.478,18.4486,100.4409,17.5225,-15.318,8.6671,12.2022,6.7395,-0.533,4.9621,10.0664,3.6425,1.0688,4.5073,8.4375,6.8544,-3.3947,7.2083,9.0308,5.8319,-3.946,4.8536,6.9485,4.5526,-0.7627,3.3376,2338.78,256.77,1483.02,224.34,4104.05,500.73,0.09898,0.0237,0.06136,0.01761,2257.0,423.4,22050,2.77,revving,60.1
29,Battery Fault,-192.8534,12.6248,113.1813,10.6237,-6.911,7.9664,11.1441,5.3258,-2.3506,5.1312,6.3446,5.1064,-2.9503,1.9269,7.2055,4.5545,-5.7344,2.7161,4.4169,4.2879,-2.6894,4.1518,4.0689,4.3504,-3.887,2.8741,2002.44,211.9,1216.98,145.06,3404.97,279.61,0.0746,0.0126,0.04652,0.00948,96.9,728.2,22050,3.15,revving,64.8
30,Healthy,-199.8704,13.89,111.8613,12.3282,-9.872,8.3247,11.6052,4.5944,-4.6414,5.5052,8.8633,4.1201,-1.6212,4.5074,7.3554,3.374,-2.1741,3.9476,4.8119,3.2628,-2.1568,1.3789,6.2931,3.5956,-0.1136,2.4083,1689.42,171.94,1051.93,131.73,3095.7,330.63,0.06338,0.01469,0.04719,0.00941,86.2,1136.3,22050,2.72,idle,72.2
31,Healthy,-195.697,17.4582,112.9832,11.3033,-8.8797,5.7575,13.5632,3.9482,-6.2605,3.7176,9.8611,3.5901,-2.7771,3.2787,6.7804,2.982,-1.9127,3.2206,6.3366,2.3179,-0.9614,2.259,5.4459,1.8857,-0.8818,2.7225,1746.62,197.6,1066.97,102.08,3133.92,289.69,0.05814,0.00983,0.04579,0.01239,90.9,1010.6,22050,4.41,idle,52.0
32,Clutch Slip,-188.0758,14.8841,104.1005,17.3426,1.1011,7.5057,10.2524,5.6316,-7.4095,5.9792,8.2609,5.0713,-2.4897,4.7583,6.5095,3.7575,-1.2861,3.8796,5.6072,5.9089,-1.3681,4.1641,5.3005,3.1803,-2.1184,3.5639,1866.32,203.6,1251.24,156.02,3629.02,346.11,0.07897,0.01963,0.0543,0.01384,24.0,1981.4,22050,3.41,idle,55.1
33,Oil Pressure Fault,-197.3917,20.4207,108.395,13.1143,-8.3493,9.0363,16.4047,10.8568,-7.1897,6.6695,10.4436,7.3232,-0.2901,6.6045,5.3996,4.9744,-5.0669,3.9915,10.0754,4.6078,-3.0593,5.0601,5.0526,3.0651,-0.9682,2.8578,2053.14,255.76,1180.96,198.43,3878.22,471.07,0.07966,0.01726,0.0524,0.01054,1207.1,975.4,22050,3.86,load,66.9
34,Oil Pressure Fault,-179.1736,17.8823,111.0982,14.9056,-5.5649,9.706,10.1019,7.0837,-4.3484,6.5632,11.4241,6.5428,-11.4235,4.407,6.8037,4.3009,-3.8181,4.5492,5.5414,4.3145,-4.7608,5.533,6.9133,4.6815,-1.1497,3.2526,2300.82,213.75,1395.86,187.65,3731.9,366.91,0.0795,0.01391,0.05044,0.01403,858.3,1443.3,22050,4.29,idle,74.4
35,Clutch Slip,-193.6236,17.5449,108.6552,18.93,-8.6827,6.8273,10.9746,5.192,-8.873,4.0923,10.7811,5.2991,-3.7941,3.5197,6.3459,5.8567,-1.7832,3.3837,7.3435,4.3914,-3.6368,4.5316,6.1683,1.9541,0.1129,3.5426,2020.38,205.07,1307.37,188.08,3674.66,374.69,0.08863,0.01462,0.04929,0.01299,39.1,1617.2,22050,3.28,idle,52.8
36,Oil Pressure Fault,-194.6317,8.4183,112.5001,17.2725,-9.9993,9.8667,13.7768,7.9504,-8.6729,6.8532,11.6206,5.2805,-6.6104,4.6848,9.8118,4.0799,-2.0655,3.671,3.1258,4.3533,-1.7931,4.7965,5.9917,4.1883,-4.6004,4.3161,2003.05,220.73,1411.75,204.75,3704.09,393.15,0.08595,0.01528,0.05567,0.00989,1336.3,1039.9,22050,4.22,revving,54.3
37,Clutch Slip,-195.8603,19.2416,103.8019,10.8881,-2.5206,7.3858,13.7203,8.0166,-7.2136,6.2736,12.486,7.4103,-4.5754,4.9484,6.2555,5.7203,-2.926,3.6134,5.291,4.8299,-2.8988,3.3828,2.6448,4.0363,-1.6643,4.69,2049.86,245.93,1200.56,167.86,3719.02,375.34,0.07632,0.01222,0.0608,0.01144,17.3,1244.8,22050,3.91,revving,49.5
38,Clutch Slip,-185.5684,17.7366,112.4534,12.627,-6.3824,10.4832,13.4776,7.1198,-9.8089,4.3235,7.4654,5.9212,-4.0934,5.3882,9.7606,3.4565,-5.3877,4.0635,6.7526,5.2633,-3.4833,3.4203,5.4945,4.0341,0.3806,3.332,2049.24,186.56,1313.72,183.88,3696.84,388.22,0.08508,0.01928,0.06102,0.01025,22.3,2203.6,22050,3.13,revving,71.4
39,Engine Overheating,-176.6367,16.3115,109.4396,13.7795,-15.2325,9.8041,10.0204,7.1206,-6.5008,9.2309,9.7656,4.15,0.7415,5.4624,12.4778,5.8713,-4.0372,6.699,8.1988,5.1095,-1.1145,4.0955,6.7735,4.2277,-4.2449,4.8842,2523.54,393.63,1489.92,192.13,4778.13,440.74,0.08945,0.02221,0.06258,0.01732,2264.3,1835.3,22050,3.37,idle,66.8
40,Clutch Slip,-183.477,17.0551,108.8555,10.642,-9.0864,6.0606,10.0547,9.7464,-8.6981,4.943,13.8734,5.2017,-2.9715,2.7238,6.3008,5.5104,-5.9714,5.1776,6.0577,4.4362,-2.3871,4.5614,4.9229,4.7837,0.0872,5.2269,2031.82,225.45,1209.21,174.74,3577.05,371.17,0.07651,0.01447,0.05494,0.01021,23.9,1689.1,22050,3.37,load,56.2
41,Clutch Slip,-194.6726,20.9137,111.087,12.5595,1.8508,6.3055,15.8988,7.3415,-3.9234,5.621,13.4163,4.7994,-2.6333,5.2434,9.5479,4.5009,-2.2885,4.2022,5.347,4.7375,-2.8678,3.5961,3.2693,3.8884,1.0068,6.2574,2003.9,194.59,1275.44,171.69,3517.17,222.04,0.0793,0.01897,0.05992,0.01196,48.6,1720.5,22050,3.44,idle,65.2
42,Brake System Fault,-176.0689,19.4717,101.2684,18.1129,-12.4995,11.6481,17.4216,13.3306,-7.6074,8.7132,13.9828,8.9336,-10.2815,8.5946,13.1372,7.027,-2.5116,5.9583,9.4,4.9734,-2.6325,6.684,5.6153,3.888,-2.6126,4.4312,2740.61,333.76,1840.5,268.41,5188.81,513.58,0.10981,0.03294,0.07182,0.02111,5057.9,986.2,22050,3.19,load,48.7
43,Battery Fault,-194.3762,14.2467,114.2895,7.0773,-10.6177,8.8199,11.2332,6.5738,-1.0736,3.2452,2.7596,6.76,-3.9341,4.0538,6.1285,2.4282,-5.1337,4.3566,3.8164,1.9509,-0.6032,5.4995,4.5432,4.5905,-2.6491,2.4986,1999.0,204.74,1172.98,166.28,3380.68,356.47,0.08481,0.01351,0.05047,0.00882,205.8,178.2,22050,3.32,revving,56.1
44,Brake System Fault,-182.4931,25.8596,99.1517,9.6823,-8.533,14.8073,13.8507,13.9872,-9.6805,7.211,10.4186,10.6196,-2.6494,7.9733,6.5213,8.1194,-6.6609,7.8755,6.8543,5.3165,-4.098,3.5123,3.9277,4.8499,-3.8806,5.8221,2920.97,306.41,1623.36,272.86,5496.63,599.43,0.11932,0.01671,0.07158,0.02189,3420.2,288.5,22050,3.77,load,52.2
45,Healthy,-191.3846,13.7542,114.6375,8.476,-6.8624,4.6794,9.2778,4.5447,-4.8868,4.4877,9.7094,3.3305,-4.5039,2.0913,7.6438,2.477,-2.0411,2.1227,4.0337,2.9526,0.069,2.3209,2.4058,2.9507,-0.9142,2.6955,1841.79,131.54,1017.57,118.61,3019.75,290.76,0.06163,0.01308,0.05197,0.00864,63.0,1188.6,22050,3.9,idle,71.5
46,Clutch Slip,-190.1447,20.3834,105.926,12.1113,0.1604,8.6306,14.1747,5.9755,-6.6232,7.304,11.0314,4.4166,-5.708,4.8565,10.6151,5.4593,-4.4642,4.9097,5.9875,3.2554,-2.1446,3.6641,4.6921,3.2288,-0.5708,3.615,2004.49,278.93,1238.8,125.61,3767.69,408.59,0.07258,0.0135,0.05296,0.01087,14.5,1347.8,22050,3.25,revving,65.4
47,Clutch Slip,-186.5963,15.9998,104.6041,10.0778,-3.7271,8.2011,14.5525,6.2923,-3.4312,6.0876,9.7205,6.4546,-3.5291,5.198,6.5441,4.8222,-3.4781,5.655,8.1128,5.755,-1.0609,4.8227,6.6202,3.629,-2.7359,4.0689,2154.75,176.2,1210.5,159.73,3586.1,386.97,0.07804,0.01731,0.05496,0.0128,17.0,1404.7,22050,2.71,revving,75.9
48,Brake System Fault,-174.8986,16.6296,111.1557,20.9121,-17.1812,6.8034,9.5722,11.5268,-12.1085,8.3551,14.3847,8.5188,-4.3625,5.1045,10.4524,7.8762,-1.8324,8.0668,5.1906,2.9954,-2.3631,7.8418,5.5443,4.1575,-1.8014,6.0216,2860.92,325.52,1708.57,253.9,5205.23,751.2,0.10679,0.02067,0.07963,0.01891,3023.3,896.9,22050,3.35,idle,56.3
49,Healthy,-202.0557,15.5173,110.2015,9.3795,-6.7524,5.4716,11.448,4.8712,-5.6279,5.9618,7.7421,4.5657,-1.7837,3.3658,7.7324,2.8218,-1.5692,3.252,3.2719,2.785,-2.3014,1.8649,3.9477,3.2478,-1.7228,3.297,1809.72,182.1,1031.59,131.84,3247.01,193.47,0.06552,0.01074,0.04623,0.01317,60.6,1026.7,22050,4.0,idle,63.8
50,Engine Overheating,-175.8299,12.3528,103.7113,14.6916,-11.906,8.5523,9.1542,9.522,-1.2993,5.1435,9.2113,6.4192,-1.29,7.0879,9.754,7.586,-0.083,4.9586,8.3005,6.0328,-2.5855,5.3485,5.3671,3.5631,-1.7043,4.8024,2349.88,313.56,1644.89,223.6,4327.68,583.24,0.09909,0.01942,0.06385,0.02092,2452.8,972.0,22050,2.85,revving,51.6
51,Oil Pressure Fault,-182.0255,20.464,108.5764,14.3863,-0.0792,10.4047,16.7575,8.8995,-8.3563,6.6161,9.7883,4.9974,-3.7957,7.4343,7.9122,4.2261,-4.3029,6.6412,6.0532,3.8236,-4.0191,3.6577,6.7646,5.0367,-0.1084,3.4452,2185.41,244.52,1355.62,240.21,3828.24,337.59,0.09301,0.01567,0.05645,0.0089,1456.1,395.2,22050,3.8,load,74.7
52,Healthy,-191.0164,16.3875,117.8087,6.1352,-9.4581,7.165,13.8044,4.1671,-4.6826,6.0184,10.7237,4.288,-2.7999,3.3411,7.0539,4.2063,-2.3448,3.0691,4.9032,3.9902,-1.4572,3.5888,4.0414,2.7848,-3.0939,3.0189,1875.56,163.64,947.83,126.83,3006.08,208.45,0.05978,0.01043,0.04727,0.01158,98.4,1062.4,22050,3.77,load,56.6
53,Clutch Slip,-204.9695,17.9063,112.7168,17.435,-2.6658,8.2329,7.8238,7.2116,-10.1271,4.9193,10.5505,5.6642,-2.4621,4.7112,5.778,4.5048,-4.3456,6.0737,3.406,4.4978,-0.7354,3.3033,5.5177,4.0132,-1.4961,2.5832,2061.15,202.42,1272.94,124.73,3702.24,373.04,0.08531,0.01352,0.05103,0.01415,19.3,1788.9,22050,3.37,idle,54.9
54,Healthy,-193.329,7.8948,105.2259,7.8218,-5.9591,6.8152,15.4638,5.2828,-6.8749,5.4179,7.3758,3.3292,-4.6896,2.4575,6.3426,2.6542,-0.1418,3.0577,5.3651,3.0937,0.6628,2.4291,4.7877,2.487,-1.1456,3.297,1707.09,169.56,1050.2,129.08,3081.18,398.44,0.07122,0.00783,0.04345,0.01222,87.0,665.4,22050,3.75,revving,66.0
55,Engine Overheating,-173.283,22.3738,116.3989,17.3026,-15.0438,10.8628,9.2082,8.334,-2.8627,6.3466,10.7665,8.085,-2.1431,6.2588,11.0188,5.3601,-4.5993,7.3813,5.0252,4.3273,-5.3424,5.217,9.7854,3.017,-0.2826,5.1363,2244.76,255.58,1518.54,195.93,4343.39,626.57,0.09993,0.01921,0.06818,0.01713,2291.7,953.3,22050,3.32,load,64.3
56,Healthy,-193.6386,7.2265,116.6674,5.5661,-6.9755,6.1837,12.744,5.1877,-5.9852,4.2688,8.8522,4.1371,-3.7247,3.1899,6.0873,2.6441,-2.26,3.2633,4.6644,3.2293,0.6821,2.7076,5.3551,2.1996,-0.3332,2.8768,1893.21,165.91,1019.54,138.71,3133.36,282.58,0.05009,0.01506,0.04252,0.01115,47.0,935.0,22050,3.01,idle,62.8
57,Brake System Fault,-178.7272,17.0662,108.964,17.7426,-15.448,10.53,21.4632,11.2375,-8.1429,12.284,13.9469,9.3955,-6.9418,6.4208,10.9866,6.8871,-3.2017,6.8628,7.9305,5.8001,-5.8314,7.525,5.893,3.7701,-1.9175,4.3103,2927.32,436.43,1697.9,241.43,5224.44,605.61,0.10272,0.01653,0.08271,0.01362,2750.4,855.5,22050,3.69,load,56.4
58,Oil Pressure Fault,-181.7595,19.6615,106.5532,14.2263,-4.8004,6.9524,12.0512,9.7231,-2.7908,8.2178,9.5309,5.1427,-4.9489,7.2211,10.1459,4.9578,-2.3545,3.525,6.7071,6.4293,-2.2403,4.3405,6.2123,4.6295,-0.9063,3.5264,1955.53,205.37,1301.64,198.47,3871.82,490.03,0.07501,0.01022,0.05959,0.01754,1236.4,1046.3,22050,2.71,revving,69.5
59,Brake System Fault,-179.8684,26.2962,102.2874,14.1967,-14.2562,8.9966,10.2798,11.6242,-12.1604,8.7305,10.3005,8.6368,-6.9597,6.586,5.1367,7.2659,-5.1804,5.8202,8.7712,7.0215,0.4102,6.1663,7.3115,4.0135,-3.2645,6.1082,2720.78,505.5,1643.21,272.05,5055.18,609.08,0.11212,0.02393,0.07904,0.01957,4310.0,1020.4,22050,4.19,load,70.1
60,Healthy,-200.7182,9.2313,113.4947,6.3285,-5.584,5.0885,13.6203,5.5169,-8.2997,4.2048,9.5001,4.3823,-2.1615,2.7947,6.9026,4.0708,-1.7908,3.4934,4.7236,2.0972,-0.5102,3.3273,4.9902,2.4604,-1.742,1.7036,1810.28,201.96,1025.81,112.07,3081.93,346.79,0.06644,0.01719,0.04243,0.01002,113.5,672.7,22050,2.81,load,60.5
61,Battery Fault,-191.1569,13.1551,113.8401,8.5044,-10.572,6.4459,9.3962,7.1827,-0.3534,5.0007,7.9858,5.7413,-2.4545,4.3556,5.6955,4.2972,-7.1728,2.4622,6.3145,3.7486,1.1782,5.1937,6.8925,3.6558,-4.0768,2.0361,1907.08,191.33,1151.08,119.27,3370.72,282.6,0.07354,0.01039,0.05552,0.01104,141.1,455.8,22050,3.92,revving,71.2
62,Brake System Fault,-176.779,23.7245,97.6456,17.7968,-20.2347,8.835,8.4851,10.0503,-9.4112,12.1121,10.7339,8.1862,-5.0541,8.9066,10.033,7.9937,0.2978,4.6123,6.7118,5.5035,-3.219,5.1952,8.7972,4.3422,-3.2083,5.4195,2686.35,334.64,1636.98,272.46,5297.33,755.95,0.11849,0.02533,0.07376,0.01942,2709.0,1001.5,22050,3.87,revving,73.5
63,Engine Overheating,-196.9056,15.0247,100.8664,10.9967,-12.2903,11.1524,7.0315,6.4336,-4.9563,6.1468,10.2862,5.053,-0.5979,5.7655,11.949,7.4039,-7.4017,7.8104,8.785,6.2036,-3.269,5.585,6.7016,5.0254,-2.9369,3.4717,2420.26,382.2,1621.48,189.76,4375.82,514.01,0.09305,0.02198,0.07518,0.01777,2664.7,1302.0,22050,3.59,idle,64.7
64,Battery Fault,-186.2826,16.7522,115.288,14.6527,-4.8445,5.7256,7.9814,4.3535,-7.0852,5.3804,5.7934,5.6732,-3.162,4.7558,10.0864,5.1456,-4.3862,2.9559,1.5184,3.5364,-0.4267,2.9248,7.8578,4.4454,-2.8929,4.1735,1931.74,202.92,1124.65,161.14,3406.52,322.0,0.06935,0.00899,0.05313,0.00694,133.3,1188.4,22050,4.29,revving,70.7
65,Battery Fault,-202.3232,14.9454,112.4465,12.0654,-7.5463,8.5157,12.6552,4.4047,-3.9744,5.3894,7.0208,6.4592,-2.843,2.9248,5.802,4.4821,-5.7181,3.6602,1.8372,3.9742,0.5524,3.4529,7.7944,3.4771,-4.1966,5.0548,1982.06,225.99,1277.43,139.81,3377.77,306.18,0.07953,0.01546,0.04588,0.00835,162.2,1056.5,22050,2.9,revving,52.7
66,Battery Fault,-190.5464,18.0628,109.5561,8.2331,-7.4196,6.4272,7.9767,6.9293,-3.2619,6.3947,7.9065,5.0756,-4.0212,5.1285,10.0789,5.8935,-5.3523,3.9508,5.4551,3.3905,-2.0952,5.5938,7.4708,3.4416,-5.0057,3.0504,1959.11,170.91,1133.98,135.32,3411.17,357.19,0.0692,0.01115,0.05024,0.009,179.2,991.1,22050,4.47,idle,66.7
67,Brake System Fault,-179.8503,19.5843,103.7524,17.1129,-13.5238,8.143,12.9962,10.1024,-7.2858,13.5129,11.0188,9.4723,-8.8841,5.5158,4.1074,5.8683,-1.5072,6.9295,10.5017,5.3656,-0.8234,5.2969,8.4987,6.6036,-2.4541,3.6188,2996.75,345.92,1699.86,265.64,5280.2,747.12,0.12046,0.02348,0.07643,0.02317,4745.7,808.6,22050,2.67,idle,56.7
68,Oil Pressure Fault,-192.7681,19.3114,110.8334,12.1703,-2.3152,8.1376,19.2885,5.5956,-10.3759,4.3405,11.4887,4.9086,-6.7358,7.0886,11.0311,4.2402,-0.6212,5.534,6.9636,3.7941,-3.9888,4.0428,5.1724,3.4382,-2.404,2.9371,2145.86,274.94,1358.33,196.31,3780.15,520.23,0.07629,0.01779,0.05512,0.01007,956.5,1629.4,22050,4.38,idle,78.0
69,Healthy,-203.9288,16.0344,105.2725,12.4556,-6.5617,6.1669,14.745,4.7089,-5.4645,4.6103,9.1698,4.0606,-2.768,0.9975,6.8927,2.0366,0.859,3.4738,5.9719,3.2807,-0.3023,2.4559,4.8211,3.511,-0.8172,3.4613,1837.17,180.27,1009.51,134.75,3228.35,229.68,0.06772,0.01473,0.04538,0.01287,37.8,606.1,22050,4.5,idle,72.4
70,Healthy,-202.5686,14.5791,111.2241,9.1187,-4.6556,4.3257,13.9207,5.4499,-6.6991,6.1324,8.181,4.0378,-5.7275,3.6755,6.7053,2.8114,-0.458,1.8365,5.919,3.6376,-3.0993,3.1601,3.5994,2.3669,-2.3618,3.4385,1843.73,149.55,1015.76,134.97,3305.19,214.19,0.05479,0.01093,0.03883,0.0136,38.6,1250.2,22050,3.31,revving,57.2
71,Healthy,-203.1493,10.0174,115.0711,11.2625,-6.0509,6.0178,13.2007,5.2416,-7.408,5.0768,9.0231,2.5475,-5.8992,2.8485,4.8008,1.5542,-3.8638,3.1222,4.9564,3.0515,0.8426,3.3256,5.6778,3.121,0.1639,3.9752,1891.13,174.01,1005.37,121.14,3218.05,348.66,0.06266,0.01509,0.04935,0.01141,99.5,891.5,22050,3.31,idle,70.2
72,Brake System Fault,-181.6541,17.1505,99.4175,17.5598,-11.8294,10.2587,17.9994,14.9142,-9.0773,9.081,17.0545,6.3305,-9.0343,5.9904,8.7157,8.3044,-8.1665,6.021,5.5657,4.0172,-5.8135,6.933,7.183,5.1631,-0.8777,5.4551,2833.51,519.15,1808.66,160.74,5221.06,783.0,0.11953,0.02187,0.07047,0.02019,4095.9,1108.7,22050,4.22,load,66.7
73,Healthy,-194.0616,21.4519,109.7043,6.7206,-5.0616,7.8872,11.1534,5.0494,-4.5641,5.4388,10.8388,5.9605,-3.6262,2.8057,5.3569,3.4866,-3.2333,3.079,5.5065,3.8319,-1.0567,2.6959,3.301,3.6132,-1.3769,3.035,1822.71,216.41,1093.24,93.65,3004.8,295.6,0.06493,0.0148,0.04822,0.01452,72.2,1214.1,22050,4.39,revving,51.6
74,Engine Overheating,-191.4749,11.4005,105.9251,11.3947,-13.2393,6.1191,9.8202,5.4817,-5.9939,6.4655,13.1419,7.0274,0.4567,5.8987,9.0508,5.5763,-5.9789,6.0132,10.0833,5.7356,-1.7454,5.3639,6.2982,4.0648,-3.5658,3.0684,2355.19,364.52,1474.16,251.34,4115.33,496.38,0.0879,0.0227,0.07605,0.01191,3031.4,1006.0,22050,3.65,load,67.7
75,Brake System Fault,-169.2945,21.4269,96.5524,15.6297,-8.4755,11.9413,15.6927,10.6227,-9.9786,10.1983,19.1464,7.7368,-8.5744,7.554,10.3529,8.5511,-7.0053,7.4307,6.1948,7.6963,-1.3619,5.7765,4.839,6.9549,-2.251,5.9338,2545.72,408.63,1817.35,187.46,5158.71,813.32,0.1019,0.02437,0.07555,0.01745,3156.5,980.0,22050,3.91,idle,67.1
76,Oil Pressure Fault,-197.0368,16.6742,109.4969,17.4021,-2.136,8.9491,15.3254,5.7011,-6.8131,4.3192,9.1778,4.4072,-6.6229,6.1642,8.3612,6.268,-2.6172,4.478,8.1188,3.306,0.362,2.265,5.9211,4.4305,-1.8371,3.6312,2006.45,253.63,1348.67,164.92,3902.37,462.52,0.0776,0.0187,0.05903,0.01316,1438.0,900.5,22050,4.4,idle,67.2
77,Clutch Slip,-184.1025,18.6005,106.1482,13.0741,-8.3328,9.8107,15.4292,9.3136,-4.1708,5.1678,10.6859,5.4998,-3.2854,6.3225,3.6785,5.3855,-2.6055,5.2557,7.1183,4.1082,-0.7226,4.2367,4.6815,3.9966,-1.636,4.0525,2096.73,177.09,1242.33,148.25,3643.93,324.35,0.06867,0.01631,0.05887,0.01027,33.6,1847.9,22050,4.28,revving,49.4
78,Engine Overheating,-186.6393,20.2076,102.6386,11.546,-10.7346,6.0375,7.4688,9.2774,-4.7302,5.0922,8.4425,7.0749,-2.2245,6.0251,4.0956,5.0046,-5.7056,6.8528,9.4608,5.6129,-6.5735,5.7949,7.6057,3.3252,-1.6839,4.2967,2405.38,323.67,1460.91,233.59,4271.7,536.69,0.10786,0.01559,0.07135,0.01616,2885.9,798.2,22050,2.87,idle,64.1
79,Healthy,-199.5236,12.9793,109.1534,11.5421,-5.6706,8.8488,11.6452,4.183,-1.6089,3.7099,9.3638,3.7442,-3.2865,2.1442,6.2764,4.1704,-1.8373,3.9047,4.3366,3.083,-0.3158,3.3823,3.806,3.0437,0.1542,3.1963,1684.67,163.73,1010.44,89.63,3168.44,325.3,0.05826,0.01313,0.05065,0.01067,72.3,1160.8,22050,4.17,idle,62.9
80,Engine Overheating,-189.017,21.1462,105.6699,10.9454,-9.2144,13.5971,10.6531,9.6786,-3.6027,4.8547,13.3839,5.6153,-1.431,8.3774,6.259,6.4547,-2.8787,6.4099,7.0102,5.2079,-4.6301,6.5705,6.2563,5.0704,-2.3753,4.7128,2518.48,266.24,1630.99,324.1,4470.09,417.16,0.08929,0.0112,0.0606,0.02175,3409.0,1707.3,22050,4.18,load,62.7
81,Brake System Fault,-181.802,26.8813,104.0854,22.1696,-15.376,11.3292,13.3569,10.6239,-8.8951,8.5144,14.7246,7.2862,-6.2834,5.7929,12.0238,9.454,0.8685,8.1852,7.9936,4.9232,-5.1405,5.9484,4.8899,5.7973,-1.4969,3.6942,2758.42,453.22,1850.28,290.87,5238.82,717.8,0.11149,0.02601,0.07925,0.0179,3812.1,986.2,22050,2.78,load,66.9
82,Healthy,-206.5337,20.7226,114.4479,9.8901,-3.1888,7.2637,13.9415,5.7169,-1.9852,5.3253,7.2111,2.85,-1.4869,2.9204,7.6304,2.9873,-1.4646,2.5333,5.5578,1.6807,-1.2222,2.2272,4.0666,3.0912,-1.1011,3.1224,1688.16,152.42,1044.09,127.74,3125.52,210.27,0.06855,0.0138,0.04935,0.01257,116.6,1168.6,22050,2.57,idle,68.5
83,Healthy,-199.5998,8.7749,112.0807,9.4799,-6.0035,6.8664,16.5363,3.5297,-1.8709,5.7387,9.0162,2.9369,-2.9031,3.3709,6.9754,2.7315,-2.6124,2.5329,5.6878,3.351,0.0186,2.5421,5.4144,4.4954,-0.8844,3.6935,1709.16,244.49,1072.95,142.35,3125.44,213.93,0.06446,0.01401,0.04659,0.00918,30.7,1320.8,22050,3.98,revving,71.1
84,Oil Pressure Fault,-183.0956,15.7592,107.1675,12.9804,-8.2974,10.0215,14.233,7.2216,-8.6619,6.5821,13.24,5.7224,-6.3677,6.1354,9.4112,5.0166,-2.2596,5.6414,8.3377,5.2345,-3.9243,3.9131,4.1025,4.5902,0.8068,3.7074,2176.04,264.31,1308.07,217.85,3793.18,377.4,0.07717,0.01938,0.05365,0.01105,1545.1,1146.4,22050,3.78,load,63.5
85,Healthy,-203.183,14.5469,112.4612,8.8728,-6.6017,6.7328,9.858,3.9579,-3.7367,4.8485,10.1835,5.3522,-1.3757,3.5918,7.1099,3.7106,-2.6184,3.1223,4.7412,2.7263,-1.7601,3.2593,2.4104,1.8493,0.0518,3.2475,1824.64,177.01,1067.17,111.34,3057.15,233.62,0.07075,0.01135,0.04903,0.00837,43.8,1116.0,22050,3.38,revving,69.4
86,Clutch Slip,-184.931,14.9421,109.3881,11.1512,-0.6872,8.6409,15.278,6.7908,-7.4766,4.3757,11.5357,7.4244,-3.0654,4.2977,7.2254,4.558,-3.045,5.6942,6.2467,5.7111,-1.3805,3.1949,5.1344,3.2067,-0.8625,4.3492,2009.18,176.85,1270.29,157.27,3768.41,307.06,0.08656,0.01697,0.04773,0.01041,32.4,2014.7,22050,3.65,revving,76.1
87,Healthy,-199.0715,15.6119,112.6121,7.0843,-5.3713,5.2976,14.6708,4.5384,-5.9476,4.9964,10.076,4.2104,-4.3513,3.5813,6.3053,2.1412,-3.7708,3.7787,6.593,2.677,-1.3011,2.9692,2.6876,3.0806,-0.4219,2.748,1792.93,168.89,1086.59,103.56,3060.9,339.85,0.0629,0.02073,0.04585,0.01356,97.7,1629.0,22050,3.19,revving,54.0
88,Brake System Fault,-173.9945,26.388,108.364,18.4076,-13.2656,10.7021,18.0433,13.2055,-7.9143,10.1445,16.2411,9.9218,-3.1421,8.1711,13.2436,5.7718,0.1149,7.1086,4.765,6.1511,-2.3229,4.419,7.0521,2.8147,0.9751,4.741,2779.43,457.43,1750.94,227.19,4706.21,747.5,0.12199,0.02283,0.06398,0.0213,3588.0,1130.0,22050,2.58,idle,60.7
89,Brake System Fault,-171.0531,26.5762,98.9312,15.087,-19.9568,13.616,14.2519,9.422,-10.8187,8.2802,14.157,7.3866,-2.7005,7.903,9.8949,8.8087,-6.9573,7.1932,9.6565,6.9792,-3.8947,4.5592,3.75,5.493,-2.1499,4.8251,2801.17,396.99,1707.46,311.47,4825.81,565.66,0.1036,0.02329,0.08236,0.01695,3702.0,1017.8,22050,3.74,revving,58.7
90,Brake System Fault,-170.4258,19.8179,92.1662,8.5379,-15.2139,11.2624,14.3673,15.2957,-12.0101,7.9251,6.6394,9.8538,-7.4587,4.4815,8.5972,9.0356,0.8145,6.6505,9.3085,5.4899,-3.4703,5.3739,9.7328,4.2976,-5.538,3.8724,2705.98,410.09,1702.28,287.76,5141.25,641.6,0.1208,0.02036,0.07085,0.0237,3638.9,1068.3,22050,4.48,revving,67.7
91,Clutch Slip,-187.5663,23.2399,111.0425,13.8212,-2.147,9.5998,14.7854,5.4108,-6.1972,4.1923,13.2029,5.1892,-5.7817,6.7882,6.1006,4.588,-3.0315,4.7989,7.9389,5.5815,-3.4145,4.6136,4.5734,3.5291,-0.2203,4.32,2066.97,191.16,1262.48,130.39,3723.16,323.52,0.07733,0.01694,0.05301,0.01304,23.0,1808.5,22050,3.11,load,49.0
92,Engine Overheating,-182.6695,17.2292,107.8852,15.8354,-10.8646,9.7341,11.0066,9.5085,-1.2762,9.0319,14.5693,6.1108,-0.5214,7.1134,10.216,2.6621,-0.3253,6.4878,8.4561,5.2954,-4.4611,4.9991,5.4742,3.3252,-1.8341,4.3033,2552.92,332.64,1509.42,249.49,4464.18,595.69,0.0934,0.02036,0.06341,0.02282,3373.8,1059.9,22050,3.37,revving,64.5
93,Engine Overheating,-190.82,17.6883,97.3545,20.8263,-10.2224,8.1168,12.5454,7.4006,-1.3626,6.3839,14.8521,6.1176,-0.6357,4.8165,10.3995,5.8933,-6.5783,8.1902,7.6991,5.0176,-1.3233,4.0743,4.5225,3.4949,-0.4727,3.2396,2701.52,332.95,1548.37,247.72,4208.04,520.5,0.09106,0.01979,0.06392,0.02068,3016.5,1331.4,22050,3.53,revving,49.7
94,Oil Pressure Fault,-189.1523,23.8451,111.5904,12.3891,-8.3227,8.5224,17.9608,9.6552,-7.8752,6.1952,11.0787,5.1245,-5.4597,7.9423,6.9429,5.1421,-2.9833,5.9288,7.4717,3.6251,-3.4215,4.4612,4.9499,3.6324,-2.8452,4.2231,2087.35,276.53,1337.99,156.26,3694.55,386.04,0.08409,0.01825,0.04835,0.01653,1270.8,706.9,22050,2.97,idle,61.5
95,Engine Overheating,-182.5745,18.3507,104.474,11.7266,-12.0349,10.5868,12.3819,9.0133,-3.5644,7.5627,15.7996,8.2273,1.8572,4.3717,5.9454,6.984,-4.2474,1.726,9.3675,6.1294,-2.3809,5.1696,3.9097,4.8875,1.5689,6.0966,2457.24,328.85,1576.51,191.46,4221.05,577.7,0.09724,0.01801,0.06469,0.01224,2730.2,1580.0,22050,3.58,revving,57.9
96,Oil Pressure Fault,-195.7109,21.689,101.6116,11.4666,-5.1008,5.4418,19.3658,10.1936,-6.7944,8.8028,10.7219,6.8191,-2.4671,8.736,8.5399,7.4608,-0.8979,6.7063,7.2341,5.4836,1.3,3.5825,3.4372,5.9277,-3.7535,4.8407,2074.08,245.31,1224.84,175.95,3682.51,418.25,0.08468,0.01142,0.06162,0.01548,458.8,761.4,22050,4.21,load,50.4
97,Battery Fault,-193.8192,11.5137,113.7796,8.1286,-9.8367,8.9044,11.0338,6.1675,-1.9892,7.0506,8.6514,3.9103,-2.0442,4.2792,8.7911,5.7122,-6.0083,5.5372,5.7694,2.7015,-0.9311,4.6243,7.6693,5.3087,-4.4288,2.7501,1994.82,187.8,1165.4,158.95,3292.54,239.21,0.06777,0.01495,0.04852,0.00851,67.5,906.3,22050,4.43,load,68.0
98,Oil Pressure Fault,-185.9523,16.2571,110.7355,8.0096,-8.4896,9.987,19.298,8.7904,-8.7285,6.0997,10.212,4.5294,-2.7564,8.4869,7.0883,2.7218,-4.4005,4.7983,5.9973,6.2701,-0.5426,3.3297,6.7227,5.3829,-3.3871,3.8107,2130.09,305.16,1234.26,171.3,3761.02,363.71,0.08087,0.01847,0.05997,0.01655,1007.6,587.3,22050,3.94,revving,53.2
99,Oil Pressure Fault,-187.8419,15.2261,110.9757,9.5822,-9.8012,9.0533,11.8306,8.5185,-9.0915,3.7019,8.4559,7.3134,-4.1602,6.6819,3.0775,4.4681,-1.9494,4.7316,8.4405,5.5046,-2.7879,4.7828,7.136,4.6203,-0.0749,3.0281,2131.95,260.49,1266.19,170.88,3766.46,497.52,0.07625,0.01668,0.05679,0.0144,1162.5,970.9,22050,2.56,load,60.8
100,Oil Pressure Fault,-180.9959,12.8555,117.9209,17.4008,-6.3498,10.2816,19.8868,7.9022,-9.7099,8.163,9.4915,6.6207,-5.6795,4.1438,7.1589,5.5346,-4.9682,6.6483,3.4127,4.0999,-1.6291,4.1496,6.1215,4.1294,1.284,3.6136,2165.21,224.89,1383.07,174.57,3811.78,419.59,0.07687,0.01479,0.04969,0.01221,1155.8,815.5,22050,2.57,revving,66.9
101,Engine Overheating,-186.8037,14.6735,113.9267,12.375,-1.8393,8.3472,7.0165,7.6029,-5.0309,8.0628,10.7564,7.0491,0.7146,5.8921,10.4433,5.3058,-1.9946,8.0476,7.6711,4.0451,-2.7386,6.772,5.7639,5.2011,-3.1725,3.8906,2553.14,335.09,1491.81,291.85,4300.46,532.8,0.09352,0.01676,0.06627,0.02024,2858.6,1525.7,22050,3.1,revving,53.2
102,Clutch Slip,-187.533,17.4718,99.3466,12.6972,-2.3869,9.0716,11.8174,8.9568,-8.1864,6.5446,14.568,7.9403,-0.4791,3.7932,7.3485,5.192,-1.5137,3.8388,6.5757,4.1979,-2.103,2.7343,5.9295,2.4854,-0.4078,3.0182,2008.65,240.57,1275.92,130.41,3406.3,350.76,0.07917,0.0105,0.0616,0.01414,14.2,2077.3,22050,2.68,revving,51.7
103,Engine Overheating,-171.713,13.4759,104.4562,9.6797,-14.0415,12.7398,10.4223,7.6308,-3.4267,5.8368,10.6754,7.7507,-1.6216,5.5507,9.6258,6.1337,-4.3414,5.4099,7.2581,5.4663,-3.5884,4.7971,5.0598,3.9326,-1.2496,2.5449,2469.2,351.01,1522.14,208.68,4450.82,596.78,0.0887,0.02186,0.06632,0.00943,3063.3,1154.8,22050,2.76,revving,63.8
104,Clutch Slip,-176.0474,15.7173,103.6738,8.7941,-7.9055,9.6702,12.1081,4.5709,-6.5192,5.5306,12.2667,5.3972,-3.3087,4.8909,5.015,3.9469,-0.7049,5.3574,6.3259,4.978,-4.3043,3.7781,5.6008,4.5902,0.4728,4.3141,2099.74,201.8,1328.93,137.08,3686.27,327.82,0.08477,0.01466,0.05722,0.01037,46.7,1699.7,22050,3.73,idle,75.6
105,Healthy,-194.2628,17.3923,114.5048,9.4448,-4.4132,2.8481,12.5487,4.2088,-2.8607,4.8843,10.1498,4.1776,-1.7676,3.5439,7.0883,3.3551,-1.9046,2.7817,5.618,3.9885,-0.0007,2.5773,4.9859,2.5674,-4.0709,2.4702,1792.67,142.6,1059.19,142.26,3098.81,301.13,0.06092,0.00755,0.04418,0.00948,87.1,605.1,22050,2.78,load,66.2
106,Brake System Fault,-174.8062,16.4658,101.5701,10.5932,-20.0674,11.6934,18.4292,11.639,-3.998,10.5865,14.8123,5.4801,-7.5509,7.3327,5.6125,5.378,-7.5974,6.1399,8.4945,7.5039,-2.7873,5.6485,5.2755,6.3741,-1.4504,5.7845,2662.06,328.34,1776.06,287.11,5361.5,618.34,0.11336,0.02267,0.08569,0.01699,4183.9,857.7,22050,2.56,revving,61.5
107,Healthy,-188.2778,15.1308,106.407,9.7651,-7.3396,5.014,12.7272,4.1603,-4.1755,5.3243,10.3067,4.5351,-2.2806,2.1919,6.7438,1.8486,-1.3355,3.0171,5.3193,2.9589,-0.6522,1.7901,4.368,4.0664,-0.5804,2.7422,1852.88,189.43,1064.23,156.1,3140.85,253.59,0.05794,0.01717,0.03679,0.00992,51.7,929.9,22050,3.78,load,74.2
108,Battery Fault,-196.8166,15.9186,112.838,11.0036,-6.5453,7.3513,13.8089,5.3714,-4.21,4.557,10.7375,6.2724,-3.8684,2.9763,10.5917,6.0312,-4.2464,2.8282,4.2024,3.4798,-1.3652,3.8537,4.718,3.457,-3.7604,2.3213,2040.91,250.33,1144.6,128.74,3334.04,265.52,0.07551,0.01017,0.05227,0.01126,147.5,800.6,22050,4.23,load,57.7
109,Engine Overheating,-175.6519,15.2052,101.2067,15.1405,-8.6575,7.6865,15.4015,7.3711,-0.4218,7.6965,10.0688,6.8735,-6.1262,7.2188,10.2084,7.1891,-5.6937,5.8107,5.6327,4.2899,-1.595,5.5539,7.918,4.8713,-1.7296,2.0016,2591.82,331.92,1741.31,296.09,4406.52,541.95,0.09323,0.01582,0.06173,0.01596,2402.9,1135.9,22050,2.72,revving,48.5
110,Clutch Slip,-192.6984,18.5981,103.8322,11.9272,-11.4121,7.7414,13.7045,7.9792,-3.632,4.789,11.6491,6.1566,-4.4034,5.3484,8.1716,4.1062,-0.0813,6.6433,3.9179,5.6015,-2.8522,4.6793,3.9659,3.0976,-0.2521,3.6056,2078.71,206.82,1209.21,99.16,3754.94,358.26,0.06689,0.01181,0.05304,0.01519,40.7,1972.1,22050,3.79,load,75.2
111,Healthy,-195.8524,12.3697,105.5659,9.6919,-7.376,4.2072,12.6008,6.1508,-6.5605,4.6795,8.3581,3.3108,-3.7318,2.8723,7.9265,3.0683,-1.1019,2.8762,5.0939,2.0571,-0.5513,3.5318,4.0809,3.6169,0.2365,3.095,1805.48,232.44,1022.91,127.25,3253.78,255.0,0.07128,0.01446,0.04063,0.01239,104.4,930.9,22050,3.82,idle,50.5
112,Engine Overheating,-180.1648,21.7154,102.6676,12.76,-4.4859,10.1518,6.1179,9.3169,-5.6716,4.9847,12.0044,8.9938,1.0817,7.7686,11.8433,5.676,-2.7914,8.1739,11.6155,3.5027,-2.34,4.4088,7.4063,4.5992,-1.8941,3.4967,2497.47,319.46,1534.81,227.32,4361.69,526.7,0.10118,0.00926,0.06403,0.01467,3086.8,1451.0,22050,4.09,idle,73.0
113,Brake System Fault,-170.8776,30.3173,103.9156,18.0033,-11.0965,9.9611,13.2538,9.3191,-7.2625,10.402,13.963,7.5802,-4.3587,6.6087,9.9404,6.3129,-3.016,5.7744,4.7635,6.6709,0.037,5.5178,2.6664,6.1553,-1.675,7.3539,2959.18,371.45,1750.76,302.75,4986.6,844.28,0.12117,0.0214,0.08796,0.01513,4055.5,172.6,22050,3.9,idle,68.6
114,Brake System Fault,-174.1877,23.7601,103.4814,17.583,-16.6139,10.6024,16.1543,11.7815,-9.7301,10.4103,11.8707,7.0082,-8.2678,5.6705,6.5488,6.1073,-0.3997,7.0514,11.7803,3.8834,-1.2893,6.8263,4.0761,5.1868,-1.663,5.4057,2706.46,427.44,1836.87,237.86,5022.16,742.45,0.10712,0.02939,0.07813,0.02369,1490.5,1299.7,22050,3.84,revving,65.7
115,Healthy,-189.7573,11.9174,114.9893,8.8777,-10.9635,6.7981,13.1101,4.2597,-5.2539,7.7655,8.0721,4.8107,-3.1555,3.1209,8.0127,3.5708,-1.5542,2.4058,5.3033,3.1394,-1.6229,2.363,5.2895,2.3087,-0.2732,2.5562,1816.35,127.36,1081.85,114.51,3020.44,363.6,0.06189,0.01462,0.04365,0.0127,56.6,1100.5,22050,4.47,revving,67.2
116,Brake System Fault,-160.5212,19.9732,103.4439,15.5503,-15.8476,11.661,21.773,8.1425,-7.1967,9.9777,12.4264,7.5288,-7.9031,6.4321,7.6053,8.3344,-5.4502,7.4504,10.6671,4.8254,-4.8879,6.0645,6.0617,5.9888,-0.6028,5.3279,2925.03,383.48,1760.35,330.49,5597.41,641.02,0.11247,0.03297,0.07873,0.0144,3932.0,1478.2,22050,4.33,load,63.0
117,Healthy,-196.6568,12.7368,110.4034,7.7963,-4.3283,6.438,8.5121,6.0025,-4.1713,2.2318,11.3573,5.5231,-2.8355,3.4182,6.632,2.7357,-0.7312,2.7629,4.5546,3.3032,-2.4519,2.7513,4.869,1.9337,-1.1389,2.7485,1737.9,146.22,1015.58,107.11,3028.97,268.19,0.05989,0.01105,0.04418,0.01153,25.3,1038.5,22050,3.53,idle,71.5
118,Battery Fault,-199.9996,16.054,109.133,13.1556,-2.8366,8.0353,11.0038,5.5011,-5.4648,4.7834,6.542,4.3835,-0.1823,3.7071,10.3051,6.0313,-4.7981,4.3019,5.2388,3.352,-1.3283,4.5365,5.1641,3.6034,-2.4241,4.4491,1942.72,190.01,1197.47,146.01,3384.79,302.07,0.07455,0.01148,0.05252,0.01256,140.0,467.6,22050,3.47,load,50.2
119,Engine Overheating,-180.0349,13.5254,108.5742,13.3056,-10.9246,8.2871,11.1159,6.1687,-2.2314,6.6604,15.979,4.1776,-0.6027,5.1644,11.038,7.1201,-6.9224,7.6733,7.213,4.7519,-4.2542,2.7184,5.274,2.9733,-4.3469,4.897,2553.72,333.69,1452.6,268.4,4312.41,498.72,0.08911,0.02039,0.06362,0.01482,2724.6,1782.8,22050,4.07,load,64.6
120,Brake System Fault,-186.5257,22.6304,91.1383,13.8254,-9.0875,14.5081,17.7608,11.3347,-9.063,9.1742,13.0722,8.4752,-7.9785,7.2572,5.5472,4.7503,-1.2936,11.1618,8.3706,6.0437,-0.1781,4.3897,4.2358,5.7116,0.466,5.5802,2755.56,506.08,1706.39,274.22,5006.79,557.67,0.11302,0.02435,0.07715,0.02225,3183.1,1261.2,22050,2.56,idle,65.2
121,Healthy,-200.0773,13.401,113.2558,9.2144,-4.7005,5.4276,14.1557,5.0896,-3.8907,4.2771,10.2176,3.1912,-0.6931,2.07,6.5088,2.9496,-0.4179,4.0364,3.9563,3.7202,-2.5,4.0887,3.4939,3.3387,-0.7545,2.4899,1783.71,191.33,1008.15,127.16,3088.22,247.8,0.06715,0.01204,0.03671,0.01256,41.1,921.7,22050,4.12,revving,56.6
122,Engine Overheating,-178.5247,15.8613,101.6336,12.7844,-9.0647,10.1341,14.3442,8.4902,0.8967,5.4634,11.1555,5.6345,-0.6524,4.8819,11.0768,6.0081,-3.4626,6.3686,7.4839,6.0693,0.6852,5.5407,6.2729,4.4547,-2.7996,3.3512,2389.65,343.64,1543.48,284.83,4086.03,564.41,0.10496,0.01533,0.06999,0.0179,2920.4,374.5,22050,2.68,idle,70.5
123,Battery Fault,-199.478,19.2481,112.561,10.5493,-4.7871,7.2928,12.2676,6.9194,-7.1265,8.1038,9.104,6.9579,-2.9366,2.7537,10.0786,3.4343,-5.8598,3.9758,3.2547,4.0934,-0.9844,3.8318,6.3029,5.0833,-2.8988,4.2074,1967.08,179.5,1170.62,188.66,3326.24,373.15,0.06515,0.01363,0.04728,0.0106,173.6,1059.4,22050,4.12,idle,68.6
124,Battery Fault,-186.9856,18.0461,118.5349,9.5719,-10.1715,6.4813,13.0984,5.6278,-5.8542,5.8378,7.0366,4.3117,-3.7871,4.4175,9.2173,5.9566,-5.4943,4.1772,6.6809,3.2759,1.6619,4.168,6.806,4.4553,-2.5772,3.7732,1951.35,224.17,1251.39,165.66,3505.58,338.45,0.07369,0.0106,0.04844,0.00883,176.7,438.0,22050,3.61,revving,64.0
125,Clutch Slip,-188.3216,19.4672,102.1111,16.6477,-2.4525,10.0697,12.7452,6.5879,-4.0642,5.3526,8.8872,3.8173,-5.3971,4.8436,5.4253,3.3274,-4.0142,6.0116,5.4771,5.2735,-3.4965,4.1175,5.754,2.9622,-1.7027,3.7063,2084.32,200.14,1178.54,146.91,3795.06,407.11,0.07505,0.01247,0.04991,0.01103,34.1,1507.8,22050,4.0,idle,76.4
126,Oil Pressure Fault,-180.8372,18.0522,102.1365,13.7854,-1.001,8.7223,19.9454,6.2954,-2.4707,6.3597,8.1255,5.4162,-6.1961,4.1489,6.4884,2.6959,-0.8332,5.6236,6.0346,4.2462,-0.0301,3.193,6.3151,5.0744,0.053,4.0286,2172.84,245.94,1381.48,163.23,4088.67,473.26,0.08138,0.01987,0.06199,0.01226,822.1,1259.1,22050,2.57,load,52.0
127,Engine Overheating,-168.1842,18.1098,106.8475,11.637,-6.3173,6.5765,10.8734,7.9625,-3.1258,7.15,10.7827,5.5998,1.3074,7.7018,11.5336,7.5827,-3.493,3.3828,6.3494,5.5531,-6.9519,5.2037,6.5586,4.2892,-3.3993,3.7685,2424.02,334.22,1506.15,172.59,4675.59,550.03,0.09383,0.01814,0.06955,0.01687,3135.2,861.4,22050,2.89,load,67.3
128,Battery Fault,-192.0882,19.8988,111.7494,12.2313,-12.2375,6.9523,10.9582,7.2505,-4.6811,7.1186,3.6363,6.1269,-4.3753,4.8359,10.4947,4.4061,-5.4494,3.8425,6.1863,3.6357,-0.4357,4.123,8.0102,4.2101,-2.2687,4.6494,1986.95,222.52,1176.08,139.73,3320.63,331.37,0.0691,0.01261,0.04895,0.01129,169.5,675.5,22050,4.08,load,61.7
129,Battery Fault,-192.5986,17.4083,110.4355,9.8493,-8.0618,5.4926,10.8032,7.4171,-5.9887,3.7378,9.9023,4.9244,0.2951,3.0044,10.85,5.3492,-6.5322,4.3473,8.1164,4.7446,-0.5817,3.7907,5.3152,3.0217,-3.41,4.7733,1935.4,251.47,1144.58,119.56,3394.05,300.68,0.08031,0.01492,0.0495,0.00868,177.6,1482.0,22050,2.51,idle,76.5
130,Brake System Fault,-178.8912,23.3789,97.448,15.8299,-14.4247,14.0406,11.5591,10.1731,-4.3088,11.8877,11.6746,7.8961,-1.1917,8.9537,7.3494,5.8374,-3.3754,5.9225,7.41,6.578,-6.1446,6.4659,8.0514,4.9102,-0.3207,4.5062,2761.53,301.15,1513.79,239.27,5105.92,689.83,0.11322,0.024,0.0778,0.0205,3126.3,392.4,22050,2.87,load,64.9
131,Oil Pressure Fault,-194.5368,17.9064,113.8209,12.8731,-9.528,8.7611,17.6669,8.0588,-7.3112,6.9061,12.7165,4.5464,-4.3093,8.9041,8.0997,5.867,-4.1432,4.5226,7.2225,4.9678,-3.2735,4.6857,4.4227,4.613,-1.0469,5.1409,2112.28,220.49,1384.03,144.29,3810.73,404.81,0.08808,0.01763,0.05805,0.01732,1236.5,1004.0,22050,4.5,idle,74.3
132,Clutch Slip,-191.3293,19.3219,109.1301,13.5201,-0.2212,8.5506,10.0006,6.3578,-6.9839,5.9286,7.9704,7.2979,-6.1525,5.5008,9.5363,5.7083,-2.6458,5.0757,8.894,5.788,-3.8079,4.5074,3.5182,4.6678,0.1407,6.0945,2073.08,215.07,1248.67,175.83,3708.53,367.24,0.08471,0.01675,0.04806,0.01104,34.2,1791.5,22050,3.74,idle,71.0
133,Brake System Fault,-169.3668,26.0559,97.5562,19.5043,-8.1879,11.4755,18.796,8.5915,-11.5036,9.8926,8.0471,7.1124,-6.0707,8.0317,12.5454,8.4707,-6.9722,6.6239,9.0372,5.5923,-1.9623,4.8708,5.4329,7.7377,-2.677,4.9775,2921.76,403.99,1870.73,391.34,5175.09,1000.25,0.11217,0.01345,0.08112,0.0227,2782.6,602.7,22050,4.38,idle,59.8
134,Oil Pressure Fault,-192.12,25.8409,114.7922,13.5412,-6.4104,11.6807,17.4485,5.7269,-6.3597,7.7153,10.6073,7.2286,-5.7894,3.9562,9.9805,4.0355,-3.6745,5.3326,4.6698,4.9054,-3.4211,3.4926,3.6347,3.0674,0.1992,4.557,2130.19,228.81,1254.76,111.98,3777.06,398.71,0.08372,0.01899,0.05674,0.01319,964.2,1284.5,22050,3.55,load,48.5
135,Battery Fault,-193.6864,12.9598,108.6957,13.9852,-6.0511,6.5114,10.9041,6.9386,-5.76,4.9622,9.4723,4.173,-1.6913,2.4404,9.1191,4.8716,-2.3412,4.1808,4.3513,4.4275,-0.6865,3.2349,7.0226,5.5558,-2.3837,2.8059,1926.11,211.94,1176.59,170.46,3343.86,374.76,0.0703,0.01308,0.05324,0.00687,115.3,991.0,22050,2.72,load,64.3
136,Battery Fault,-200.3197,17.8085,119.1527,10.3993,-9.0778,8.8479,12.5094,7.2204,-1.8988,4.9245,9.7847,6.8315,-2.483,4.7317,8.3107,6.473,-4.176,2.9912,5.302,3.6014,0.1954,3.8855,6.8748,4.5399,-3.6137,1.8468,1908.88,182.83,1244.0,106.22,3540.24,307.18,0.07493,0.0126,0.04841,0.00888,224.7,1164.5,22050,3.57,revving,74.4
137,Clutch Slip,-184.6979,19.9878,100.0892,8.6959,-6.4091,10.2477,16.6772,6.5085,-5.8516,4.6615,11.7179,6.3779,-5.081,4.8981,8.8668,6.7206,0.3872,7.6049,4.9349,2.7916,-1.8492,3.097,5.7303,3.7326,-2.0192,3.9659,2128.56,232.99,1260.01,140.32,3536.38,359.48,0.07593,0.01209,0.05634,0.01202,28.7,1827.3,22050,4.33,load,63.3
138,Oil Pressure Fault,-184.943,19.459,113.8486,18.3394,-10.0879,11.2083,14.277,8.6049,-6.2335,6.2935,8.8508,6.2554,-6.2323,6.8592,5.4075,4.8373,-0.564,4.8445,5.3882,4.9363,-3.3863,4.6361,5.1807,3.8151,0.001,3.9448,2068.08,238.02,1278.53,150.66,3927.66,378.75,0.07859,0.01888,0.05094,0.01087,992.8,1123.1,22050,4.32,load,70.7
139,Clutch Slip,-198.7784,19.3464,111.865,17.4225,-5.5475,8.9582,14.2586,7.1109,-1.5602,8.3547,14.0982,4.5121,-4.3996,5.796,8.196,3.3292,-2.5492,7.0503,8.9322,5.887,-1.8323,4.0345,5.4671,3.6379,-1.6024,4.1762,2198.43,240.52,1274.51,187.31,3826.06,402.41,0.07283,0.02034,0.05791,0.00913,28.6,1945.2,22050,2.63,idle,52.7
140,Clutch Slip,-193.1659,18.8654,105.851,14.1992,-4.9236,9.0164,14.3918,8.0899,-6.436,3.9563,12.1143,4.3244,-2.5767,6.2207,9.8137,6.2688,-1.0441,4.1648,3.7802,2.8153,-1.8221,4.3877,5.5133,3.9661,0.4028,4.2563,1955.04,174.35,1320.28,172.78,3502.49,406.91,0.07588,0.01863,0.05221,0.01483,41.5,1383.6,22050,3.81,idle,67.5
141,Clutch Slip,-197.8017,14.5172,105.7893,12.5728,-8.4054,10.7599,9.6938,5.5435,-9.8881,5.7959,10.3507,6.8803,-4.8499,4.9507,7.716,4.9928,-3.7022,4.3366,6.3292,6.1113,1.5544,3.1331,3.72,3.8926,0.2231,4.1971,2019.33,248.18,1195.56,151.06,3565.37,288.5,0.07098,0.013,0.05102,0.0083,13.9,1947.3,22050,4.38,load,67.9
142,Oil Pressure Fault,-188.0825,20.7285,100.7751,11.4654,-4.1404,12.4915,13.1346,5.2081,-6.3189,8.9422,10.3209,5.1525,-6.4572,7.2059,12.3616,6.4098,-1.9056,5.4786,6.8172,5.1297,-2.1785,2.5277,1.6104,4.3767,-1.2565,3.442,2132.22,256.22,1262.82,146.68,3941.93,355.62,0.08256,0.01603,0.05538,0.01221,1143.8,1631.2,22050,4.16,revving,64.8
143,Oil Pressure Fault,-177.5815,24.2748,96.8505,16.688,-6.1109,6.9757,14.2806,10.028,-6.6217,6.3455,8.3027,5.7217,-5.7,4.7752,5.0421,3.9713,-2.6082,2.6775,5.1524,7.3471,-1.3132,5.4928,6.3882,4.8169,0.0186,3.5347,2135.52,306.59,1333.86,171.2,3838.26,511.87,0.07447,0.02203,0.05565,0.01242,1006.0,1782.1,22050,3.26,idle,64.1
144,Healthy,-203.7677,12.0392,108.673,6.304,-6.1323,6.508,9.7045,3.7663,-3.2429,5.5224,10.7316,3.2358,-5.5495,1.9199,7.2955,2.1639,-0.4814,2.9751,5.4081,3.356,0.1176,3.0531,4.3769,1.8327,-2.2509,3.2462,1785.75,168.3,1020.36,132.1,3115.5,262.18,0.07192,0.01306,0.04007,0.01364,40.2,1190.5,22050,2.84,revving,73.2
145,Clutch Slip,-204.4099,22.1419,107.7658,15.4742,-3.6472,10.0483,12.2308,4.3925,-6.243,7.8602,14.7012,7.4306,-3.6413,3.8623,10.7093,3.935,-3.0074,4.7274,6.8708,5.5844,2.0169,5.2279,4.8651,3.7531,-2.716,4.6207,1939.27,168.27,1253.77,164.85,3604.07,373.4,0.07562,0.01936,0.0559,0.01101,20.6,2225.3,22050,3.73,revving,61.2
146,Battery Fault,-197.4052,23.702,110.9249,7.9471,-11.8688,4.1612,12.5577,8.3192,-3.5501,4.7075,6.0618,5.7942,-3.8067,3.5245,8.417,6.1376,-3.9049,5.1743,8.3207,3.8748,1.8686,5.3029,7.4057,5.2107,-1.4532,5.4199,1786.7,172.29,1124.68,146.66,3405.63,242.73,0.06991,0.01341,0.04846,0.01002,132.2,742.3,22050,4.11,load,65.7
147,Clutch Slip,-189.5591,21.4287,112.1488,8.996,-8.5098,4.0344,8.286,5.3929,-4.2358,6.6173,7.1545,6.8726,-5.1392,5.1656,8.0272,4.6878,-0.9165,3.4711,6.9833,6.3705,-2.5708,3.4815,3.5973,4.1607,-0.5414,4.2279,1909.65,274.2,1302.01,155.13,3704.25,268.92,0.08005,0.01269,0.05552,0.00937,26.1,1685.5,22050,3.9,idle,57.6
148,Battery Fault,-198.7095,20.1305,116.0837,11.3887,-2.4063,7.483,9.7073,8.1051,-4.6984,4.619,6.211,4.8387,-0.9745,2.5417,8.759,3.3748,-3.1242,4.0045,6.9251,3.8912,-3.4371,3.6055,11.7846,4.0035,-1.4967,3.2819,1913.58,225.71,1235.34,163.2,3282.41,222.46,0.06602,0.01089,0.04745,0.0109,74.7,564.4,22050,2.56,load,62.8
149,Engine Overheating,-187.7748,24.3049,100.9311,15.1599,-10.7894,8.2839,7.4903,5.1043,-6.3917,6.3916,9.7015,5.7889,-1.4531,7.4437,10.8947,5.9534,-6.2841,5.6088,8.3858,4.1697,-2.3279,4.905,6.6989,6.3323,-1.7391,4.2819,2410.1,356.51,1465.09,232.52,3997.67,653.9,0.10219,0.01567,0.07371,0.01678,3200.8,1657.3,22050,2.81,load,53.5
150,Clutch Slip,-198.2054,22.616,107.4757,15.2398,-5.2511,9.357,7.664,8.0381,-5.127,4.9398,12.3975,6.8018,-3.8778,5.8179,6.6523,4.0303,-5.629,5.517,6.3697,3.3052,-1.0789,4.7207,7.7756,3.9768,1.217,2.75,2141.56,252.99,1249.06,179.62,3433.23,345.63,0.08025,0.0153,0.05751,0.01392,14.8,1658.7,22050,2.63,revving,51.7
151,Clutch Slip,-183.8803,19.1104,112.6576,19.51,-1.3924,4.5292,9.186,7.0869,-5.2076,6.2191,10.9738,7.1129,-5.3318,5.4728,7.3471,6.1314,-2.5424,3.974,4.2079,7.065,-1.0151,4.661,4.3617,3.721,-3.9466,4.6544,2061.5,260.08,1327.23,163.68,3696.72,398.5,0.07611,0.01777,0.04614,0.01345,28.9,1572.9,22050,4.14,idle,60.9
152,Oil Pressure Fault,-188.1622,15.8057,101.5417,19.6786,-4.0587,7.2901,13.9362,7.8262,-5.9345,5.6233,8.4315,6.8851,0.6703,6.8777,8.0627,3.6639,-1.9192,3.9141,8.7326,4.8212,-3.0309,4.9985,4.7482,3.4819,-0.9696,5.8278,2154.15,257.93,1223.48,226.23,3680.55,426.79,0.08065,0.01594,0.05702,0.00922,1120.1,639.4,22050,2.86,idle,64.5
153,Brake System Fault,-174.8531,18.5101,106.8414,22.9757,-18.4142,7.8228,22.88,9.6038,-5.2416,7.654,14.0264,9.0797,-9.4032,8.7285,7.1247,6.9984,-5.063,7.6126,9.1527,4.9553,-0.4663,5.68,7.6873,5.6711,-2.6231,5.0026,2886.55,315.13,1727.87,370.17,4978.59,848.04,0.12612,0.03107,0.08513,0.01964,3830.9,1232.0,22050,3.98,revving,67.8
154,Engine Overheating,-171.7181,24.2498,109.7661,15.8201,-12.9302,10.4487,11.4194,9.4628,1.0031,6.9904,10.4258,6.9615,-0.3926,5.5632,10.9883,6.5748,-4.4153,7.6988,6.4312,5.7819,-2.2777,4.648,6.7975,2.2584,-1.461,4.4171,2443.13,319.19,1454.33,187.6,4116.34,500.41,0.0831,0.01688,0.07009,0.01471,2243.7,1467.8,22050,4.38,load,58.9
155,Brake System Fault,-168.7946,22.0284,100.3146,18.9698,-13.3668,11.4131,12.5707,11.752,-11.2207,9.1212,8.2648,8.3299,-3.2855,7.5742,8.8477,6.92,-4.7102,3.6111,9.901,6.588,-5.0344,5.896,9.0804,3.7499,-1.9927,5.588,2687.97,433.16,1673.6,328.63,5017.66,592.06,0.11759,0.01599,0.07661,0.01922,4987.8,712.7,22050,4.45,idle,62.3
156,Battery Fault,-202.5443,18.1675,109.2062,8.0921,-5.4591,8.321,10.0423,5.5428,-4.2979,4.1786,6.3097,5.1489,-2.0283,3.2834,10.6618,7.0308,-6.3604,3.7665,1.8982,4.8159,-2.9897,3.9679,7.7889,4.6113,-4.7245,3.3546,1920.84,149.66,1149.07,150.96,3465.76,239.72,0.06858,0.01087,0.05332,0.00864,150.1,1368.8,22050,2.63,revving,76.4
157,Engine Overheating,-194.216,19.0283,106.6985,11.2083,-7.9281,11.1355,8.2297,5.5373,-9.9489,9.7706,10.4976,7.3611,-0.9866,7.8117,6.9129,5.6768,-5.8208,5.3838,5.9959,3.9022,-2.6989,5.1113,4.2556,3.827,-3.5413,4.5502,2523.47,373.11,1499.0,208.46,4294.61,477.7,0.09488,0.01783,0.05823,0.01677,3296.6,1293.6,22050,3.12,revving,69.4
158,Battery Fault,-197.8375,16.313,113.1458,10.3247,-9.2217,6.4402,13.1301,7.2946,-3.8121,3.979,9.0942,6.4344,-0.9914,3.4686,8.3404,6.3658,-4.5743,3.1889,6.7803,3.5945,1.408,5.9714,9.2307,4.6652,-2.8657,2.913,1900.82,167.47,1158.35,147.81,3336.17,340.74,0.06952,0.01433,0.05316,0.00863,143.3,689.5,22050,2.88,load,48.9
159,Clutch Slip,-185.7408,15.3296,108.9425,14.7502,-5.3219,8.4207,8.301,5.666,-3.5735,3.8907,7.0792,6.1362,-6.7249,6.4984,10.2025,4.2565,-2.8182,4.0493,2.4714,5.2519,-4.1677,4.4759,7.0526,4.2552,1.0355,3.9104,2113.29,250.25,1239.8,173.55,3663.71,260.23,0.07383,0.01283,0.04988,0.01011,46.4,1509.2,22050,3.09,load,64.2
160,Brake System Fault,-180.8398,23.4468,90.3117,14.2131,-12.4916,6.1424,20.8144,12.2182,-3.9949,8.1668,12.8033,9.4967,-1.4625,8.2739,10.2708,9.4181,-1.7996,4.1109,8.6949,6.1829,-1.6112,6.7723,6.5578,5.1608,-3.6802,5.7268,2783.58,394.79,1863.43,304.04,5261.0,670.65,0.11131,0.02572,0.08011,0.02045,3760.2,1370.6,22050,3.1,idle,62.1
161,Oil Pressure Fault,-207.2334,19.4584,103.0475,8.6323,-6.5044,7.2672,17.7812,10.023,-5.4242,6.4138,7.0646,4.9148,-7.0463,5.5142,7.4258,6.7453,-1.5494,6.882,7.4066,4.1214,-2.8968,3.9724,5.5417,4.9194,-1.816,3.6918,2133.84,299.75,1296.3,193.83,3711.39,445.66,0.08472,0.01785,0.06301,0.01285,1404.9,925.1,22050,4.21,idle,74.8
162,Brake System Fault,-163.8996,25.0683,109.3414,18.3288,-9.768,10.3894,18.5954,9.8545,-9.5621,4.7731,14.0723,9.44,-4.3529,7.3713,7.9219,3.7407,-6.8561,6.8179,9.4708,7.4531,-0.61,5.2116,6.6355,3.7175,-5.2312,4.1485,2684.7,346.13,1816.86,342.38,4935.57,852.49,0.10012,0.02713,0.0821,0.01442,4293.9,1404.5,22050,3.82,revving,54.4
163,Oil Pressure Fault,-190.9912,18.7953,117.5397,9.1598,-3.0085,10.7319,20.2929,10.15,-10.7462,7.8456,10.7796,7.0272,-1.1431,6.4341,7.6712,4.7974,-1.0804,3.9568,8.1792,5.3737,-4.5168,4.4022,3.4554,5.6039,-2.2889,4.7899,2101.72,210.86,1344.16,144.64,3825.0,509.76,0.08012,0.02314,0.06189,0.00906,1933.3,1089.8,22050,3.2,load,61.6
164,Engine Overheating,-183.4684,18.1653,101.9043,13.1336,-9.3178,12.4768,8.1432,8.2529,1.2538,7.8281,8.9467,8.2206,-0.1046,3.9766,13.0376,4.3867,-1.3778,6.3291,9.2518,3.7869,-4.2775,5.1422,5.1664,3.1287,-2.6397,3.2594,2462.01,281.25,1294.21,291.95,4303.35,570.03,0.08038,0.01528,0.06509,0.0233,3099.1,1205.4,22050,2.83,load,75.9
165,Clutch Slip,-185.7137,18.2106,108.9317,16.2534,-4.4278,5.4077,16.139,7.9824,-3.6947,5.3053,12.0441,7.9749,-5.1045,5.8766,10.6178,6.9753,-5.1514,3.8792,4.553,4.998,-2.1749,4.115,5.7034,3.3541,-0.1488,3.0882,2047.2,170.42,1343.38,93.9,3589.91,259.98,0.08107,0.01709,0.05309,0.00925,13.4,1905.0,22050,3.54,idle,73.0
166,Healthy,-195.5585,17.3266,111.8532,8.794,-6.1142,6.3792,11.8018,5.7331,-4.3492,4.4065,9.8705,3.5852,-3.1744,2.7358,7.0732,3.5313,-3.3545,3.2773,4.7704,2.5759,-2.2772,3.4179,3.6521,3.1713,-0.6254,3.9469,1862.87,206.1,1086.81,161.09,3140.5,311.97,0.06528,0.01241,0.04357,0.0115,85.0,1189.3,22050,2.5,revving,55.5
167,Healthy,-202.2243,15.5217,109.9349,5.3933,-9.9671,6.0159,14.3351,4.5609,-5.0771,5.5487,8.5993,4.5284,-1.427,3.7352,6.3018,2.4042,0.1085,3.7657,6.615,3.2441,-1.5102,3.4883,2.9854,2.9111,-0.3063,3.1981,1742.08,197.6,1044.6,134.74,3086.67,280.78,0.05762,0.0195,0.04944,0.00942,62.6,806.5,22050,4.34,idle,72.2
168,Engine Overheating,-185.0164,22.3677,108.1989,13.7135,-9.6859,9.641,7.1738,8.301,-3.1993,6.7997,13.3296,6.6663,-0.429,6.8515,8.6872,5.996,-5.7202,5.8084,9.5174,5.5413,-5.908,4.1603,6.6161,1.9102,-2.5393,3.1455,2449.34,216.61,1495.2,226.28,4021.45,557.62,0.09737,0.02276,0.05901,0.01687,2844.0,1090.7,22050,3.61,idle,63.4
169,Engine Overheating,-179.1603,17.4403,109.4988,13.9479,-10.3549,8.0149,7.7162,4.8229,-7.8028,5.0946,12.1516,5.9267,-1.7195,6.2111,4.9746,5.7128,0.0548,5.8285,6.5018,4.4857,-5.1244,5.2336,8.843,5.5595,-4.6447,3.584,2519.77,293.69,1658.38,194.49,4415.1,494.12,0.0894,0.01172,0.06568,0.01868,3207.6,749.1,22050,3.77,revving,72.6
170,Oil Pressure Fault,-201.0601,23.0387,109.0967,10.2414,-5.1584,5.6104,16.9182,7.6324,-9.2397,9.3123,5.801,7.8191,-3.1094,4.4904,7.4643,3.7381,-5.0571,7.4063,5.3773,5.0919,-0.7313,3.7142,3.9827,4.0985,-1.0683,3.1787,2124.81,209.24,1297.71,184.55,3981.93,382.33,0.07454,0.01558,0.05877,0.01538,1157.9,1374.0,22050,3.65,revving,52.1
171,Battery Fault,-200.3099,14.3006,116.0349,9.852,-8.0035,7.1188,8.7937,5.2447,-3.0663,3.7524,10.1231,5.5112,-1.0555,3.6113,7.4803,5.4966,-2.1018,4.6317,4.0057,2.4744,-1.5312,3.5556,5.3245,3.4172,-1.2178,3.3726,1950.4,231.46,1217.86,155.53,3282.42,321.66,0.06286,0.00954,0.05103,0.0116,180.7,997.2,22050,3.16,idle,55.2
172,Brake System Fault,-175.5103,27.6888,110.9694,18.8185,-18.5578,11.2681,15.3496,9.4593,-7.5441,7.4868,12.1077,9.3725,-9.0315,8.1247,7.673,7.3058,0.3204,6.0562,7.5193,7.0212,-1.8604,8.8866,8.4287,5.0332,-3.6226,5.2694,3041.21,422.78,1646.93,267.77,4969.04,707.21,0.11276,0.02178,0.07052,0.01888,3905.0,1562.1,22050,3.08,revving,77.7
173,Oil Pressure Fault,-177.2117,12.5745,105.5011,13.4723,-7.9757,12.5823,13.1735,11.0781,-16.7699,3.9145,10.1267,4.5195,-8.4331,5.4542,6.923,4.2309,-4.1907,4.9447,7.8737,5.7526,-2.0731,2.8232,3.6312,3.4775,-0.1054,3.0523,2187.62,194.94,1321.25,168.58,3926.88,481.06,0.08077,0.01412,0.06057,0.01112,1261.8,969.3,22050,3.33,load,75.6
174,Healthy,-196.5009,10.9127,107.8457,10.8615,-2.9281,5.8349,12.6603,5.8048,-6.0923,3.6877,9.9633,3.8248,-1.6567,3.1137,7.7955,2.6024,-1.4377,2.7503,5.976,3.8697,-1.1486,2.8578,2.1095,4.0964,1.1268,3.758,1712.97,178.0,1018.83,122.86,3068.83,268.96,0.05142,0.01384,0.04646,0.01003,38.1,560.0,22050,3.63,idle,73.2
175,Healthy,-187.4969,12.1028,111.1737,10.408,-6.6732,4.8158,11.9766,4.8935,-4.4074,3.7518,10.186,4.74,-3.7738,2.9131,7.6961,2.7338,-4.4466,2.4573,7.76,2.4544,-1.2815,4.1942,3.4078,2.6196,-2.0231,3.3015,1727.87,204.62,1092.35,148.29,3206.67,268.29,0.05431,0.01136,0.05189,0.01097,97.8,344.8,22050,3.67,load,53.5
176,Battery Fault,-188.4236,17.3994,104.5593,12.4732,-7.418,5.2897,10.1607,5.16,-1.6953,5.6803,7.8981,5.0565,-1.3758,4.5465,11.1728,6.6931,-6.1584,3.5463,4.9184,3.6322,0.2906,3.4722,6.854,3.7732,-1.8021,5.0789,1898.28,180.34,1227.61,160.12,3443.9,384.08,0.07592,0.01339,0.0464,0.00978,183.0,703.7,22050,2.84,load,58.8
177,Healthy,-199.206,16.4338,114.1398,8.9654,-8.8723,8.2574,13.0744,4.97,-2.5521,6.3661,9.408,3.0268,-2.2041,3.5553,6.7942,4.0325,-2.3956,3.345,4.3116,2.7218,-0.2784,3.9999,2.1998,4.0427,-0.4105,1.8873,1743.01,210.28,987.25,106.27,3192.86,367.05,0.05432,0.01527,0.04777,0.0105,65.7,894.8,22050,4.47,idle,50.1
178,Brake System Fault,-183.9527,26.9383,94.6672,16.9102,-14.4302,12.6493,20.189,11.1668,-6.3601,8.0256,17.9927,6.928,-0.2788,4.971,8.0351,7.3123,-4.5113,3.4324,10.5486,5.4652,-0.3121,5.4107,7.8374,6.0314,-3.4797,5.9926,2807.79,387.96,1910.97,358.18,5553.58,696.33,0.1025,0.01686,0.08012,0.01763,3889.1,973.1,22050,2.92,load,55.2
179,Battery Fault,-195.7892,14.0908,108.024,11.4338,-6.9574,6.8892,11.9785,7.4863,-2.9873,2.3002,10.1773,5.1756,-3.9367,4.4522,7.5567,3.895,-4.5286,4.7582,6.9631,3.878,-0.5688,3.6996,5.583,1.9063,-1.6409,4.2515,1973.44,198.03,1206.25,126.01,3497.14,353.91,0.07996,0.01058,0.05126,0.00912,132.3,1265.8,22050,3.3,revving,53.4
180,Engine Overheating,-178.9381,18.4103,106.3963,10.372,-9.6292,12.2262,6.826,7.2557,-4.6515,6.0768,13.7158,9.2168,2.2718,4.3969,9.9448,5.528,-1.5487,7.809,7.2105,3.2081,-1.965,4.9628,7.2421,4.4154,-1.7621,3.4514,2345.04,356.52,1457.33,231.4,4229.77,452.65,0.08172,0.02294,0.07437,0.01059,3525.3,526.1,22050,2.61,revving,52.5
181,Engine Overheating,-185.8147,27.3563,105.1584,7.8583,-9.8354,11.817,7.1018,9.8372,-8.3135,9.1595,9.2417,8.2221,0.6187,7.4115,12.9907,6.983,-6.0255,5.3556,6.8915,5.2722,-4.2209,4.5827,6.9686,5.3031,-2.3184,4.1251,2452.88,326.41,1573.25,236.96,4400.43,523.28,0.08154,0.01992,0.06909,0.01373,3358.7,1345.2,22050,3.27,load,70.0
182,Brake System Fault,-183.692,16.2504,99.0878,18.283,-20.7575,9.2295,17.1402,13.3234,-4.5476,8.6452,12.5637,9.2633,-4.7836,8.7477,5.8689,7.6343,-2.6727,8.24,3.1439,6.0225,-1.2387,7.1214,8.5571,2.8203,-3.2738,5.5609,2705.43,315.28,1674.57,269.37,5186.13,659.66,0.10821,0.02901,0.07019,0.02564,3205.7,1764.5,22050,3.07,revving,69.4
183,Healthy,-192.5005,10.7885,111.6967,8.6749,-9.3912,7.166,15.8733,4.2773,-6.3263,6.0788,9.7592,4.3484,-2.9069,2.4969,6.2276,3.2666,-1.7733,2.4359,6.0194,2.8116,0.2875,3.352,4.7617,3.2554,-0.4355,3.0138,1712.25,165.55,1069.95,129.92,3199.84,221.34,0.06273,0.01513,0.04797,0.01499,22.7,890.6,22050,3.85,load,71.6
184,Engine Overheating,-173.9264,13.142,105.6413,14.6392,-14.5524,9.6027,6.8554,7.9904,-3.6521,8.681,13.4746,6.163,-1.6835,4.4761,11.1042,3.0744,-2.2296,4.5735,6.2952,5.0812,-3.774,3.8495,5.4901,5.0646,-2.8684,2.5304,2574.46,257.58,1471.4,257.32,4305.23,540.26,0.09513,0.01713,0.06794,0.01555,2067.9,971.7,22050,4.33,idle,74.4
185,Healthy,-204.3349,9.9401,113.6355,7.4783,-9.3799,5.6289,13.7072,5.4589,-6.0927,4.688,11.5488,2.824,-4.1285,2.9601,7.6738,2.6581,-2.2471,3.7403,5.2919,3.5083,-2.9913,2.3133,4.6067,4.1675,0.0135,4.1296,1767.33,207.43,1016.89,107.58,3106.98,332.05,0.05975,0.01409,0.04714,0.00803,119.1,1027.1,22050,3.77,revving,75.6
186,Engine Overheating,-182.4229,21.3913,107.5398,9.9255,-12.7922,6.4162,12.8594,9.8538,-5.6018,7.8436,7.0883,5.0272,-1.2786,5.4454,8.5669,6.0075,-6.9012,4.6133,9.2574,3.4629,1.0497,4.1755,5.3829,3.9016,-1.1451,3.2652,2277.56,289.61,1583.31,218.91,4300.34,540.42,0.09574,0.01826,0.07169,0.01321,3077.0,651.7,22050,3.02,idle,54.2
187,Clutch Slip,-188.8304,17.2048,115.6123,15.0136,-4.7843,6.5781,9.4394,7.5056,-6.5593,6.5183,9.5795,5.3793,-3.5918,5.7317,6.8833,4.9919,-2.7593,4.4956,6.2777,6.995,1.2379,2.3985,5.2018,3.8904,0.7894,4.0851,2018.5,262.53,1293.56,123.08,3539.2,382.97,0.07783,0.0118,0.05493,0.01613,33.2,2181.9,22050,3.2,load,77.9
188,Clutch Slip,-190.54,17.7232,104.4984,9.1157,-4.8816,8.5139,9.5184,6.2754,-6.4391,4.0137,9.8289,3.6854,-4.7787,4.9924,9.9884,3.1267,-4.7104,5.7014,6.9573,4.6664,0.6154,3.5708,6.2285,4.7222,-3.3971,4.398,2085.55,179.41,1340.69,155.2,3827.33,267.04,0.07423,0.01681,0.05235,0.01493,26.4,979.1,22050,4.4,revving,55.6
189,Oil Pressure Fault,-189.9016,21.8567,112.5091,5.8845,-4.7428,5.7669,15.3705,7.688,-5.5631,4.3085,9.4806,8.2877,-0.3879,4.2649,6.8885,3.62,-3.5887,6.0662,8.6681,4.1749,-3.14,2.7054,3.9071,4.4843,-0.7585,4.7497,2181.13,287.03,1362.23,155.06,3929.24,345.7,0.06942,0.01014,0.05594,0.01496,1363.9,605.8,22050,3.19,revving,52.4
190,Oil Pressure Fault,-190.2576,16.0439,104.315,14.2865,-1.552,12.2642,9.9744,8.4199,-2.2813,4.4337,10.2208,7.9813,-2.4656,7.7758,8.2416,5.209,0.1406,5.311,8.8545,6.3213,-2.5875,4.529,6.8036,4.6394,-0.2716,4.8778,2232.33,282.37,1347.61,166.98,3874.57,492.73,0.08206,0.01656,0.05996,0.00931,924.3,704.8,22050,3.17,revving,62.5
191,Brake System Fault,-172.8763,22.6353,103.5988,17.6064,-12.7067,10.8985,13.2468,13.9498,-8.5762,7.6277,10.8416,8.6275,-5.1483,6.779,6.0446,7.6807,-6.2622,7.7104,3.8691,7.3229,-1.9075,5.6279,6.2413,4.5446,-0.8212,4.8857,2960.89,377.48,1823.88,342.56,5015.76,741.98,0.10677,0.01479,0.08019,0.0209,3971.7,632.9,22050,2.78,idle,53.1
192,Healthy,-191.9021,10.1215,114.3352,6.7335,-6.2097,4.8355,10.9728,3.2593,-4.3787,3.3275,9.235,3.8417,-5.0716,2.7747,5.9154,3.225,-1.8448,3.8456,5.3215,3.0579,-0.537,3.176,3.7832,3.3334,-0.7479,3.2941,1715.03,178.03,1080.91,130.84,3157.4,308.66,0.06378,0.01681,0.03977,0.01261,82.5,1019.5,22050,4.28,load,50.5
193,Engine Overheating,-188.5586,21.3232,102.4023,15.2909,-8.7044,9.9165,10.4716,10.2668,-1.7578,8.7132,14.372,6.8517,-1.4306,5.9632,11.1726,4.8405,-7.2702,5.9016,5.5858,4.3219,-2.4722,5.3733,8.0678,3.1177,-4.2798,4.5704,2321.18,344.82,1402.93,196.25,4406.93,404.17,0.0942,0.02141,0.05778,0.01711,3390.0,2169.8,22050,2.56,idle,53.9
194,Engine Overheating,-178.8171,17.87,108.4419,12.7862,-14.4991,9.7945,11.0735,7.093,-6.8608,7.3128,12.7368,4.6855,-3.4119,3.2353,10.5915,6.2109,-5.1485,6.7646,11.5771,4.4067,-4.7384,6.1732,3.311,2.203,-0.7996,3.8707,2325.13,294.25,1514.4,221.66,4362.37,478.16,0.08241,0.01364,0.07083,0.01384,2606.5,296.7,22050,3.17,idle,58.2
195,Healthy,-197.6822,15.1005,110.372,13.4907,-7.9867,6.797,13.5875,6.7788,-5.6082,4.3844,8.1699,4.3127,-2.3881,2.5404,7.2296,2.0273,-0.389,3.6786,5.8313,2.9257,-1.6688,3.3016,3.2317,2.1068,-0.4821,3.0981,1855.98,158.3,1082.97,108.7,3102.0,298.41,0.06262,0.01181,0.04618,0.00857,121.4,1118.9,22050,3.98,load,64.6
196,Engine Overheating,-194.0902,17.3739,106.9063,14.8324,-7.6366,8.7196,10.1293,8.6129,-2.2415,8.927,12.5504,5.8991,0.2466,3.8658,7.4219,5.7061,-4.1729,7.5553,8.1762,4.7936,-1.6698,5.6037,6.8876,4.8417,-0.9178,4.0078,2400.28,257.79,1571.2,234.93,4438.1,510.68,0.09811,0.02059,0.0568,0.01499,1909.9,1042.1,22050,3.97,load,68.3
197,Brake System Fault,-178.8144,18.5148,98.675,19.5276,-17.0718,16.2681,14.0633,10.4172,-4.1235,9.8057,15.4818,4.4963,-6.761,6.8709,9.0794,9.4425,-5.5415,7.3975,11.6437,3.4434,-5.9281,5.5535,5.4221,3.8135,-1.5702,6.4604,2628.48,469.26,1666.96,256.94,5311.18,749.45,0.11528,0.02489,0.07747,0.01506,4460.5,1380.4,22050,3.4,idle,76.5
198,Healthy,-194.721,10.2235,118.38,11.2267,-4.8905,6.8079,10.7889,3.9164,-2.6217,5.5118,9.6597,3.3396,-3.5344,2.7857,7.5541,3.7298,0.1513,3.0067,5.3169,2.5643,-3.183,3.3936,2.2567,2.7039,-0.911,3.3218,1774.72,205.02,1087.69,109.66,3007.89,297.78,0.06308,0.01461,0.04513,0.0074,63.4,1007.0,22050,3.58,revving,53.7
199,Engine Overheating,-176.2269,18.4733,101.7875,17.3139,-19.1421,7.2922,12.5099,6.2543,-6.1603,4.9824,10.694,7.094,-3.8731,6.4754,11.0087,6.761,-6.3581,6.4689,6.3025,4.8866,-2.6617,6.7476,7.5844,4.5908,0.1051,3.2676,2379.22,322.96,1594.06,251.89,4341.91,641.85,0.09863,0.02061,0.06303,0.01898,2444.3,1781.6,22050,2.87,load,54.3
200,Oil Pressure Fault,-175.8759,15.6406,112.2928,12.017,-4.6872,8.4135,13.5826,7.6147,-5.4502,7.2778,9.7829,7.5076,-2.4744,6.2484,5.456,2.6186,-3.5077,5.6828,5.146,6.2674,-3.2169,5.1332,6.8587,4.6923,-2.0368,5.3184,2111.36,245.79,1323.44,143.05,3947.74,499.97,0.08736,0.01519,0.05414,0.01169,1708.5,916.6,22050,3.79,load,61.6
201,Battery Fault,-195.575,14.3543,118.3276,7.459,-7.9705,9.2739,11.1349,5.6445,-6.9942,5.9941,7.7934,4.2879,-0.7401,3.9605,6.5127,5.4548,-3.6149,3.4989,7.6059,3.1389,1.928,3.7248,10.0266,4.1761,-3.1948,3.2809,1914.32,157.34,1152.73,166.98,3313.03,359.3,0.07241,0.01342,0.04951,0.00855,188.2,363.2,22050,4.22,idle,52.9
202,Healthy,-203.5779,12.6243,114.2031,8.3011,-6.368,6.8394,14.7497,6.5887,-2.8405,5.359,8.0417,3.9424,-4.1889,2.6881,7.9023,3.1354,-2.5274,3.142,4.0428,3.6021,-1.0426,4.1251,2.8641,2.4927,-1.4918,3.1245,1782.19,178.03,1091.23,131.19,2989.39,280.28,0.05457,0.01888,0.04031,0.01212,62.1,1021.2,22050,3.72,revving,56.2
203,Engine Overheating,-180.6634,22.4893,112.8839,19.7495,-16.7628,12.9071,11.4687,9.0269,-3.4613,7.0791,13.6989,7.6985,-2.7811,5.1278,8.2214,5.3525,-6.4955,4.9669,10.0248,5.7881,-3.6222,4.2378,3.9469,3.9066,-4.6532,4.4964,2454.28,279.06,1418.22,201.61,4458.7,577.09,0.096,0.02139,0.06667,0.01821,2255.7,1443.3,22050,2.6,idle,67.8
204,Healthy,-199.2066,14.6811,114.2957,7.6472,-5.9216,5.8054,11.5068,5.2291,-6.1229,3.9688,11.3164,4.327,-3.9807,3.5063,7.3234,3.261,-1.8192,2.2883,3.5053,2.9989,-2.4806,2.7283,2.1678,2.7076,-0.9334,2.8451,1806.27,181.92,1068.37,125.68,3151.58,262.88,0.06571,0.01402,0.04388,0.01102,63.4,632.2,22050,3.72,revving,62.7
205,Battery Fault,-190.4752,14.6326,114.6915,14.9874,-6.2563,4.0129,8.8034,7.227,-4.1304,6.0265,11.3551,4.2419,1.3115,3.9029,8.9183,5.8169,0.0405,4.0232,7.4263,4.8498,-0.78,4.4,5.8263,3.7799,-4.8548,4.6769,1876.75,199.07,1114.36,121.6,3229.29,299.11,0.06938,0.01251,0.05325,0.01275,84.1,849.5,22050,3.87,revving,72.9
206,Brake System Fault,-172.4321,26.8867,103.5261,18.6006,-13.068,8.6908,16.7944,12.3098,-11.7098,12.3506,15.9257,5.1309,-5.2062,6.4206,12.907,8.4813,-1.5592,7.3192,9.4832,7.2533,-5.8116,6.1586,6.8395,5.0593,-0.3317,4.5566,2622.84,324.15,1812.96,227.71,4997.67,726.57,0.10727,0.01535,0.07716,0.02066,2657.2,1546.2,22050,2.69,load,57.3
207,Battery Fault,-192.9287,16.3694,107.1698,6.4657,-8.7316,6.1496,9.0688,5.8873,-2.7266,3.8749,7.9919,4.7636,0.9848,3.5801,7.2004,5.0834,-1.2085,3.1419,3.8376,3.8408,-2.6475,4.5934,5.6427,4.1075,-3.336,4.745,2015.98,210.77,1146.38,144.5,3336.52,310.16,0.07117,0.01273,0.04706,0.01035,224.1,929.1,22050,4.28,revving,55.4
208,Engine Overheating,-178.224,21.5184,99.0461,9.7114,-15.3993,8.7229,7.4668,8.956,-2.081,4.9925,9.6983,6.5058,-1.6662,7.0802,11.2198,8.1183,-8.5963,9.2307,9.1436,4.7928,-4.6965,5.7572,8.0543,4.595,-0.5218,4.0306,2413.86,282.1,1393.19,224.3,4476.09,677.81,0.09533,0.01379,0.06338,0.01747,3703.8,1016.6,22050,3.15,idle,57.8
209,Battery Fault,-191.7719,17.1086,112.187,11.0551,-9.1258,8.1185,8.0378,5.0297,-2.3808,4.1054,8.7867,4.6369,-3.8626,4.0368,11.3591,4.7669,-3.8721,4.718,3.0997,4.685,-1.73,4.8219,6.5964,4.5704,1.4283,3.6089,1873.36,204.91,1213.07,174.37,3516.2,290.58,0.07136,0.00975,0.04625,0.01,191.0,612.4,22050,2.58,idle,52.2
210,Oil Pressure Fault,-185.1558,21.1726,102.07,10.7561,-3.0942,11.1676,13.252,8.1663,-4.9487,7.4924,7.9951,6.3198,-7.2989,6.6005,7.4773,4.2718,-2.8975,4.3068,5.0122,5.597,-2.9566,5.0451,6.5665,4.6737,-2.9071,4.4825,2053.79,288.07,1264.87,172.87,3936.45,387.83,0.07978,0.01642,0.05626,0.01365,1255.1,780.6,22050,3.45,revving,71.2
211,Oil Pressure Fault,-192.5836,22.7497,106.796,14.2434,-6.6151,9.3966,19.8358,7.3857,-3.6855,7.7017,8.2628,8.7842,-3.3788,4.2815,7.453,4.1556,-4.4186,4.2104,7.1211,5.1855,-0.9592,4.0589,5.0977,5.1868,-1.8921,4.4113,2198.65,289.93,1280.74,169.46,3843.4,464.78,0.08817,0.01566,0.06373,0.01464,949.7,1763.3,22050,3.18,revving,58.6
212,Oil Pressure Fault,-187.0155,23.0825,112.5843,7.6849,-4.971,10.1961,17.3286,9.0875,-4.9773,5.0995,9.9309,5.281,-5.0862,6.3267,6.5771,4.5339,-1.9683,4.4765,6.2962,5.0946,-0.1705,3.7532,2.8661,3.2745,-0.7798,2.6735,2058.89,218.77,1424.76,201.43,3751.9,363.26,0.07519,0.0163,0.05677,0.00933,1297.8,1132.0,22050,4.09,idle,77.9
213,Oil Pressure Fault,-185.7976,20.0402,112.68,10.1205,-1.2218,9.3206,14.833,9.1354,-9.5566,5.8416,10.8881,6.6245,-7.7462,5.8119,6.4487,4.6032,-4.7722,5.7639,7.3637,3.9893,-1.4216,3.9947,4.9289,2.8644,-2.5708,3.7861,2050.99,232.59,1348.15,198.71,3830.72,396.0,0.07182,0.01567,0.05477,0.01191,1374.9,506.1,22050,4.17,idle,62.1
214,Oil Pressure Fault,-194.19,14.75,108.3365,18.9187,-0.8987,8.3987,14.3717,9.9932,-4.6808,5.8082,11.0606,6.3465,-2.718,9.0516,7.7446,5.7139,-2.8923,5.186,5.5646,4.6819,-1.307,3.328,5.5191,4.2231,-1.2817,5.6201,2192.26,279.27,1378.06,183.42,3803.32,456.72,0.08381,0.01844,0.05788,0.01246,1027.2,1210.7,22050,3.11,load,70.6
215,Oil Pressure Fault,-186.2105,16.345,106.1063,15.3388,-5.4604,11.5979,8.7233,8.1957,-6.2345,6.2606,11.2713,5.5342,-4.9834,8.0891,6.0562,5.4468,-3.9679,3.7475,7.6988,2.6482,-1.5277,2.7574,4.7717,3.3482,0.1279,4.0454,2142.93,194.13,1379.81,158.85,4005.57,353.27,0.08788,0.01857,0.06183,0.01025,1027.8,1582.4,22050,4.39,revving,72.8
216,Healthy,-198.3508,12.8688,115.5574,7.7673,-8.6274,6.7936,12.4142,6.8068,-4.9371,2.8839,8.3359,2.5938,-3.2332,2.7549,6.6682,2.0244,-1.5795,2.2922,7.0393,3.8092,-2.5672,3.1169,3.7094,3.4298,-1.0381,3.1369,1719.75,140.69,983.16,134.78,3128.03,298.65,0.06099,0.01426,0.03955,0.01194,37.0,837.3,22050,4.31,load,70.2
217,Battery Fault,-192.8046,16.0457,112.6225,10.9973,-7.7247,6.399,6.914,6.2638,-7.3545,5.5868,8.2761,3.9551,-3.2004,3.6709,10.3711,5.9123,-2.6622,4.5397,3.6557,3.2314,1.6232,5.0834,7.2945,5.2001,-4.6806,5.4037,1969.02,212.77,1165.39,106.97,3410.06,392.64,0.07173,0.0113,0.04789,0.01012,108.9,1593.5,22050,3.65,revving,58.3
218,Engine Overheating,-177.3218,15.4278,106.721,13.7401,-11.2083,8.2975,13.2544,6.6031,-0.0997,3.7634,12.5449,4.9958,-1.1363,4.304,7.7363,4.8092,-5.2814,3.5158,8.3416,4.6078,-3.7392,5.2368,4.4642,4.0715,-1.7045,4.8109,2531.14,305.68,1545.08,238.99,4322.34,365.95,0.08806,0.02076,0.06121,0.01401,2548.2,873.6,22050,4.27,revving,75.6
219,Healthy,-192.7464,10.6838,117.9538,10.111,-9.3484,5.5741,14.6224,4.4503,-6.7036,3.7667,8.7912,4.865,-3.2019,2.7716,8.1857,2.9358,-1.7406,2.7095,3.0486,3.2441,-1.7648,3.7678,2.7455,2.2139,0.0529,3.3616,1749.31,161.13,1022.57,131.92,3133.2,328.34,0.06147,0.01317,0.03973,0.0096,84.4,888.9,22050,4.1,idle,76.3
220,Battery Fault,-196.1324,14.1994,109.4353,10.1142,-9.0055,8.433,12.3348,5.0662,-5.4793,5.237,7.8306,6.2527,-3.4949,4.2756,6.7884,5.6384,-4.6977,4.6386,4.9525,4.4829,-0.7467,4.0185,8.8351,4.9559,-1.1236,4.5062,1927.34,176.32,1169.89,118.51,3320.78,304.9,0.07266,0.01321,0.04988,0.01282,140.8,802.1,22050,2.79,revving,49.9
221,Engine Overheating,-167.7237,13.0959,102.4254,13.6814,-9.2294,10.2312,14.248,6.9262,-0.7414,7.191,15.7866,6.2534,-1.0814,5.6296,8.8148,7.6168,-2.893,7.4803,10.5212,4.9111,-1.5228,6.1436,7.2367,5.2195,-1.0984,2.6211,2579.48,217.07,1580.93,278.11,4121.04,422.84,0.0986,0.02358,0.0667,0.01225,3742.9,815.3,22050,3.16,revving,66.5
222,Battery Fault,-190.2922,10.3383,115.5069,12.017,-4.6852,7.5025,10.3359,4.6199,-5.5359,6.0937,8.4798,5.687,-1.4501,3.2033,9.4825,4.6356,-7.5741,4.7381,4.3785,3.8054,0.0063,3.8899,6.9296,5.4267,-2.4372,4.8533,1781.98,204.17,1204.67,134.82,3510.78,256.96,0.07592,0.01257,0.0444,0.01012,137.3,328.0,22050,3.01,idle,70.5
223,Battery Fault,-192.3621,15.2928,105.2605,12.7976,-12.5408,9.0169,11.1242,5.1229,-2.845,5.3009,4.8166,5.8196,0.8822,2.5996,9.4589,6.4232,-5.3748,2.4864,5.1938,4.7245,-2.1573,2.0852,4.3605,2.9128,-1.6527,3.4414,1923.93,213.77,1093.75,134.64,3343.26,302.15,0.07253,0.01146,0.04711,0.01,120.0,729.8,22050,3.68,idle,48.4
224,Oil Pressure Fault,-189.3274,22.4903,109.6715,11.7049,-4.8598,9.7652,16.1119,6.4494,-9.6439,6.1304,7.9324,4.4495,-3.254,5.5903,7.5199,4.915,-6.6336,5.5711,6.575,3.9339,-2.5481,4.6778,4.7306,5.1159,0.8689,5.2545,2158.1,276.46,1224.59,168.19,3974.41,450.55,0.06972,0.01516,0.0545,0.01381,1001.9,1455.2,22050,3.51,idle,67.3
225,Brake System Fault,-186.0741,22.5087,102.8976,13.1814,-13.4069,13.4822,17.2723,11.7352,-11.5599,11.5717,10.1044,7.9959,-7.5291,6.6663,12.1453,8.06,-2.7143,7.972,11.2342,3.0933,-6.2402,5.8832,4.0268,5.8452,-2.6199,5.2098,2811.21,429.57,1806.63,238.88,4913.02,663.77,0.11477,0.02221,0.0688,0.01355,3652.6,806.7,22050,3.68,idle,55.0
226,Battery Fault,-200.128,13.5801,110.8582,11.6474,-3.7829,5.6502,11.6193,8.4958,-7.613,5.4918,7.664,5.6241,-4.4419,5.1147,7.9092,5.584,-4.7142,3.5548,6.4401,2.7107,-3.9607,3.3676,5.3149,3.309,-2.1561,3.7792,1951.61,207.02,1217.71,146.49,3343.9,260.5,0.06716,0.01381,0.05025,0.00713,102.8,997.6,22050,2.61,load,57.8
227,Oil Pressure Fault,-190.0056,12.2583,116.5422,6.5013,-3.0307,5.9584,14.687,8.772,-10.2261,6.5191,8.3828,6.1353,-6.336,3.4558,8.9256,6.4425,0.061,6.5265,7.2031,4.7987,-2.3852,4.8468,4.0513,2.7699,-2.4139,4.1454,2142.26,285.95,1288.54,174.94,3939.59,431.66,0.08166,0.01458,0.06027,0.00696,1269.7,1057.0,22050,3.93,idle,67.7
228,Clutch Slip,-186.3711,17.4411,109.887,12.7421,-2.9711,9.3253,11.3291,5.572,-7.9929,3.9025,9.586,5.9868,-5.1092,6.3277,7.016,4.9486,-1.77,4.8054,7.315,6.5723,-1.3098,3.1371,5.9017,3.6315,-2.7659,4.9678,2069.21,191.37,1289.51,159.96,3556.5,364.82,0.07634,0.0146,0.06213,0.01256,32.6,1627.6,22050,2.51,idle,70.8
229,Clutch Slip,-185.8245,22.6868,106.895,8.6369,-8.0228,8.0434,12.9901,5.3238,-4.2254,4.8893,5.937,5.6565,-3.4692,3.8004,5.3915,4.5912,-4.5115,5.8019,6.8763,5.3979,-3.9625,2.9836,3.488,5.322,-0.4139,3.7023,2051.97,183.46,1248.97,177.07,3650.67,310.22,0.08526,0.01233,0.05063,0.00939,54.2,1676.7,22050,4.44,revving,51.8
230,Brake System Fault,-174.0059,29.5823,108.866,11.5009,-6.7897,11.8189,21.7458,13.4381,-9.6876,9.2336,16.5524,7.5859,-7.7307,8.5521,7.7746,7.1086,-2.0555,8.1868,7.2831,5.5419,-3.0337,6.182,5.8564,4.0077,-2.341,3.6566,2760.46,313.23,1786.03,225.98,5375.11,695.53,0.125,0.02552,0.0743,0.02302,3588.2,1044.6,22050,4.13,revving,56.2
231,Brake System Fault,-161.7793,19.5961,97.8529,18.1316,-7.9205,12.7364,18.8846,7.6831,-8.0349,7.523,9.0952,9.4116,-7.6179,6.4747,7.4697,8.893,-0.9409,8.2311,12.4043,7.8043,0.8021,3.6837,7.7157,2.6068,-1.3744,4.2443,2753.3,429.9,1548.25,284.03,5173.52,745.14,0.11576,0.01961,0.08988,0.01983,3831.3,1198.0,22050,3.71,load,58.2
232,Brake System Fault,-175.9494,21.0594,106.1915,13.3874,-14.0638,10.8869,11.5462,11.5495,-7.8767,5.0126,14.6942,5.9541,-5.3909,6.9172,6.465,6.1258,-7.5155,7.6383,9.7278,6.8494,-4.0174,4.0332,6.1048,3.9739,-0.3268,4.5734,2588.49,420.63,1642.7,265.48,5363.67,823.31,0.11349,0.01883,0.07511,0.02045,4105.8,1268.4,22050,3.17,idle,60.0
233,Battery Fault,-197.9188,14.1276,120.3237,13.3172,-8.9949,8.0104,9.2426,3.8337,-3.3175,7.6901,7.5939,4.7418,-4.1113,2.9109,8.9257,4.8354,-5.5824,3.7041,4.7852,4.1337,0.0886,4.7123,7.6422,3.0999,-5.6358,4.9851,1973.94,212.31,1134.03,157.29,3390.88,318.05,0.06938,0.01135,0.04818,0.01151,205.8,1275.6,22050,3.1,idle,65.9
234,Clutch Slip,-194.0769,22.4496,107.617,15.4714,-4.8642,10.0197,10.8718,8.9814,-7.6451,7.3839,8.4793,7.1176,-6.3742,4.6923,10.028,5.2513,-6.0841,5.4368,8.6769,5.911,-2.8871,4.1068,7.1422,5.0808,-3.4835,4.8637,1929.6,165.39,1258.9,135.58,3766.75,342.26,0.07105,0.01745,0.0462,0.01336,39.2,1826.3,22050,3.46,idle,54.4
235,Brake System Fault,-171.6726,19.3148,98.6287,11.4664,-15.1631,10.4815,8.9701,13.1429,-11.8269,8.5341,13.6719,8.7091,-0.8149,6.288,9.8407,7.6156,-2.9524,3.3471,7.9417,5.7594,-4.7947,6.2708,8.0705,5.1683,-1.1606,4.764,2631.59,519.2,1673.76,281.6,5156.38,556.02,0.11464,0.0269,0.07961,0.01962,4002.8,657.7,22050,3.89,revving,54.2
236,Clutch Slip,-198.2345,13.6586,107.4849,10.8924,-1.7553,5.6762,11.1924,5.0384,-4.5921,7.2289,12.0985,6.8331,-3.0478,4.9454,8.6558,5.1826,-2.8567,4.6992,8.0802,4.229,-1.3537,5.9009,1.9532,4.8537,-2.4278,4.8617,1904.1,239.2,1202.42,151.01,3735.24,376.85,0.08287,0.01574,0.05067,0.01241,28.8,2053.9,22050,2.91,idle,58.9
237,Healthy,-198.0631,15.2202,115.9709,11.2407,-8.7133,6.9578,14.59,5.3381,-4.261,6.0378,7.9811,5.1322,-3.0928,3.1764,6.1701,3.143,-1.8993,2.9329,3.1948,3.4651,-2.0895,2.844,4.3985,2.7237,-1.8311,3.4309,1703.68,181.41,1042.48,123.86,3047.15,255.02,0.06625,0.01777,0.04011,0.01235,94.0,939.3,22050,3.38,revving,67.4
238,Healthy,-200.2402,16.3131,113.5972,8.8196,-8.3725,5.4915,9.6946,2.4857,-5.6832,4.3207,9.6241,4.1899,-3.6409,2.8829,6.4493,3.6821,-1.5417,3.0383,6.0993,3.8833,0.0302,3.1745,4.2905,2.7714,-0.9291,3.0351,1759.51,183.24,1057.4,136.88,3100.5,320.63,0.06733,0.0098,0.04418,0.00989,59.6,1139.1,22050,3.88,idle,56.4
239,Healthy,-195.5522,15.8805,111.9924,6.9856,-7.7293,3.1364,9.4202,4.5763,-3.6188,3.8775,8.1351,4.1244,-1.9168,3.4615,7.5885,2.9836,-2.5733,3.3972,7.7465,2.6112,-0.2177,3.2164,1.5125,2.722,-2.1887,3.3391,1710.05,196.56,1035.25,116.93,3233.31,371.64,0.05766,0.01027,0.0431,0.01403,49.8,600.9,22050,4.3,revving,71.4
240,Clutch Slip,-200.9529,14.3388,109.2121,10.8354,-4.2721,7.9621,12.8818,7.1515,-1.2514,7.493,11.6473,6.7502,-3.646,4.7387,8.4698,5.4255,-3.8839,4.3702,6.9353,4.4493,-3.0934,3.2543,5.4574,3.6786,-1.7686,4.8471,1900.44,161.81,1282.61,155.24,3665.38,379.9,0.0729,0.01529,0.05473,0.0096,20.7,1101.6,22050,3.43,idle,52.3
241,Engine Overheating,-181.2408,17.3187,100.5899,10.9707,-15.6515,10.871,10.2794,5.9761,-1.1223,6.999,12.597,8.8509,1.2735,4.9774,11.2739,7.3331,-0.7913,5.228,8.6613,3.5694,-1.9224,4.2635,4.5952,4.5136,-3.6859,5.6175,2497.37,366.06,1452.3,227.33,4798.37,463.63,0.09953,0.0254,0.0721,0.01999,2993.3,1316.0,22050,2.9,idle,69.0
242,Healthy,-200.3302,11.9147,112.0056,9.5208,-7.8291,7.194,11.9642,5.3894,-6.1977,4.6401,8.2403,4.9688,-4.5792,3.4691,7.6566,3.1305,-1.7947,3.3752,6.3743,4.0405,-3.3563,2.4117,4.8729,3.3415,-0.6612,3.1292,1807.3,159.39,1078.03,126.39,3151.6,251.57,0.06771,0.01781,0.04065,0.01396,79.5,1148.1,22050,4.04,idle,50.1
243,Engine Overheating,-183.6157,17.0187,109.7027,12.2277,-14.6737,7.55,11.615,8.7378,-6.1698,6.929,6.3835,7.9816,3.1919,7.3881,11.8467,6.008,-7.338,7.3734,8.9585,4.6186,-8.0791,3.7321,5.3571,4.0613,-2.7462,3.5549,2424.16,356.51,1541.89,205.25,4234.49,512.02,0.09988,0.01787,0.08133,0.01415,2335.6,1791.3,22050,3.75,idle,52.7
244,Brake System Fault,-175.7572,17.5856,96.5294,18.8377,-8.0258,7.1455,14.0242,11.6498,-7.7505,7.8136,13.2894,5.4246,-7.4972,10.4184,4.0153,6.0271,-2.6396,8.5878,12.6018,7.8509,-0.4708,4.7451,10.5331,5.8127,-3.6057,4.3508,2958.69,392.68,1780.58,217.42,4965.54,765.56,0.1136,0.01583,0.0696,0.01883,2988.7,1482.9,22050,2.5,load,58.8
245,Battery Fault,-186.9642,19.4687,109.9156,11.9177,-9.313,9.5313,9.3263,5.8175,-2.7587,4.8558,5.8197,4.3703,0.7223,4.3889,9.8036,6.0068,-4.0281,2.5035,5.5161,2.7786,1.0129,4.6007,6.3484,3.8889,-5.1347,2.7316,1936.54,239.75,1114.97,146.08,3383.85,311.27,0.07675,0.01536,0.05035,0.01005,174.1,599.6,22050,2.86,idle,73.1
246,Healthy,-199.6273,18.1098,112.2019,9.3412,-8.6494,6.0582,13.82,4.8755,-3.2431,4.3041,9.9042,4.3907,-3.1517,2.6973,6.8067,3.2588,-1.4022,4.4816,5.0471,3.7092,-0.9069,4.0815,4.5574,2.7818,-0.5308,4.0108,1763.51,184.6,1108.06,120.45,2992.8,253.38,0.06002,0.01354,0.04593,0.01006,75.8,1001.3,22050,2.87,load,69.5
247,Engine Overheating,-196.6124,13.3406,109.0769,11.7529,-15.3705,7.6378,12.8686,8.7524,-2.6266,7.4662,17.134,7.21,-0.858,6.2692,13.0348,5.3213,-1.9743,6.9896,7.8616,5.4975,-3.9487,6.0589,6.0147,3.5184,-0.2536,4.1309,2427.49,272.92,1502.3,257.19,4246.17,466.24,0.09879,0.01947,0.07788,0.01132,3140.1,1741.8,22050,3.77,revving,48.5
248,Oil Pressure Fault,-194.7551,16.9119,110.4793,11.6563,-1.4746,11.0088,17.789,7.4415,-8.6663,5.9576,9.2784,6.7256,-3.524,8.0185,5.1354,6.7303,-0.4948,4.6251,7.4161,5.8516,-1.3253,4.5714,7.5525,3.9853,-0.8104,2.1079,2113.62,216.83,1185.85,228.39,3954.54,340.49,0.07928,0.01846,0.04905,0.01036,1215.6,1118.5,22050,3.84,idle,66.3
249,Oil Pressure Fault,-193.2957,14.4465,112.434,18.3669,-9.8737,8.1887,16.5004,10.2057,-6.2587,8.1167,6.613,4.3505,-6.494,5.856,7.3429,5.4051,-3.6582,4.1354,8.3036,6.5709,-1.4736,3.6298,4.1756,3.9606,-0.2421,3.1959,2100.26,258.51,1331.16,169.65,3898.07,412.42,0.07591,0.01777,0.06044,0.01532,1529.4,978.2,22050,4.06,revving,59.8
250,Clutch Slip,-191.4525,20.7904,103.1251,15.0925,-4.7101,7.7136,10.7598,5.0615,-7.0245,6.0739,12.9871,5.3833,-0.589,4.6391,6.692,4.1183,-5.1346,5.0666,5.6945,5.8291,-1.68,4.1785,4.9237,3.7288,1.3395,4.4222,2042.96,230.9,1215.15,184.28,3471.89,376.97,0.07692,0.01954,0.05568,0.01386,17.2,1527.4,22050,3.72,load,59.3
251,Battery Fault,-180.4052,12.5812,109.3639,9.7116,-9.071,7.2983,9.8619,6.0526,-5.175,4.7872,9.7561,4.6463,-3.231,4.7081,8.5461,5.2988,-5.1432,4.1791,4.6123,3.9772,-0.6161,3.4318,10.4502,3.3384,-1.9953,4.2049,1926.8,194.39,1218.66,172.91,3260.45,405.92,0.07576,0.01085,0.05403,0.01178,131.5,748.4,22050,2.51,revving,67.3
252,Battery Fault,-198.6482,19.4261,115.6043,17.1134,-3.9236,7.7896,13.274,7.741,-2.9747,5.6294,6.4065,4.7058,-2.6252,4.6078,7.4315,4.3476,-3.5984,5.3372,4.2243,3.9705,-0.1362,4.137,8.396,4.7676,-4.7143,3.0007,1977.71,256.85,1198.49,111.49,3303.9,307.16,0.07501,0.0137,0.05337,0.01039,104.4,1274.7,22050,3.72,revving,58.4
253,Oil Pressure Fault,-198.1511,29.3735,109.9559,9.1851,-2.4258,8.7165,15.3533,10.0033,-9.1024,6.9283,8.0266,5.856,-4.0602,5.8735,7.7581,4.8483,-4.1473,4.5242,6.7375,4.5065,-2.4774,3.6452,6.2196,4.5033,-1.9683,4.7007,2191.59,253.42,1355.11,148.71,3659.61,413.87,0.08687,0.02049,0.05903,0.01125,737.5,989.3,22050,2.81,revving,67.1
254,Battery Fault,-196.5451,9.8786,106.3844,10.3954,-10.4924,6.6511,11.6137,6.6753,-6.8496,4.7209,8.2162,6.7838,-2.4828,2.2157,6.3121,6.3731,-6.96,4.2317,4.3566,3.2662,-2.2345,4.6814,5.3654,5.6198,-5.1013,4.3977,1967.92,183.27,1122.05,165.83,3383.33,251.88,0.07722,0.01061,0.04956,0.00769,206.9,746.6,22050,2.72,load,60.7
255,Engine Overheating,-192.9527,19.5097,107.4946,14.7396,-10.2808,8.7404,4.2812,7.5541,-1.1801,9.2603,13.9134,7.7695,-1.3237,5.4822,3.9317,7.0128,-2.7221,6.3002,7.3948,5.7913,-2.5095,4.3727,5.4566,3.9542,-2.1848,2.4497,2466.36,297.83,1585.33,306.94,3928.69,599.94,0.09139,0.01687,0.06052,0.01669,3108.8,2132.4,22050,4.22,revving,77.4
256,Oil Pressure Fault,-193.6845,19.4664,98.0172,10.8534,-6.5869,6.9604,17.8564,7.7676,-7.006,6.1163,8.2125,7.7035,-5.775,4.2174,7.5521,5.3541,-0.7966,6.2919,8.6543,5.4833,-2.0906,3.3855,7.3636,3.8344,0.1764,4.7753,2020.56,268.21,1283.18,142.08,3742.66,432.95,0.09058,0.01728,0.06034,0.01251,1071.9,803.6,22050,3.67,idle,75.1
257,Oil Pressure Fault,-202.4865,15.6717,103.2813,17.8637,-6.8577,11.0162,15.4451,6.2907,-4.955,3.6664,10.9611,6.1817,-2.5404,7.6415,5.3718,3.7106,-5.7781,4.5018,5.9656,5.0381,-0.5979,3.6981,4.8995,2.7012,0.3625,4.0636,2117.96,285.07,1316.89,204.74,3860.48,511.62,0.07664,0.01817,0.05257,0.0133,990.0,1064.5,22050,3.09,revving,65.4
258,Engine Overheating,-174.9767,22.8101,103.1094,12.9507,-16.0547,8.3654,5.8108,8.1262,-2.5467,6.4822,13.21,7.2072,-1.9463,3.6826,9.9733,6.5498,-5.4607,7.2386,5.4785,5.5377,-2.4151,3.8257,7.0994,4.9728,1.1278,3.8825,2461.28,252.45,1495.64,245.27,4363.04,282.09,0.08097,0.02992,0.07075,0.01654,3090.9,1501.9,22050,3.07,revving,74.1
259,Healthy,-194.2385,12.6673,117.0709,6.5429,-8.0012,4.4637,15.2058,5.4799,-2.509,3.3272,9.0781,3.685,-3.5412,3.5899,6.3291,3.2361,-1.1962,3.7777,2.8639,2.6589,-1.6029,2.8848,4.343,2.845,0.0983,3.7417,1722.52,183.79,1100.59,87.31,2958.24,229.52,0.06219,0.00941,0.03967,0.01236,61.9,670.8,22050,4.38,revving,60.1
260,Brake System Fault,-169.8371,18.4922,108.585,9.9421,-9.6779,9.3296,17.0422,13.8057,-4.8003,8.3742,13.4829,8.0081,-9.0284,9.1717,3.4967,6.86,-2.083,5.9499,8.3911,5.454,-3.2447,6.0753,8.6688,6.8966,-4.3198,5.3307,2908.99,365.13,1856.31,129.36,5336.57,664.3,0.11173,0.02448,0.08644,0.0182,2641.0,809.4,22050,3.74,load,65.3
261,Clutch Slip,-188.0954,15.3915,108.3085,10.9583,-5.4584,7.3573,12.1772,7.0385,-4.1998,5.6005,11.9052,5.9391,-2.8845,5.7819,10.9534,4.9576,-1.9124,4.5871,3.5894,4.9462,-1.275,5.0449,5.1475,4.1392,-2.2632,5.4385,1997.41,219.24,1296.39,149.31,3710.71,239.62,0.07652,0.01708,0.03928,0.00731,35.5,1029.5,22050,2.62,idle,50.6
262,Oil Pressure Fault,-181.4688,19.2254,108.5479,7.3311,-4.1747,6.1908,13.5291,10.3387,-10.1426,5.8972,6.5402,3.9258,-5.4784,6.6238,7.395,4.4643,-3.086,5.9246,5.111,6.1998,-3.7642,3.4057,6.4089,4.0372,-0.8572,2.8011,2157.64,293.5,1307.84,207.26,3830.02,318.47,0.08109,0.01733,0.05926,0.01312,1126.6,1074.4,22050,3.18,load,69.3
263,Healthy,-195.4188,9.7717,110.5014,8.1052,-9.07,7.9435,13.3552,4.1617,-7.9312,4.0064,9.6254,3.5799,-3.273,2.8897,5.4419,3.2471,-1.4304,3.407,4.0589,2.6843,-0.5206,3.2822,3.8755,3.3597,-1.7892,2.5442,1745.65,186.84,989.03,92.15,3103.32,258.38,0.04449,0.01225,0.04201,0.01248,64.3,988.9,22050,3.12,load,74.4
264,Brake System Fault,-186.5667,18.3905,97.5673,11.2295,-11.7581,10.9588,11.5021,12.4344,-9.0309,10.4302,11.9945,10.3018,-8.0662,7.928,12.2914,7.0035,-6.0785,6.9895,7.7109,4.7062,-0.7781,4.6034,7.1096,5.7502,-0.6143,5.4055,2909.15,324.91,1649.17,298.02,5122.01,671.92,0.10896,0.02094,0.08472,0.0215,4802.5,926.0,22050,2.57,revving,64.0
265,Engine Overheating,-188.5316,12.9348,108.1994,11.969,-13.2722,9.5533,8.01,9.5743,-4.8932,6.9681,12.9797,8.113,2.4798,4.7072,6.7634,6.5138,-4.3716,5.3019,6.4316,5.9042,-1.1881,6.0937,6.339,5.4381,-2.4229,5.1436,2322.26,300.02,1492.31,155.1,4576.38,548.23,0.0963,0.02083,0.06698,0.02103,3603.3,1125.2,22050,3.55,load,69.5
266,Healthy,-198.3555,14.8439,114.7203,10.7148,-6.2041,5.7407,12.8884,5.0525,-3.9447,5.1315,10.7185,3.8897,-3.8913,3.4519,5.3231,3.4716,-2.1074,2.6964,4.3733,2.0886,-2.929,2.7616,4.5396,2.5017,-0.0713,2.4165,1802.68,173.98,1023.55,98.25,3184.64,272.38,0.05295,0.01254,0.03835,0.01005,118.3,752.6,22050,4.05,load,65.1
267,Clutch Slip,-186.8606,21.1691,102.6436,13.8966,-1.9238,6.0248,12.1636,6.3041,-7.1954,5.4705,9.611,5.1593,-4.0342,5.4686,7.1842,5.0271,-6.2678,6.0008,5.8637,4.3637,-5.8642,4.4109,3.5258,4.7759,-2.3827,2.4552,2112.17,222.65,1146.43,199.55,3551.17,201.43,0.08834,0.01192,0.04807,0.01171,33.4,1299.8,22050,4.14,load,62.9
268,Healthy,-197.3503,11.9858,114.2981,9.2095,-7.0145,5.664,15.3606,5.8178,-4.9797,5.0258,7.6277,2.9613,-3.9103,2.8837,6.3175,2.9319,-0.4768,1.4536,4.0003,2.6952,-1.579,3.0835,4.2185,3.0842,-1.2431,4.0952,1717.72,145.34,1075.94,118.36,3027.92,285.26,0.06175,0.01101,0.04178,0.01208,56.6,1255.4,22050,3.19,idle,57.3
269,Battery Fault,-191.2199,14.0914,116.4736,9.0052,-6.2043,6.3642,8.8104,3.8137,-3.5476,3.9904,11.9544,5.7275,-2.547,3.4009,12.0264,6.2139,-4.3021,3.1947,5.6325,2.6591,-1.714,5.0427,5.7932,2.9378,-4.4464,2.6374,1922.76,179.22,1204.05,161.79,3257.94,322.46,0.0839,0.01195,0.05084,0.01112,129.9,1035.5,22050,2.7,idle,49.1
270,Battery Fault,-198.1447,17.1442,111.0638,10.5521,-8.1965,5.6608,9.8571,4.1201,-3.5945,5.9399,10.0679,3.7651,-2.262,4.5963,8.6455,5.7748,-4.1119,4.1058,4.5446,4.6151,-1.6709,3.4119,7.0159,4.0118,-4.1221,4.7851,1820.51,223.74,1214.98,154.36,3463.7,299.3,0.06969,0.01967,0.05494,0.00998,142.4,585.0,22050,4.26,revving,68.2
271,Engine Overheating,-188.0763,16.4695,105.7595,10.1246,-12.5663,9.4418,8.3135,5.1485,0.4232,6.3543,13.9104,5.6744,0.5602,5.8255,9.1146,6.4733,-5.8357,7.1626,10.6735,4.4732,-4.3214,5.7785,8.0086,3.5346,-1.0297,4.8304,2359.5,257.2,1558.79,278.71,4135.35,594.35,0.09415,0.02236,0.07207,0.01469,2004.4,792.5,22050,4.33,revving,62.2
272,Clutch Slip,-197.4416,16.306,112.993,10.4459,-3.6878,5.8314,18.3137,4.0614,-5.0669,6.4322,9.016,5.2762,-4.0394,4.859,6.9614,4.7616,-6.8933,5.8897,6.3684,6.3237,-3.054,3.5059,4.753,3.8033,0.2548,4.4478,2036.35,215.12,1267.75,190.1,3643.77,330.3,0.07718,0.01464,0.061,0.01375,25.2,1546.4,22050,4.22,idle,74.3
273,Oil Pressure Fault,-188.9363,21.4818,110.7197,12.9637,-1.7039,7.4397,19.2131,9.2904,-3.405,9.0301,10.7185,7.8086,-6.1374,7.6489,7.4484,5.7705,-1.3519,5.5539,10.646,5.6614,-4.982,2.6738,3.9868,2.9261,-3.3448,3.9487,2131.8,255.41,1382.47,180.71,3804.74,355.23,0.08141,0.01523,0.05651,0.01166,826.0,585.1,22050,4.12,revving,57.6
274,Engine Overheating,-195.37,14.8556,108.6528,13.3327,-8.6023,11.6701,4.5367,7.1089,-3.4089,7.5756,12.258,7.7466,-2.068,5.214,12.7643,7.6878,-1.3291,8.3902,7.1273,6.084,-3.2058,4.8347,10.0664,2.6231,-1.7606,4.2901,2550.31,367.9,1447.99,248.44,4325.67,673.45,0.10102,0.02269,0.06398,0.01813,2551.3,1200.8,22050,4.18,revving,50.8
275,Battery Fault,-198.1026,16.4665,110.6332,12.2215,-6.6838,6.9764,10.7725,5.0801,-3.3907,4.311,8.1668,4.9503,-3.4159,3.3185,15.4181,6.3708,-4.0802,3.669,5.7521,4.7001,-0.6441,3.3208,6.7772,4.4319,-3.9112,4.8564,1833.14,157.5,1211.05,125.93,3343.87,214.57,0.07483,0.01461,0.0566,0.00657,126.6,727.7,22050,2.77,idle,69.6
276,Clutch Slip,-193.3398,18.1583,107.5733,16.6935,-5.3911,8.5804,12.3299,6.5072,-7.5737,6.2861,11.5223,6.4682,-1.9401,4.7427,8.7294,5.2878,-4.398,6.6731,7.8899,4.2706,-1.9454,2.986,4.947,3.8572,0.1272,2.9497,1992.77,185.97,1202.22,147.78,3700.85,382.49,0.07428,0.01566,0.05441,0.00932,45.9,1902.2,22050,3.41,load,64.5
277,Oil Pressure Fault,-194.2811,18.5596,108.1978,12.7976,-3.6663,9.9841,19.0476,6.8135,-11.6613,8.5599,10.0297,6.004,-2.542,6.3505,6.4847,5.8266,-1.0589,3.8171,7.0404,4.0035,0.1367,5.3608,6.2362,4.3992,-0.5305,3.1367,2153.8,295.74,1359.04,194.57,3845.62,344.93,0.08353,0.02523,0.05234,0.01083,792.3,1351.4,22050,2.73,idle,58.7
278,Engine Overheating,-183.5681,17.3456,114.7754,16.7046,-14.2167,10.8335,8.5286,6.3314,-1.7744,5.3997,13.2732,8.617,-2.1164,7.1939,7.9672,6.5103,-3.3311,6.3913,7.955,5.8058,-2.1708,4.1735,7.2452,5.2664,-3.3047,2.195,2528.0,377.45,1456.78,299.59,4211.18,636.31,0.10339,0.02569,0.06555,0.02167,2673.7,826.9,22050,3.43,idle,72.1
279,Battery Fault,-196.0128,20.2645,109.5841,11.7854,-13.5839,8.6321,10.5862,6.2153,-4.3269,5.303,7.7975,6.4763,-0.4881,3.3838,5.4619,6.4688,-4.6692,3.6493,6.0725,2.3171,-1.7118,4.5785,5.8634,2.8934,-3.5131,3.9679,1936.61,235.57,1203.76,134.22,3424.99,318.47,0.07948,0.01518,0.0572,0.01123,141.9,886.3,22050,3.75,revving,53.1
280,Clutch Slip,-184.4895,15.6723,103.9352,14.8686,-7.4141,11.4595,15.6231,7.658,-6.1449,6.0899,11.991,5.5589,-4.7414,3.9966,10.3078,4.3376,-2.9239,6.9538,6.2085,4.1893,-1.1999,3.1853,5.2134,4.1624,-1.9665,4.1899,2053.3,221.79,1241.36,155.01,3560.28,496.34,0.09272,0.01509,0.05673,0.01172,18.5,1217.3,22050,4.48,idle,58.9
281,Brake System Fault,-175.4984,21.8386,112.2748,17.6927,-16.1681,8.8505,11.6177,11.823,-13.0645,7.3345,12.8901,10.1879,-5.2769,6.6646,9.1617,8.3196,-2.9084,8.5322,10.1876,5.8667,-4.785,6.0645,8.1332,4.8698,-3.9708,5.0854,2758.57,402.06,1768.58,331.5,4874.29,496.89,0.12273,0.02588,0.07273,0.016,3027.0,1010.8,22050,3.31,load,53.2
282,Engine Overheating,-184.7005,18.8524,111.4514,13.6574,-14.2928,5.7127,9.5715,9.5202,-5.7198,7.3498,9.1084,10.1168,-2.3037,4.5161,10.5398,4.4447,-6.7107,6.0004,10.2245,4.5407,-3.9879,3.1185,7.191,3.8618,-3.0369,5.0086,2317.9,386.72,1456.36,268.21,4156.01,442.23,0.09831,0.0199,0.06969,0.01393,2754.0,1228.5,22050,3.42,revving,75.3
283,Oil Pressure Fault,-188.7625,17.2364,106.4127,14.1693,-12.1642,7.8436,13.4852,8.2702,-8.6972,5.9217,6.3137,6.1264,-7.4966,6.9851,8.6802,3.5896,-3.634,6.0997,6.4176,5.701,-2.8234,4.322,1.2944,4.4469,-3.6879,3.2098,2097.46,285.62,1270.74,189.42,3797.12,538.12,0.07321,0.02304,0.05637,0.01407,1209.8,728.1,22050,3.02,load,61.9
284,Healthy,-192.1269,12.5332,113.877,10.1537,-8.1233,7.7462,13.5014,4.3404,-4.516,3.2766,8.1213,5.3273,-3.1171,3.0438,6.5311,2.4381,-2.8638,4.4843,4.5474,2.9176,-1.6585,2.5431,3.5154,3.4896,-3.1405,2.5328,1841.58,150.97,1098.37,112.33,2943.59,303.04,0.05225,0.01398,0.04439,0.01159,60.7,1449.5,22050,2.74,load,58.8
285,Oil Pressure Fault,-188.3554,15.7497,103.3784,11.4848,-11.3264,8.6784,10.4264,8.4068,-3.5281,6.6839,12.5224,4.7896,-5.435,5.413,8.6421,6.9092,-3.5492,4.119,8.847,6.8878,-1.5246,4.9398,6.1577,4.5286,-3.512,5.2703,2300.47,218.18,1289.34,181.22,3825.83,428.37,0.08528,0.01561,0.06188,0.01056,1420.2,1437.0,22050,4.34,idle,54.2
286,Healthy,-200.6772,13.1851,107.8777,11.8681,-9.8321,6.5022,11.7884,5.6313,-5.7519,7.3748,9.8343,4.4233,-3.4305,2.6278,5.9966,3.4633,-3.0299,3.2794,4.4307,3.099,-2.0469,2.9957,2.7222,3.004,-1.5514,2.4955,1752.05,190.69,996.97,110.07,2844.26,345.57,0.06711,0.01553,0.04444,0.01061,117.3,952.0,22050,4.47,load,77.4
287,Battery Fault,-193.4362,18.6078,114.8714,15.6191,-11.5857,5.9363,9.7838,6.5294,-3.5982,5.0694,8.2218,4.6819,-1.3571,4.351,11.9745,5.5137,-4.222,3.434,5.31,3.3447,0.0606,5.2615,8.086,4.3335,-3.9208,3.8364,1983.26,215.62,1135.41,125.68,3171.5,317.68,0.07569,0.01006,0.05006,0.00835,119.6,1560.8,22050,4.38,idle,73.8
288,Battery Fault,-190.9839,19.7508,111.2569,11.2405,-7.0307,6.2608,9.2323,5.9657,-5.8957,6.6858,8.3089,3.8321,-3.6398,4.2995,9.9742,3.7077,-5.5242,4.2139,6.2441,4.7679,-1.0762,2.1904,6.3846,4.0612,-3.7933,4.3702,1929.28,160.93,1087.77,119.04,3300.69,318.06,0.07537,0.01545,0.04544,0.01191,143.9,388.2,22050,3.71,load,69.1
289,Healthy,-203.0061,10.4627,115.4959,7.0948,-7.0057,7.9768,12.0321,4.5924,-5.3219,5.4811,10.8447,3.4322,-3.0835,3.3342,7.6399,3.1216,-2.291,3.5006,5.0949,2.6137,-1.3877,2.4798,2.5323,2.6249,-1.1752,3.3497,1717.87,214.85,948.05,104.59,3101.16,324.44,0.056,0.01525,0.05217,0.01156,49.2,1483.5,22050,2.62,revving,49.9
290,Clutch Slip,-192.2052,15.2985,109.8753,14.5609,-3.0458,10.8999,13.1557,6.8847,-7.0441,5.9415,9.8988,7.1,-0.1129,4.8455,9.9765,5.2761,-4.496,6.1386,6.2672,4.8146,-2.4849,3.0389,5.2419,4.6241,-0.8239,3.065,1976.14,310.14,1244.61,154.12,3760.36,350.34,0.08133,0.01101,0.05577,0.01495,45.2,1530.8,22050,4.42,idle,72.1
291,Oil Pressure Fault,-185.7342,21.0797,114.0617,15.6029,-9.8044,11.2065,15.8207,5.1319,-5.6272,9.0453,10.3953,5.5663,-4.5809,5.9911,7.787,6.9984,-3.5534,7.3849,5.1237,3.9387,-0.2604,3.5464,7.3551,3.6925,-0.9399,3.8153,2258.19,302.32,1337.24,172.48,3547.16,442.77,0.07757,0.01659,0.06443,0.01708,1043.6,643.0,22050,2.58,revving,60.8
292,Brake System Fault,-169.7976,19.5163,103.0588,18.9138,-8.3523,13.5934,13.8566,14.6457,-12.4581,8.4304,11.1052,7.278,-7.0622,7.702,9.6196,5.7859,2.6899,8.0865,10.3373,5.1669,-3.1624,6.1814,6.8393,5.9647,-0.3828,6.1568,2749.06,452.35,1661.86,256.72,4982.13,839.08,0.12387,0.02464,0.08491,0.02181,2909.6,208.1,22050,4.3,revving,71.8
293,Battery Fault,-181.9182,15.2251,111.5381,8.6803,-5.3131,5.2651,10.5578,7.4795,-3.9061,3.925,8.6083,4.8056,-1.527,3.7449,8.1686,5.8269,-6.0916,4.2722,4.1419,4.3824,-0.222,3.9835,7.4579,3.9974,-2.9956,3.4527,1948.66,244.09,1173.94,110.14,3496.05,236.49,0.07497,0.00823,0.05023,0.01538,165.6,736.9,22050,2.75,idle,63.2
294,Battery Fault,-187.1603,18.9534,113.9525,9.6969,-11.4738,7.424,12.0428,4.3914,-3.7203,4.0776,5.286,3.1544,-2.0893,4.8214,11.5981,3.2632,-3.6918,4.1718,4.4562,4.6005,-1.6799,3.7615,7.1941,4.0866,-3.7222,3.7233,1940.59,233.27,1107.11,128.88,3452.34,324.61,0.06987,0.01453,0.04541,0.01053,198.9,1299.0,22050,2.54,idle,69.2
295,Oil Pressure Fault,-184.9741,20.1041,109.6094,14.5684,-7.7373,8.6369,16.0168,9.9802,-5.0474,8.6709,11.379,6.5303,-3.8757,7.924,6.4149,5.103,-1.2777,6.4805,9.3042,4.9137,-1.8309,4.9483,6.7679,3.86,-0.8769,4.8734,2203.83,269.89,1331.14,217.25,3971.91,333.42,0.07598,0.01393,0.05395,0.00978,1403.8,558.7,22050,3.76,idle,54.1
296,Clutch Slip,-194.1506,14.8378,106.9539,9.264,-9.6215,6.9235,15.1596,9.1442,-5.4949,6.0354,9.4026,5.8572,-3.3816,6.0378,10.4814,4.9499,-4.1687,4.1991,3.9324,5.282,-2.0625,3.8262,5.6676,2.1927,-1.4546,4.2199,2007.3,169.01,1263.21,161.27,3595.68,452.91,0.06905,0.01054,0.04984,0.01549,14.1,1502.5,22050,4.18,idle,53.6
297,Clutch Slip,-190.1172,23.5893,106.7081,7.7399,-4.8968,10.5485,11.6941,7.9271,-4.4598,6.2997,14.2032,4.9774,-4.2827,4.3765,7.3483,7.0639,-2.528,6.6125,5.8334,5.8572,-3.0107,3.0604,3.5001,5.2025,-2.5936,2.3387,1988.48,306.24,1303.5,128.64,3797.13,306.74,0.07335,0.00856,0.05606,0.0095,64.9,1854.3,22050,3.43,idle,64.4
298,Clutch Slip,-191.3251,17.2747,111.1958,14.2236,-4.6266,5.0155,13.8985,7.7568,-11.3508,5.1128,9.4624,5.6973,-2.9268,5.5599,6.5498,4.6934,-2.9547,5.5296,8.6129,7.3246,-1.1029,4.0973,3.4785,5.0918,-1.3886,4.9223,2142.79,163.77,1239.49,160.84,3673.31,336.59,0.08003,0.00952,0.05594,0.01275,28.0,1639.5,22050,3.62,idle,68.1
299,Clutch Slip,-190.739,17.6417,117.4353,15.2667,-4.0842,7.6649,11.7961,7.1661,-8.1669,5.7218,12.1211,5.8765,-3.9845,5.355,6.1201,6.0883,-4.316,6.1203,5.9141,5.3073,-3.1552,3.3729,6.9193,3.9521,-2.1397,3.8342,2039.8,219.73,1284.32,151.58,3812.57,385.22,0.07036,0.01231,0.04839,0.01057,22.7,1739.3,22050,3.13,load,69.5
300,Battery Fault,-202.7477,16.4443,119.0971,8.8683,-10.751,7.982,10.5085,6.5181,-6.3691,4.6624,8.977,5.6004,-1.2786,4.695,8.2534,4.0481,-8.489,3.4243,5.0675,4.0909,-1.0422,3.8331,4.9817,5.3582,-1.8205,4.1914,1924.77,196.07,1229.96,122.61,3398.48,289.49,0.06686,0.01088,0.04522,0.01051,153.0,890.7,22050,3.51,idle,48.3
301,Battery Fault,-195.0227,20.3594,116.0829,11.6218,-9.56,10.2732,13.0028,6.2066,-3.5494,5.3245,10.112,6.0477,-0.9608,5.4515,9.151,4.0032,-5.0714,3.9122,4.1951,2.6054,0.4702,4.9137,5.569,4.4642,-3.4862,3.739,2072.11,264.16,1182.14,134.11,3400.88,347.29,0.06773,0.01368,0.05262,0.01041,162.4,207.2,22050,4.19,idle,54.7
302,Brake System Fault,-193.3131,20.5338,102.8911,16.1157,-6.351,9.8062,9.545,8.147,-3.0229,9.0041,12.9103,8.9691,-7.4243,7.4258,6.1401,3.8447,-4.9416,9.8009,7.6206,7.2644,-9.1318,5.7919,9.6023,5.6809,-5.0968,3.6457,2690.01,320.37,1797.27,273.62,5309.33,698.05,0.10701,0.02379,0.07098,0.02319,3461.3,976.5,22050,4.21,idle,54.1
303,Brake System Fault,-166.3922,18.8519,98.0108,22.7855,-9.724,12.6971,19.4758,8.9832,-8.8907,5.2526,14.3831,8.7867,-7.582,7.2509,10.8969,6.6144,-2.8142,5.4158,5.603,6.9226,-6.0696,6.9805,7.833,5.9698,-2.3535,5.9756,2960.25,479.25,1832.92,244.1,4913.73,756.29,0.10331,0.02203,0.07112,0.01542,4216.2,682.8,22050,3.61,load,57.4
304,Oil Pressure Fault,-192.0504,18.2524,100.9868,9.8223,-8.2325,7.6828,14.9194,8.9267,-1.4253,4.0512,5.6129,7.0724,-8.0675,7.3072,7.6686,5.7566,-1.4135,5.0423,4.6483,4.9541,-4.5021,3.8487,7.9457,3.2338,-2.2178,2.1852,2148.31,243.04,1366.45,157.96,3678.58,454.56,0.07973,0.0153,0.06386,0.01502,1468.7,1246.8,22050,4.45,load,69.7
305,Healthy,-203.5637,13.0944,105.173,8.7858,-10.681,5.8786,13.0474,6.6148,-2.0722,5.0915,9.2916,3.9542,-1.7781,3.2448,6.2892,3.5702,-1.6819,2.6422,4.2102,2.9899,-1.5219,2.6377,4.4902,3.3613,-0.9309,4.4742,1836.01,187.83,1019.03,106.44,3223.44,281.83,0.06471,0.01812,0.03967,0.01026,56.7,1089.7,22050,4.15,load,61.8
306,Battery Fault,-197.1511,13.5601,119.0886,11.8418,-10.5988,7.7516,10.8756,4.3448,-2.1121,5.5415,7.9619,5.6303,0.1069,6.0765,8.141,6.7618,-4.4005,4.2186,4.8095,5.2379,-1.9917,4.7041,8.5065,4.263,-3.6777,5.5549,1912.39,225.96,1185.04,125.71,3503.81,287.65,0.06712,0.01418,0.04454,0.0089,167.3,1064.7,22050,3.68,revving,55.4
307,Engine Overheating,-180.9781,12.3826,100.9564,18.514,-13.5823,10.5308,10.4015,9.8363,-5.4386,7.471,11.1348,7.1164,0.1012,6.6239,8.5793,5.5737,-6.9126,6.3515,8.9048,4.5806,-2.5101,6.9303,4.0064,5.0903,-3.5654,5.4125,2421.53,342.72,1660.21,206.12,4493.89,515.09,0.10322,0.02251,0.06431,0.0099,3147.1,685.9,22050,3.42,load,51.4
308,Clutch Slip,-195.0319,13.4788,102.389,14.5958,-5.0773,5.1943,13.3208,5.9037,-4.8979,6.4599,13.3853,7.0612,-4.6637,4.4428,7.0076,6.5639,-5.2384,4.6063,7.0503,3.7781,-3.3326,2.8023,5.5636,2.8542,-3.0445,4.7767,1926.61,199.02,1260.4,145.11,3603.7,366.9,0.07255,0.01669,0.05564,0.01022,41.3,2030.3,22050,3.28,load,72.3
309,Engine Overheating,-182.1768,10.477,102.5375,11.8862,-9.1287,9.6571,8.8922,10.4651,-6.381,6.85,12.2053,5.2651,-3.8166,6.2298,8.8752,7.1568,-5.1703,5.5054,10.256,3.7986,-2.9351,5.9693,5.9979,3.5815,-0.6647,2.6364,2432.37,277.94,1529.02,216.65,4199.29,578.84,0.09559,0.02152,0.06926,0.01066,2732.3,869.3,22050,2.93,revving,49.8
310,Clutch Slip,-183.6603,16.2262,110.956,12.4729,-3.387,9.6036,13.0596,9.4762,-7.5836,7.1266,15.9022,5.689,-4.44,4.68,6.3334,3.7144,0.572,4.467,7.896,6.0135,-0.5742,2.6902,4.0868,4.3334,-0.8604,4.173,2042.12,180.68,1273.85,150.59,3462.67,327.91,0.07261,0.01906,0.04728,0.01001,36.7,1417.3,22050,3.67,revving,66.8
311,Engine Overheating,-180.0884,27.0549,108.1917,14.4802,-10.3283,8.6106,14.9096,9.2044,-3.4136,5.5736,12.6841,7.2007,-4.0921,4.6533,6.6568,6.8463,-4.595,4.3289,6.4507,5.3029,-4.9504,4.0305,5.7336,4.2,-3.3546,2.4984,2542.87,315.71,1552.59,224.7,4257.22,546.73,0.09674,0.02165,0.06989,0.01365,2766.7,954.3,22050,4.19,load,58.9
312,Brake System Fault,-171.7765,16.7433,95.7389,18.1294,-18.7714,15.2252,21.9567,6.1299,-4.5176,10.5641,15.5735,5.4883,-6.8521,7.4012,8.4418,7.4586,-3.9457,8.6754,4.4353,6.9993,-1.1963,7.8227,3.3948,3.0355,-3.3742,5.6796,2694.5,502.7,1655.72,301.85,5149.16,786.75,0.11778,0.02155,0.06106,0.01948,4947.2,1161.1,22050,3.8,revving,51.6
313,Healthy,-197.1881,16.2926,110.0534,10.1179,-6.7132,5.9033,14.645,2.4926,-5.2507,6.2101,10.4431,4.1331,-1.9548,3.8486,6.1174,3.733,-2.1348,3.4369,4.2885,3.31,-2.9036,2.3628,4.2585,4.4155,-0.7471,3.78,1806.59,183.72,1066.1,104.14,2907.84,355.38,0.05641,0.0179,0.04151,0.01001,34.6,688.0,22050,3.94,idle,53.6
314,Oil Pressure Fault,-195.8682,24.1298,108.6133,13.6458,-10.0567,9.9705,17.3382,9.3516,-11.2099,8.1985,13.5691,5.8853,-2.6502,4.224,7.364,5.2128,-0.2608,4.9021,5.2262,3.5219,-2.8257,4.3995,6.3943,3.6061,-2.6648,5.78,2181.18,244.54,1315.91,202.15,3725.61,399.87,0.07953,0.01137,0.05145,0.01222,1330.1,993.9,22050,3.01,idle,68.8
315,Healthy,-195.5763,16.1091,113.3236,9.0681,-7.5713,4.4869,14.1775,4.434,-6.8563,5.2554,8.9488,5.5449,-3.2337,3.5645,7.9196,2.5557,-1.0609,2.4303,4.572,2.6539,-0.851,2.0362,5.9439,3.2969,-3.2711,3.365,1854.03,174.54,1048.89,119.47,3026.06,302.15,0.05643,0.01228,0.04155,0.01513,77.5,1323.0,22050,2.73,load,75.4
316,Clutch Slip,-198.6384,21.0929,104.5397,15.6562,-3.9558,5.4629,9.0415,6.5874,-6.5834,5.9903,10.2047,7.523,-4.5607,4.6048,10.69,7.007,-1.429,5.4638,8.2014,5.3877,-3.4767,4.6624,5.8286,3.8201,-1.4742,2.916,2126.82,154.27,1210.96,108.2,3705.87,425.47,0.07912,0.01704,0.04888,0.01679,32.0,1754.2,22050,3.96,load,55.3
317,Oil Pressure Fault,-173.2542,18.3506,109.8922,11.8743,-4.0579,6.941,18.3354,8.3948,-8.3204,7.1275,9.9979,7.2311,-5.5513,6.6021,9.2002,5.6761,-3.3221,4.8717,4.5773,4.8821,-2.7334,4.408,4.6188,2.722,-2.3896,2.623,2109.84,253.95,1326.05,143.84,3805.86,472.97,0.0735,0.01689,0.05809,0.01098,1315.2,1121.3,22050,3.2,idle,50.6
318,Engine Overheating,-175.4414,12.0864,107.8073,12.3994,-9.3579,9.308,10.7715,8.7933,-2.0825,8.98,11.9541,6.578,-0.0326,8.395,9.3245,7.0738,-3.056,6.7188,5.7203,4.6991,-1.5848,5.2052,8.9282,3.815,-3.7114,4.5004,2340.13,351.15,1535.01,202.27,4322.16,442.28,0.10612,0.01529,0.06687,0.01498,2796.7,813.6,22050,2.77,load,54.8
319,Healthy,-193.0175,14.0749,107.1521,6.7353,-9.659,6.4541,13.7092,4.2611,-4.7491,4.5291,9.1121,3.9146,-2.2473,3.0527,7.1871,2.1271,-2.9046,2.8445,3.3514,3.1457,1.7864,3.0322,4.3427,3.5843,-0.0855,3.824,1811.05,178.47,1053.64,117.23,3065.36,361.14,0.06396,0.01516,0.04154,0.01401,91.6,989.4,22050,2.94,idle,69.8
320,Clutch Slip,-191.0502,17.75,109.0268,12.2822,-3.7917,9.032,16.1214,9.7914,-9.5445,4.6015,14.5503,5.2837,-1.3725,5.1506,7.9234,4.7963,-2.4746,5.3208,4.968,5.7103,-3.3841,3.1303,4.5414,4.3018,1.9585,5.1633,2038.67,207.77,1243.75,134.43,3515.15,337.06,0.0816,0.01914,0.05027,0.00967,20.0,2152.9,22050,3.35,idle,69.4
321,Clutch Slip,-187.8123,16.4521,113.1278,13.318,0.12,9.2286,11.4981,7.8908,-4.7232,5.7851,8.7625,6.1582,-3.2809,4.0963,10.3537,3.5754,-3.3954,5.0571,5.388,5.5516,-1.61,3.9985,2.8821,3.385,-0.1749,5.4168,1908.08,210.91,1265.37,162.57,3646.98,378.0,0.0735,0.01444,0.05189,0.01004,37.0,2087.8,22050,4.39,load,67.0
322,Engine Overheating,-185.1533,17.9601,113.8854,11.8507,-12.8153,11.0561,13.7113,9.1535,-2.9907,7.2719,13.4256,7.8834,-1.4485,6.738,11.4621,6.9462,-8.8677,6.4581,6.7262,4.6537,-5.2556,3.4112,6.182,5.6745,-1.4301,4.8953,2377.64,364.1,1484.59,251.84,4330.39,483.25,0.10044,0.0205,0.05799,0.01853,2879.6,1311.4,22050,3.75,idle,74.4
323,Battery Fault,-201.9148,17.172,110.9883,13.0741,-9.7463,9.3397,12.3639,4.3558,-3.3694,6.5997,9.0489,3.3951,-2.2568,4.4774,10.6835,4.529,-4.4247,4.4114,6.3275,4.9813,-0.7152,4.6768,5.6749,3.5463,-2.7207,3.0463,1865.2,192.24,1208.7,130.85,3523.65,336.07,0.06687,0.01204,0.04869,0.0072,155.9,1418.6,22050,4.45,revving,53.6
324,Oil Pressure Fault,-185.0768,22.3997,107.2807,10.3423,-4.9339,12.6882,9.831,7.6567,-7.7562,6.7855,11.6046,5.764,-3.2983,6.4335,9.1577,3.1272,-1.5525,5.5118,6.4427,5.5855,-0.6223,3.6192,5.9496,2.0992,0.3931,3.8527,2045.73,195.97,1276.73,125.73,4015.56,436.96,0.07305,0.01162,0.05961,0.01789,1401.7,1478.5,22050,3.41,idle,56.4
325,Engine Overheating,-187.5529,19.0385,102.658,15.5683,-8.5958,10.0251,13.514,6.9843,-5.4764,5.2263,9.263,6.3705,2.9105,9.2604,5.3217,4.7634,-4.2411,4.9091,7.4454,4.8642,-4.8134,5.1547,5.0119,2.9611,-2.4283,4.148,2438.12,266.87,1646.33,234.6,4370.79,549.18,0.09153,0.01881,0.05855,0.0152,3536.0,995.4,22050,3.92,idle,57.1
326,Healthy,-194.342,13.5293,110.2735,8.1093,-7.3211,5.0166,12.5902,4.6564,-4.2609,4.6222,8.4417,2.896,-2.0622,3.5853,8.9319,3.1869,-1.8335,2.7619,4.8273,3.2693,-2.2044,3.7023,1.5799,3.6246,-1.5308,3.6677,1782.32,178.86,1075.06,119.23,3177.05,334.82,0.06688,0.01138,0.04201,0.00778,104.5,929.6,22050,2.89,revving,72.7
327,Healthy,-205.0781,9.4852,119.8695,10.0911,-7.7837,6.7849,14.9439,5.297,-3.8318,4.8707,7.3176,3.8165,-2.8629,3.0424,5.2069,2.8517,-0.1462,2.3783,4.5824,5.0873,0.1345,2.6815,3.8979,3.2651,-2.7428,2.0722,1866.38,166.0,1025.38,106.04,3015.14,325.98,0.06573,0.01096,0.04009,0.0085,50.2,511.2,22050,3.87,idle,69.4
328,Clutch Slip,-197.9879,18.1293,103.5534,10.9734,-4.0469,10.1003,14.2249,6.449,-8.6057,4.5267,12.4406,5.5885,-6.6876,5.7025,7.3229,3.457,-0.0988,4.9492,7.5084,5.8124,0.7676,4.1033,5.0912,2.3807,-4.1141,4.1311,2089.22,217.21,1266.18,170.28,3527.62,359.56,0.08459,0.01453,0.06054,0.0126,37.8,1707.3,22050,3.98,revving,60.7
329,Engine Overheating,-177.5197,19.2668,105.9531,12.3129,-11.2593,11.8948,10.8099,8.5872,-2.1823,7.0144,9.3465,5.63,3.222,4.9697,7.9986,6.5937,-5.8817,6.3033,9.1992,6.0664,-2.3487,6.6723,5.5872,4.4027,-3.4738,3.4116,2595.56,416.3,1406.11,280.29,4247.74,501.26,0.10049,0.02323,0.0645,0.00732,2998.3,1192.9,22050,3.29,idle,49.9
330,Healthy,-191.0891,12.3208,112.405,7.4824,-6.9839,5.9381,15.2542,5.897,-5.0401,4.5129,7.5353,2.345,-3.483,3.3376,5.8828,2.7498,-0.5321,2.6943,5.0144,2.8109,-0.8031,4.0915,3.4383,3.63,-3.3257,2.8363,1766.23,188.96,1054.77,138.46,3155.26,295.38,0.06032,0.01546,0.04602,0.01189,84.8,1016.6,22050,3.01,revving,50.6
331,Oil Pressure Fault,-196.8958,15.2706,116.2866,12.926,-8.6548,9.5282,18.6242,7.7025,-6.6326,6.4202,8.3226,7.187,-4.9155,5.6046,9.489,5.6073,0.8536,4.328,4.8835,5.2193,-3.3852,5.5575,5.7837,4.5774,-0.2804,3.7916,2127.15,228.94,1375.76,158.98,3581.84,448.07,0.08547,0.00768,0.056,0.00807,1161.3,718.2,22050,3.08,load,51.6
332,Battery Fault,-195.5005,16.4767,109.9066,11.4426,-8.6785,7.6943,11.8994,5.5757,-5.1954,5.9452,7.2019,4.5795,-3.5053,3.1524,9.6274,5.0255,-5.7548,3.9935,6.197,4.1849,0.3961,4.9193,5.5634,3.7328,-2.8681,5.4964,1963.11,213.59,1118.67,118.13,3363.44,216.83,0.07853,0.01596,0.04568,0.00925,158.3,504.1,22050,2.95,idle,52.5
333,Clutch Slip,-187.8038,16.3803,100.5213,13.1242,-3.1073,11.8241,13.7908,7.5722,-6.4927,5.1355,8.8728,4.4576,-3.1313,5.7492,7.5392,4.7703,-2.4104,4.2722,4.7297,5.418,-0.6011,3.1779,5.9858,4.4115,-2.1402,2.6657,2175.62,204.32,1232.62,175.19,3880.84,353.37,0.08517,0.01239,0.06226,0.00748,31.5,1774.4,22050,2.58,revving,62.7
334,Brake System Fault,-177.5242,22.9223,95.3803,18.8721,-12.5674,10.1401,8.5223,12.0069,-6.214,6.2055,12.2236,4.574,-2.7361,7.9933,7.3647,4.774,-1.9352,7.2032,10.396,6.062,-3.5022,6.0025,6.8728,4.186,-3.2256,5.0874,2847.81,416.29,1782.93,215.16,4891.28,676.32,0.11126,0.02233,0.08683,0.01936,4239.6,1379.9,22050,4.0,idle,61.5
335,Battery Fault,-192.7429,15.9612,119.9918,8.4977,-6.8331,7.2992,10.4223,8.1583,-3.4403,5.021,8.0123,5.3626,-2.1805,3.5811,9.9282,5.7153,-5.8331,3.5811,5.0536,3.5621,0.2114,2.8577,5.3993,5.1992,-2.5798,3.5267,1893.24,216.34,1200.02,175.23,3359.08,274.56,0.0709,0.01261,0.04509,0.01287,158.4,733.0,22050,3.9,idle,61.5
336,Clutch Slip,-193.4493,15.7293,110.9736,12.5932,-6.3567,12.669,12.2176,7.5978,-7.6891,6.2161,12.4544,4.724,-3.6651,4.6265,4.6276,5.5701,-4.7433,4.243,9.5159,6.367,-1.7429,4.0183,4.2685,3.0941,-1.5509,4.9367,2052.83,191.83,1318.01,122.85,3684.46,279.59,0.08062,0.01186,0.0539,0.01191,22.3,1378.2,22050,3.37,load,64.2
337,Battery Fault,-197.3618,17.3225,116.3157,10.6409,-9.4691,4.7949,9.3863,6.9906,-3.8997,5.7938,7.1848,5.3923,-0.1168,3.2211,12.2851,5.8667,-4.8438,4.7911,4.9918,4.901,1.2492,4.0629,6.3201,4.0879,-5.193,5.0125,1989.27,163.71,1101.94,154.53,3349.12,333.75,0.06476,0.01259,0.04962,0.00931,169.7,1095.2,22050,3.82,load,54.4
338,Battery Fault,-191.4612,14.8331,109.9221,13.2036,-3.9683,8.0303,10.6105,7.3921,-3.5925,3.8203,7.6714,5.8447,-1.6909,3.5452,10.5825,5.9809,-3.5007,4.4484,4.9167,4.9763,0.7884,3.8032,5.496,3.8572,-2.931,3.677,1986.18,188.8,1160.44,126.98,3388.06,293.96,0.06624,0.01673,0.04695,0.0102,154.4,1074.6,22050,2.72,load,66.2
339,Engine Overheating,-185.6293,12.6782,110.7207,12.9426,-8.5123,10.477,9.3154,6.0601,1.7844,8.4698,11.113,7.7904,1.1467,6.6442,11.6086,7.1939,-2.9773,6.2814,9.5158,5.3134,-3.7634,5.2746,6.1876,3.3814,-1.0542,3.9418,2383.88,260.41,1544.38,182.64,4260.04,522.15,0.09527,0.01773,0.05186,0.01255,2304.7,1288.0,22050,2.7,idle,53.8
340,Engine Overheating,-192.5885,17.9177,102.5999,13.5966,-3.4964,7.7508,13.3129,7.0741,-0.4185,6.9289,12.426,8.0071,1.4939,5.9387,13.4335,4.9748,-2.0604,3.545,6.1633,3.6529,-5.8283,5.2139,5.6691,2.9609,-1.5133,2.7166,2571.84,273.96,1508.48,253.24,4245.5,420.6,0.08781,0.01851,0.0689,0.01587,2495.7,475.5,22050,3.86,idle,73.1
341,Clutch Slip,-185.8718,19.8418,108.8922,10.4828,-4.0739,8.0094,10.8686,8.2755,-8.7899,8.1598,8.8501,6.4602,-1.4576,4.551,8.3617,4.0033,-2.8052,5.2064,8.3868,3.4714,-3.9056,2.7534,1.5043,3.6129,0.0555,3.6524,2077.53,183.86,1280.77,160.0,3681.19,353.67,0.07657,0.01126,0.04762,0.01201,11.9,1122.0,22050,4.15,revving,71.8
342,Brake System Fault,-180.7995,16.392,104.2599,13.227,-12.3331,10.984,18.4589,8.737,-9.2723,7.3239,17.2657,8.7519,-4.4701,7.7876,9.0951,9.0518,-1.813,7.1001,11.4578,4.5497,-2.1765,6.3398,7.4383,4.7428,0.282,4.0871,2799.48,391.05,1815.1,273.97,5048.53,729.56,0.10552,0.02821,0.08467,0.02176,2352.6,1020.0,22050,3.32,idle,56.7
343,Battery Fault,-197.3586,9.9712,117.7566,10.4788,-8.5627,6.0403,3.3153,5.4347,-5.3408,5.4353,8.1589,4.5565,-2.4166,4.183,6.7198,4.9138,-5.5556,3.982,6.9305,5.5002,-0.7142,5.3103,5.44,3.5285,-2.8358,4.0583,1982.78,213.0,1219.14,112.54,3518.0,337.47,0.06636,0.01094,0.04626,0.00988,110.6,877.5,22050,2.62,idle,56.1
344,Clutch Slip,-202.4055,24.65,106.4058,13.2388,-6.7082,7.5424,11.9842,5.2409,-3.8031,5.6055,13.4438,5.7295,-1.2778,5.8769,9.3313,4.7355,-0.8845,6.0206,8.4707,4.4429,-0.5604,4.6784,7.6909,4.131,-2.7327,3.5723,2027.97,187.01,1209.14,167.79,3688.49,347.23,0.07913,0.01278,0.0591,0.00875,22.2,2423.0,22050,2.53,idle,51.1
345,Oil Pressure Fault,-193.8831,19.7889,117.8906,11.7306,-7.6599,7.399,16.0407,8.5172,-6.5645,7.2009,6.7184,5.9564,-4.5476,4.4601,5.6082,4.3298,-2.3451,5.673,4.4652,4.8617,-1.7207,4.1261,6.6507,3.1559,-1.8396,3.5391,2082.88,184.4,1399.16,220.66,3738.62,438.34,0.08124,0.01962,0.06115,0.01421,1622.6,1456.6,22050,2.84,load,69.7
346,Battery Fault,-194.003,13.5471,114.2216,12.8093,-11.0269,8.4578,8.3281,6.3074,-3.6243,4.223,9.6738,4.4256,-0.4746,4.8437,7.9116,4.9702,-4.5563,3.7853,6.3164,3.2026,-2.7093,4.1357,4.4947,4.4011,-4.312,3.5991,1945.95,240.29,1251.58,138.02,3466.02,270.04,0.06839,0.01681,0.04808,0.01167,150.2,1472.9,22050,4.39,revving,66.6
347,Brake System Fault,-167.9203,24.0938,107.9832,13.6413,-13.5922,12.2078,18.347,8.7096,-14.5102,10.3601,15.2296,10.4411,-3.8412,6.1257,11.0088,4.6895,-0.5723,4.3593,6.6163,4.3809,-3.1969,6.5265,3.9807,5.4642,-4.7235,4.3603,2926.07,384.85,1768.11,294.74,5404.72,722.59,0.11986,0.02319,0.06648,0.01592,3441.7,1417.0,22050,3.12,load,58.1
348,Battery Fault,-190.7465,15.8493,107.5797,7.6971,-9.8133,7.9165,11.5511,6.3495,-1.8999,5.8307,10.4307,5.9649,-2.0591,4.4472,10.1804,6.1073,-5.6329,3.213,7.5802,4.5374,-2.6802,2.6543,6.4936,4.4207,-4.3558,4.5838,1946.96,175.5,1142.61,148.43,3292.58,266.18,0.07354,0.01208,0.04205,0.01163,156.5,759.5,22050,3.79,revving,70.2
349,Engine Overheating,-191.5112,19.381,98.77,10.0192,-8.8069,9.0291,11.8566,8.2518,-1.853,7.804,12.9649,7.3342,-2.028,5.5427,11.9039,6.8877,-3.8618,4.7815,7.7385,4.7669,-5.1304,4.9548,2.1596,3.6173,-5.0461,4.1461,2386.24,259.45,1548.61,262.83,4060.77,532.55,0.08845,0.01457,0.06106,0.01305,3399.4,1289.1,22050,4.22,revving,75.1
350,Clutch Slip,-203.8413,13.9223,115.2103,9.7416,-9.0221,6.4397,12.3629,7.7728,-8.825,6.6387,8.3782,5.93,-3.0291,3.6776,3.8535,3.5583,-2.4991,3.9916,8.3947,5.5836,-0.0101,4.8922,3.8779,4.2508,-1.7565,4.742,2080.67,187.73,1248.22,183.92,3333.18,378.16,0.0839,0.01431,0.06128,0.01241,24.4,1573.5,22050,3.43,idle,53.4
351,Oil Pressure Fault,-192.1115,16.3869,103.8686,18.0919,-7.4777,11.2814,15.7654,10.9271,-3.0452,6.5827,7.7642,5.9253,-4.5765,5.3257,9.8332,5.1076,-4.6994,4.6932,3.8653,5.4859,-6.0218,4.4378,5.3275,3.8342,-2.7577,2.8008,2290.9,189.08,1265.76,182.35,3913.23,479.32,0.08804,0.01785,0.0612,0.01138,1813.9,1265.3,22050,3.21,idle,64.7
352,Oil Pressure Fault,-189.8692,20.0875,111.6494,19.9343,-6.3634,9.7937,15.0304,10.2228,-4.7418,6.2151,7.357,6.4756,-4.4807,5.9828,6.0762,6.0896,-1.938,4.6113,4.6026,7.2234,-0.5105,4.6076,4.7113,3.4802,-1.799,5.5277,2034.47,208.14,1314.76,230.52,3623.21,470.01,0.07384,0.0164,0.05897,0.01327,995.6,875.2,22050,3.89,idle,52.8
353,Brake System Fault,-186.5362,26.2556,107.8184,14.9695,-12.0764,12.3673,14.0362,14.6546,-12.6336,5.2829,17.3905,6.9727,-4.0376,5.6402,8.4614,7.2753,-3.5237,10.4959,6.4947,4.68,-1.9745,6.4359,6.8552,5.0195,0.7487,7.3199,2805.44,400.83,1845.31,315.29,5011.84,780.42,0.1219,0.03583,0.07625,0.0159,2595.9,1146.0,22050,2.8,revving,70.3
354,Engine Overheating,-176.4786,18.4564,102.0194,14.6984,-8.8698,5.1662,14.1542,5.9449,-1.3608,5.8669,10.6507,5.8006,-3.1605,5.0921,10.0283,7.174,-3.3,6.6904,5.798,3.9875,-4.0567,6.1066,6.3991,3.8632,-3.2396,4.6086,2208.85,279.72,1521.79,262.11,4266.78,452.19,0.08007,0.01887,0.06258,0.02046,2633.1,1625.0,22050,3.81,idle,54.8
355,Clutch Slip,-190.5133,17.5504,99.2656,8.644,-4.0372,8.1267,9.581,5.3881,-6.8888,7.2416,8.6121,5.3582,-7.5722,5.5957,5.01,4.9541,-3.9278,6.7603,3.7397,4.1243,-1.4669,4.6974,4.5652,4.5869,-0.5343,4.0336,2007.79,260.54,1224.44,166.44,3534.4,425.22,0.08566,0.01596,0.05073,0.0156,19.3,1924.5,22050,3.31,idle,75.2
356,Oil Pressure Fault,-179.2843,10.2906,99.8258,12.8782,-9.4227,8.8993,12.695,6.6282,-3.9756,6.2708,8.3744,7.3176,-6.8776,5.5558,9.5052,6.5622,-2.4479,4.4998,7.9219,4.4357,-0.5818,5.2322,5.5669,4.6331,-0.5726,3.3803,2077.64,230.58,1320.97,148.62,3647.62,536.98,0.08096,0.02143,0.06317,0.01086,1781.5,619.1,22050,2.81,idle,49.2
357,Healthy,-205.2834,13.1222,110.7362,10.9729,-8.7445,8.5772,10.3397,5.5947,-3.6754,5.8764,8.2555,3.6226,-3.1602,3.7,5.6392,2.8767,-0.3778,2.9146,5.5782,2.6941,-0.9795,3.9362,3.7935,2.8551,0.5736,2.4493,1798.32,171.39,976.73,109.18,3036.18,251.57,0.05235,0.01242,0.04346,0.01232,77.4,777.0,22050,2.8,idle,66.7
358,Engine Overheating,-179.0432,19.8511,107.9597,11.7485,-13.9761,5.4822,10.4366,7.6805,-4.3353,7.9342,13.8034,8.0549,-0.1932,4.1167,9.8037,8.2836,-3.05,6.1834,5.9123,6.4899,-2.9176,5.1497,4.7769,3.8863,-2.8033,3.3752,2373.36,291.08,1591.68,208.2,4570.55,507.87,0.09782,0.0248,0.06706,0.01937,2538.4,1011.5,22050,3.07,idle,66.6
359,Engine Overheating,-185.341,21.9424,109.6912,14.0344,-13.5025,7.8447,9.6418,5.9873,-4.8945,5.7874,9.1395,7.2107,-2.8377,6.899,11.9367,3.6666,0.6531,6.6529,10.5076,5.7516,-3.4672,4.2857,4.6599,3.3817,0.0157,3.7195,2499.64,264.75,1481.07,259.83,4562.72,640.67,0.09237,0.02223,0.0562,0.01886,2775.9,1753.0,22050,3.95,idle,64.2
360,Battery Fault,-196.5156,18.9523,118.7955,9.3988,-8.4917,7.0513,11.0695,6.1937,-6.4095,4.7311,9.5413,3.795,-0.438,3.8634,8.2095,4.4698,-4.6124,3.8654,3.6254,3.6623,0.0533,4.6279,4.9588,3.7335,-2.2715,3.7176,1884.78,269.65,1113.02,115.51,3582.4,281.86,0.07135,0.01429,0.04732,0.00984,125.8,913.4,22050,4.01,idle,60.9
361,Engine Overheating,-177.4403,15.2364,103.3203,13.1264,-11.9579,11.1515,9.9322,9.3355,-3.5699,7.142,12.5353,4.8302,1.4536,5.3103,8.4497,4.6753,-5.1904,4.8698,6.386,5.8274,-3.9009,4.9268,5.7016,5.1338,-1.8272,4.7577,2305.66,292.18,1514.8,234.33,4189.16,406.86,0.09874,0.01923,0.07401,0.02175,3148.7,1136.5,22050,2.92,load,73.0
362,Brake System Fault,-180.8746,22.4293,102.0385,18.9096,-10.6575,6.9731,15.3592,13.3246,-12.1087,6.9828,12.4335,6.0025,-9.0267,5.5167,9.1348,6.7295,-2.5077,4.9339,7.4705,3.7848,-3.0021,5.0428,7.0495,6.2152,0.5933,3.2009,2679.04,418.58,1676.88,308.64,5118.63,714.24,0.11434,0.03324,0.08636,0.0196,3719.8,515.6,22050,4.07,revving,59.3
363,Healthy,-204.1345,12.6901,109.5331,8.4371,-9.5985,7.8296,9.1889,5.5334,-2.8719,7.2575,8.9715,3.4115,-2.6886,3.6791,6.7341,3.1177,-1.8453,2.6287,6.7824,2.9647,0.5782,3.3823,4.2084,2.102,-1.0021,2.1463,1792.7,215.38,1085.07,101.46,3253.92,189.58,0.05964,0.01291,0.04739,0.00699,102.1,1113.3,22050,4.13,revving,66.8
364,Healthy,-202.7532,13.9311,115.308,6.8701,-8.3368,6.0502,17.0475,3.0028,-3.9929,5.1664,11.4906,4.6894,-2.7136,3.1161,7.408,2.65,-1.2099,3.1909,3.5315,2.8203,0.728,3.2303,4.8486,3.5588,-0.7754,2.7435,1762.66,187.61,1057.07,131.53,3198.66,298.0,0.0682,0.0109,0.04994,0.01102,84.8,557.3,22050,3.75,idle,56.0
365,Oil Pressure Fault,-188.8915,25.2787,108.0334,14.177,-9.9995,8.7565,18.6631,7.6584,-6.3101,6.8136,9.7964,6.2869,-7.3924,6.3198,11.7193,4.6309,-3.842,3.0362,3.1725,4.3808,-1.1163,3.181,3.5302,4.0086,1.2037,3.4801,2019.8,263.5,1289.07,206.8,3951.22,395.35,0.08998,0.02213,0.05902,0.00831,723.8,1336.4,22050,3.69,idle,75.5
366,Clutch Slip,-184.2863,22.3728,111.2166,14.556,-4.8462,5.4687,11.3973,8.4374,-1.9792,4.442,8.4762,7.0588,-3.7625,4.0808,11.4299,4.0014,-2.249,5.6321,8.3736,4.3715,-2.0955,4.1474,3.0126,3.8981,-1.2306,4.9658,2109.15,211.15,1242.74,155.74,3517.17,312.83,0.08395,0.01646,0.05663,0.00981,38.7,1340.7,22050,3.85,load,52.0
367,Oil Pressure Fault,-192.2887,26.8441,107.2989,15.2774,-12.8859,12.2634,14.1066,5.5126,-9.3773,6.6208,10.3299,5.791,-5.8604,5.8758,11.1993,5.2623,-4.7281,3.7156,8.4163,4.637,-1.8641,3.9959,5.265,4.4754,0.9056,5.0137,2169.68,251.83,1381.24,187.39,3907.69,377.94,0.08265,0.01571,0.07112,0.01126,948.6,931.1,22050,2.83,idle,53.5
368,Clutch Slip,-190.8715,21.0298,99.1251,13.717,-2.1657,7.2917,13.0764,7.3337,-4.7283,5.3723,10.9915,3.4183,-5.642,5.9491,6.3036,7.145,-2.6217,4.5592,7.8596,4.3397,-2.6141,4.3295,3.8653,3.1474,-0.8401,4.9809,2030.66,203.17,1239.77,186.95,3702.76,331.36,0.08354,0.0174,0.04872,0.01273,32.3,1632.8,22050,2.88,load,49.1
369,Brake System Fault,-172.0963,23.6158,104.7562,16.5818,-10.7517,10.4255,15.7908,11.4222,-5.6767,7.5854,6.6171,8.4587,-4.0358,6.2796,6.6546,7.3928,-7.7499,7.7405,11.7229,4.8512,-4.2195,6.1122,6.3109,3.733,-5.3627,4.8337,2956.33,486.39,1795.65,191.71,4655.84,722.15,0.10749,0.02295,0.08015,0.02399,3150.5,1604.5,22050,2.99,load,64.8
370,Brake System Fault,-177.8324,23.9816,95.8857,17.8668,-15.8261,8.7442,10.2247,12.0701,-8.6153,8.6354,9.1515,8.4463,-4.232,7.4736,11.4488,6.8402,-5.4901,6.8881,10.2144,5.8081,-8.5798,6.5084,6.8,5.0912,0.0325,4.768,2702.92,332.96,1816.06,359.32,5112.08,483.99,0.12109,0.02188,0.07889,0.01263,3619.1,1047.7,22050,3.19,revving,67.7
371,Oil Pressure Fault,-185.4742,18.3992,108.3387,14.7175,-4.0443,11.6782,17.6016,6.916,-7.0493,8.1943,7.8898,5.3799,-4.0393,7.989,8.9324,3.2337,-5.1811,5.7085,4.5816,4.8671,-4.6454,3.9142,2.8171,4.4744,-2.1014,3.9924,2277.66,305.8,1283.04,195.61,3985.14,423.36,0.07701,0.01533,0.06119,0.01495,1171.8,1381.8,22050,2.72,revving,62.9
372,Clutch Slip,-193.6463,18.489,98.6381,18.3426,-2.9753,8.6194,12.1655,6.4334,-4.3348,5.8558,7.9799,7.1765,-3.0318,3.3884,9.293,4.854,-6.1516,4.6445,6.7549,5.5227,1.0504,3.9964,3.2959,2.9022,-1.7471,4.1229,1942.28,237.37,1222.28,154.46,3596.29,286.91,0.0724,0.01517,0.0511,0.01303,33.0,2345.5,22050,4.47,idle,64.5
373,Brake System Fault,-181.9716,28.4864,97.7563,14.6811,-16.5122,12.1661,11.9448,7.2591,-12.4635,11.3065,18.1444,8.0005,-9.1775,5.8863,9.4743,7.8737,-2.6295,7.0092,8.2562,6.6339,-2.2013,4.1937,7.3009,5.944,-0.1602,6.1381,2801.27,486.53,1669.44,237.22,5280.88,732.72,0.11706,0.02722,0.07894,0.02354,2987.0,879.2,22050,3.43,idle,63.0
374,Brake System Fault,-173.0529,23.2129,103.0105,17.1381,-13.3921,10.5774,17.4284,15.3547,-5.0219,8.0855,11.0026,7.2373,-3.825,7.1258,5.063,8.1137,-7.9383,9.6386,7.135,5.0319,-6.3323,7.4849,10.7554,4.8323,-1.976,5.3708,2647.86,419.0,1915.5,286.94,5216.39,594.7,0.099,0.01827,0.08243,0.02828,3855.1,912.6,22050,2.62,idle,53.6
375,Clutch Slip,-193.0138,19.3531,109.7377,10.0467,-3.3531,7.2824,12.0689,6.5511,-4.6558,4.4718,9.5496,5.0189,-4.3237,3.7575,10.2093,5.7872,-1.8857,5.13,10.1918,5.5619,-3.1492,3.5989,2.4687,3.7277,0.1435,5.071,1962.91,266.42,1219.71,152.76,3604.53,363.66,0.08976,0.0192,0.06159,0.01196,44.2,1506.3,22050,3.99,idle,56.9
376,Oil Pressure Fault,-208.7764,19.5379,110.8445,7.6263,-6.699,8.102,17.6743,4.3025,-5.3877,6.8954,11.8972,6.7109,-7.8957,3.3793,3.5345,5.3552,-6.9981,5.611,9.0013,4.9101,0.543,3.8699,8.9935,4.0723,-3.5003,3.4392,1960.16,220.09,1445.2,133.7,3863.99,393.74,0.08649,0.01356,0.05751,0.01416,853.3,546.8,22050,3.73,load,57.8
377,Clutch Slip,-183.2355,20.6854,107.9128,11.2413,-4.9457,8.8627,8.3935,5.8136,-6.0591,6.1951,12.0812,6.1173,-4.3326,4.4874,8.941,3.9104,-2.8367,5.5734,4.2402,4.397,1.5863,5.1731,6.1385,5.2504,-1.236,5.2767,2045.83,242.41,1244.64,130.76,3644.96,380.76,0.07577,0.01667,0.04226,0.01068,29.7,1383.2,22050,3.62,load,64.2
378,Brake System Fault,-183.774,34.6625,98.6339,16.804,-10.1927,10.5596,18.9335,13.4625,-8.9006,6.0736,11.772,8.3906,-3.622,6.6932,9.7749,8.5404,1.1115,8.8835,8.1984,8.4469,-2.8841,4.6384,5.9235,6.2933,-2.1248,4.6018,2772.41,404.68,1631.5,319.14,5078.66,599.09,0.10557,0.02622,0.07685,0.01951,4973.6,1120.0,22050,4.22,revving,69.4
379,Healthy,-202.7999,12.7214,112.6324,7.9537,-4.5196,6.0888,16.0605,5.6766,-8.0367,5.145,8.5802,3.4677,-3.5195,3.1868,6.3237,1.7592,-3.3075,2.8731,5.2411,3.5448,-0.2557,2.7667,4.3087,2.4578,-1.5143,3.6817,1723.22,228.12,1052.25,115.34,2985.62,290.52,0.06072,0.01419,0.04432,0.01169,114.0,968.4,22050,3.19,revving,57.1
380,Battery Fault,-193.1014,17.45,118.6248,4.7303,-11.7442,8.79,10.9834,7.1304,-5.0299,5.8006,10.3233,2.6901,-3.9212,3.5378,10.3719,5.4391,-3.5311,3.8514,4.6804,4.0848,-1.097,3.499,6.2751,4.198,-4.0683,5.0362,1984.7,167.8,1141.36,186.27,3247.67,317.74,0.0756,0.01379,0.05383,0.00557,107.5,410.8,22050,4.39,idle,58.6
381,Oil Pressure Fault,-194.8934,20.3889,108.7406,15.4989,-1.3101,7.467,13.9905,8.6123,-7.7174,6.0958,7.8133,4.903,-4.9777,4.6506,3.8881,7.8761,-3.731,4.921,8.9884,4.3728,-3.0633,4.604,4.1143,4.882,0.4189,3.5399,2077.72,185.37,1250.43,205.82,3735.93,460.42,0.086,0.0141,0.06144,0.01268,1619.0,721.6,22050,3.31,load,74.7
382,Oil Pressure Fault,-192.9232,20.615,112.3308,16.4187,-4.2337,8.5288,12.1503,8.9973,-7.9546,5.6677,8.9366,6.2532,-2.9545,6.5194,8.3003,4.2341,-1.8449,4.4353,8.4554,5.1088,-2.3108,3.9795,2.3173,5.9106,-0.5787,4.5453,2028.6,271.86,1324.11,182.64,4130.21,564.79,0.08506,0.01584,0.05302,0.01636,1221.7,1481.0,22050,3.69,revving,63.8
383,Engine Overheating,-181.684,19.8673,113.3896,13.1295,-7.5675,7.4379,8.1202,4.1678,-1.4627,5.8639,14.4796,7.7447,3.5581,5.8463,11.8825,6.6047,-4.3056,7.634,8.2771,4.3886,-2.8077,3.1581,6.7291,5.5733,-2.4498,4.2473,2593.16,304.23,1526.23,252.17,4239.05,373.2,0.09825,0.01617,0.07342,0.01128,2142.1,1332.1,22050,3.32,load,56.7
384,Battery Fault,-205.4633,11.4325,118.3302,12.8872,-6.4441,5.8384,9.1073,7.4509,-4.5359,5.8427,5.6209,5.895,-3.3343,4.559,9.3974,3.0405,-2.4191,3.0717,4.8878,3.5818,-1.1499,3.7269,6.205,5.1133,-2.3697,4.9017,1898.52,188.5,1200.89,163.89,3332.58,210.06,0.06536,0.00952,0.04967,0.00574,128.4,827.2,22050,2.8,idle,59.3
385,Brake System Fault,-177.3312,24.2577,102.7997,17.744,-8.8104,10.631,15.2692,14.6656,-7.1055,11.5962,14.3315,9.7413,-5.4908,5.1272,11.0207,8.2511,-8.0648,6.2463,10.4884,7.6457,-2.2968,5.4013,5.8311,3.9721,-3.7757,4.7449,2779.78,362.61,1743.45,246.41,4888.73,665.84,0.11359,0.01862,0.07366,0.01808,4021.8,677.2,22050,2.89,load,62.0
386,Clutch Slip,-184.4986,19.198,108.6814,10.3605,0.8304,9.5918,8.8743,8.0607,-7.219,8.0991,7.6915,5.9769,-5.3251,5.4269,6.0644,6.4002,-3.8755,5.4558,8.9658,6.0404,-0.5044,4.0424,4.6286,4.6963,1.5611,4.8348,2039.03,205.76,1357.81,116.15,3512.26,404.34,0.07719,0.01445,0.05668,0.00849,50.6,1603.1,22050,4.29,idle,66.3
387,Brake System Fault,-162.685,28.3604,94.4273,18.1075,-6.9662,9.979,9.6217,10.9967,-11.1935,6.7399,14.0304,7.9758,-9.7939,6.366,6.2356,6.7596,-6.1775,8.4718,9.2012,6.9187,-4.1008,7.123,9.9615,6.282,0.2235,4.6136,2797.29,487.36,1710.71,257.83,4888.75,805.0,0.13709,0.02218,0.08176,0.02512,4096.3,1251.8,22050,3.1,idle,64.2
388,Battery Fault,-201.587,15.3475,108.7943,11.6912,-7.1655,8.8542,7.5734,6.5995,-0.9687,6.481,7.1628,4.6448,-2.2317,4.277,8.7212,5.6668,-5.2731,3.0327,6.2028,2.9791,-1.622,3.7223,9.4837,3.7867,-3.7263,4.6595,1925.33,174.7,1170.11,165.13,3254.39,288.66,0.07067,0.01077,0.04973,0.01223,179.3,1077.4,22050,3.13,idle,57.3
389,Battery Fault,-187.5033,15.6454,115.4713,10.255,-1.039,6.0319,11.906,4.4049,-2.4769,5.5997,6.2033,5.3789,-2.7399,3.4946,10.745,4.6787,-3.2234,4.2073,5.9454,3.3954,-0.4484,5.157,7.2377,3.0108,-2.4745,3.5644,1931.39,190.52,1157.98,139.48,3345.46,330.15,0.06959,0.01395,0.04791,0.01102,169.4,721.0,22050,4.39,idle,51.0
390,Clutch Slip,-180.0592,20.4329,102.3795,12.8689,-7.1558,10.0832,11.5978,8.5079,-4.8711,5.1579,11.1831,7.8434,-2.8249,3.9591,11.5177,5.3169,-5.5318,6.1792,4.6001,3.4048,-2.5092,3.2595,7.6072,4.2301,-1.0773,3.5333,2024.83,283.31,1254.6,188.21,3506.16,322.53,0.07094,0.0116,0.05392,0.01862,44.4,1905.5,22050,2.68,idle,54.8
391,Healthy,-195.9272,20.1888,106.3145,8.0563,-7.2817,6.179,10.9624,2.9157,-3.3796,5.9622,7.6867,3.7212,-5.1198,2.4253,6.436,2.9715,-2.6539,3.1977,5.7725,2.8121,-0.9002,1.9821,3.0986,3.5337,-2.0528,2.7126,1752.45,172.21,1045.9,96.54,3169.57,325.47,0.06063,0.01455,0.04294,0.01215,65.3,1347.3,22050,3.73,idle,73.9
392,Brake System Fault,-166.8048,19.9715,91.91,20.9435,-18.2992,9.9614,11.6274,10.869,-6.9507,8.5948,10.6453,8.3022,-4.1819,8.6681,9.3956,4.3836,-2.3882,7.6107,8.0301,5.0213,-3.9587,7.2371,7.7358,4.6015,-4.1197,5.9939,2656.46,463.63,1712.11,259.5,5255.53,664.46,0.11111,0.02919,0.07524,0.01137,4122.8,673.6,22050,3.96,idle,58.2
393,Battery Fault,-194.7386,16.967,118.6299,13.1708,-2.0523,5.8764,12.2376,7.3056,-5.2896,5.0617,8.8249,5.19,-5.3988,4.1393,5.9125,4.4645,-4.5017,3.5283,6.5951,3.7612,0.4626,3.9558,7.2019,3.5953,-0.7926,4.2885,2060.11,242.77,1207.07,171.38,3268.28,283.14,0.06834,0.01367,0.04893,0.00756,167.8,415.9,22050,3.4,idle,77.6
394,Healthy,-197.7009,17.2642,116.7855,11.3831,-6.48,6.8043,16.753,5.7157,-6.4923,5.4831,10.3811,3.2518,-1.5988,3.3051,5.894,2.8393,-2.7035,3.3694,7.9159,2.9209,0.2102,1.8923,3.2167,3.2364,-0.3347,3.1264,1780.19,175.81,1071.75,165.9,3167.22,308.04,0.06463,0.00966,0.04155,0.01598,15.1,1198.5,22050,3.54,idle,73.7
395,Healthy,-199.8775,12.4589,113.9773,10.893,-4.8024,7.0589,12.4753,5.0941,-5.1476,5.1992,8.4236,2.9087,-2.9972,3.2916,7.8212,3.3582,-0.3604,3.2323,5.4363,2.8368,-0.8282,2.8637,0.8455,2.9348,-0.1564,2.4504,1754.7,170.55,1112.71,115.66,3091.92,260.46,0.06017,0.01394,0.04919,0.01189,26.8,1399.5,22050,4.06,load,55.4
396,Battery Fault,-199.9973,15.5045,113.109,8.7744,-9.7529,5.9518,12.3455,4.8379,-2.753,4.4629,7.3991,2.8195,-1.7576,3.6152,7.0118,6.3244,-6.3602,3.5322,2.8881,3.1093,-1.3009,1.7411,4.1141,4.0439,-3.6054,4.821,1879.39,222.94,1246.12,148.35,3504.59,309.09,0.06991,0.0113,0.0544,0.01281,181.8,634.8,22050,2.98,idle,71.4
397,Clutch Slip,-180.5769,21.879,111.7147,13.1888,-4.4617,7.4645,11.9848,6.0326,0.4711,6.5755,7.6636,7.2466,-5.4598,3.6106,5.4827,6.0147,-7.6338,4.7871,1.6771,5.0019,1.54,4.5786,5.5296,4.1329,-0.908,3.5104,1968.28,263.69,1224.62,170.36,3566.43,379.37,0.08215,0.01352,0.04619,0.01204,32.9,1323.8,22050,3.33,revving,76.2
398,Brake System Fault,-180.9454,28.8286,105.8587,17.6131,-20.7436,13.9317,17.1264,8.7666,-9.3692,9.0079,12.271,7.5313,-4.2555,5.6703,6.1173,7.1411,-3.6548,6.8393,12.1989,4.3071,0.3392,6.3199,8.1413,5.3971,0.8043,4.6821,2676.23,472.96,1761.17,362.06,5170.91,661.51,0.10909,0.02543,0.08961,0.01807,3231.3,1161.1,22050,3.59,idle,75.8
399,Battery Fault,-190.425,19.2557,111.4695,11.0658,-5.76,6.9318,10.8605,5.3437,-3.7935,5.0251,6.7657,6.0364,0.6305,2.83,8.4097,5.7271,-5.2078,3.9886,6.2019,2.5937,-1.2062,4.2945,7.3819,2.4425,-3.2939,4.1262,1991.7,148.53,1145.67,194.01,3558.31,274.07,0.07899,0.0122,0.05355,0.00836,137.0,809.7,22050,3.62,revving,75.9
400,Oil Pressure Fault,-191.2574,16.8379,110.6262,15.0392,-7.388,10.2901,11.402,9.9414,-3.7174,7.3304,10.6005,3.9919,-4.947,6.1562,9.2106,7.1515,-5.2075,4.1899,6.531,4.0799,-1.1629,3.5242,5.9583,3.0658,-2.002,5.1905,2225.03,265.92,1327.84,175.27,3905.5,412.72,0.08113,0.01733,0.05693,0.01637,1020.5,1170.9,22050,3.04,load,53.0
401,Healthy,-199.5487,15.2722,112.0541,8.1188,-5.3081,3.8636,13.0317,4.7639,-3.3054,4.8117,10.8892,4.2753,-4.3076,3.0821,6.187,3.6304,-2.253,2.2598,6.0883,3.0747,-0.5183,2.2163,6.0191,3.0971,0.5786,2.5036,1739.65,140.92,1105.66,133.37,3144.98,223.68,0.07268,0.01488,0.03729,0.01073,46.1,1340.5,22050,2.54,idle,73.5
402,Brake System Fault,-173.2531,23.9453,105.1121,19.1232,-12.9639,12.9718,20.4562,9.4359,-3.6662,8.6645,8.5444,7.2888,-10.622,7.1574,6.1949,7.8364,-4.0934,6.4931,8.6963,8.6894,-3.252,6.8209,7.7549,4.025,-2.9375,2.66,2985.39,330.17,1844.45,338.26,5080.66,785.94,0.12202,0.03114,0.06762,0.01754,2891.6,1511.1,22050,2.79,load,58.1
403,Engine Overheating,-185.1065,15.046,111.1151,10.6572,-7.2685,8.9605,6.7316,8.3643,-6.6579,7.9373,17.0298,6.8551,-0.5332,4.988,14.5483,6.2098,-2.7683,5.2592,9.0552,4.3365,-4.3713,4.1541,7.2864,4.6696,-3.4705,3.5427,2530.4,357.3,1424.71,249.52,4085.69,725.27,0.0929,0.02091,0.07368,0.01209,2676.1,983.5,22050,3.63,revving,59.6
404,Healthy,-194.8912,11.4572,115.1556,8.3777,-8.2007,6.2814,11.8219,2.6608,-3.1364,4.8226,8.7609,3.732,-3.6771,3.4535,7.9145,2.4104,-1.5339,3.3989,4.1012,3.5759,-1.775,3.8073,3.8381,2.8028,-1.4012,2.9186,1762.56,144.1,1124.51,121.72,3084.05,219.06,0.0551,0.0121,0.04719,0.00946,101.3,626.0,22050,2.98,idle,57.4
405,Engine Overheating,-182.7738,11.4069,110.2708,12.4197,-15.8862,8.6348,5.264,7.2857,-2.5862,7.3929,10.1601,7.5378,0.1636,5.8561,13.1079,6.7124,-3.2756,7.0636,12.9585,6.3622,-3.3053,3.4059,7.7225,3.8225,-0.4635,2.3283,2446.61,284.31,1450.41,293.56,4213.05,577.32,0.09673,0.01977,0.06363,0.01402,2305.2,738.0,22050,3.44,load,67.1
406,Engine Overheating,-185.7373,17.0611,105.4107,12.7771,-10.1561,10.6818,15.5991,6.2653,-1.752,9.2984,11.2435,4.3353,-2.161,4.6587,9.7639,4.7732,-5.7961,5.6513,6.6896,4.3506,-0.8006,4.2797,5.229,2.7718,-4.1229,3.4704,2409.74,305.45,1501.77,223.2,4294.96,505.49,0.1018,0.01875,0.06184,0.02061,2674.9,637.6,22050,4.3,load,73.4
407,Brake System Fault,-164.7481,25.6447,86.9689,21.0653,-11.7357,8.7235,14.5374,9.9964,-8.0401,9.5269,15.4596,8.0933,-9.6679,6.992,7.506,6.8507,-4.5738,7.8822,7.3385,5.1469,-1.773,5.2313,3.022,4.5209,-1.3948,5.233,2942.94,496.16,1812.18,253.1,4862.11,627.62,0.10458,0.01726,0.07889,0.02002,2885.9,628.6,22050,3.48,load,49.7
408,Healthy,-201.3888,14.513,108.0882,8.4289,-8.0897,4.5897,12.9386,5.0622,-4.9355,4.0163,7.6932,4.2034,-2.795,3.0988,7.2961,2.6523,-2.7955,3.0862,5.1047,3.1757,1.4648,2.5577,3.7649,2.6014,0.1453,2.9137,1815.41,183.32,1042.16,144.2,3167.32,249.7,0.06419,0.01795,0.03742,0.01331,89.0,1379.5,22050,3.63,idle,62.9
409,Brake System Fault,-160.0187,22.2216,96.2563,19.1383,-11.3708,10.1841,16.8404,9.4782,-9.0524,11.2916,18.0662,7.3644,-3.7618,7.5468,10.983,9.1909,-3.7045,8.1887,8.2916,5.5443,-4.2882,6.0408,6.0896,5.9308,-3.0469,5.5913,2670.13,402.44,1834.98,292.26,5069.07,670.6,0.11617,0.02492,0.0819,0.02454,3733.7,1521.5,22050,3.47,load,55.5
410,Healthy,-199.5997,6.7165,111.0279,10.4845,-9.227,4.0174,11.3163,6.179,-4.9791,6.1589,10.3261,4.6687,-2.7588,2.3031,7.5172,2.6794,-1.5019,2.8665,4.6685,3.4618,-0.0617,2.9438,2.7267,3.3441,-1.4492,3.5428,1737.25,157.28,1023.39,114.64,2994.48,184.97,0.05254,0.01302,0.04206,0.01149,144.9,847.2,22050,3.37,idle,49.9
411,Oil Pressure Fault,-198.1138,21.726,110.2978,14.7683,-6.6528,7.8443,14.5666,9.9065,-7.3912,9.4021,9.6555,5.6448,-4.1558,7.4923,6.2202,5.8482,-1.5324,4.1975,5.9965,5.6563,-2.1961,4.4821,4.8393,4.5987,-1.4204,4.3853,2079.75,231.88,1294.78,183.24,3762.22,397.35,0.07627,0.01319,0.05751,0.01098,849.1,930.5,22050,4.14,revving,63.0
412,Battery Fault,-187.8075,10.8219,111.7735,13.34,-3.6692,6.4871,11.0304,6.0067,-1.5531,4.1405,8.0537,4.0473,-3.525,2.5694,5.8642,4.5027,-5.463,2.5643,5.8841,4.2825,0.6114,3.8876,5.662,4.1588,-3.4221,3.6704,1966.57,234.58,1175.95,114.5,3405.82,334.89,0.07951,0.01091,0.04977,0.00699,210.0,642.8,22050,2.68,load,73.0
413,Oil Pressure Fault,-196.5289,15.631,110.0726,13.1095,-12.5547,10.757,19.7227,10.5693,-5.8896,9.2624,8.9724,5.2314,-1.057,6.879,9.4636,6.5701,-2.9187,4.9979,9.1677,5.8589,-1.2311,4.3857,3.5239,4.3411,-1.2325,4.5729,2136.02,228.62,1322.51,198.07,3830.29,465.32,0.07,0.01838,0.06042,0.01259,670.7,1611.8,22050,3.12,idle,54.5
414,Clutch Slip,-189.4565,19.9104,109.0442,10.7084,-4.326,5.9837,7.9662,8.6306,-3.9026,4.5726,9.9605,5.4755,-6.6584,5.4813,3.505,3.7312,-1.995,4.3269,7.6978,4.1116,-2.8388,5.1455,4.3301,3.9643,-4.555,4.7868,2118.65,247.85,1268.56,226.01,3719.51,313.01,0.07997,0.0171,0.04627,0.01172,7.2,1544.3,22050,3.39,revving,52.3
415,Clutch Slip,-178.7833,21.6431,105.6353,16.2128,-8.7109,6.2558,11.3411,7.9278,-9.124,6.6108,10.6881,7.0883,-1.4857,5.4746,8.159,4.7059,-5.2076,4.6271,7.0638,4.4829,-0.9474,3.4585,3.5148,3.7489,-1.1481,4.2532,2079.22,250.55,1328.98,208.36,3521.55,402.36,0.08769,0.01686,0.0561,0.00795,26.3,1574.5,22050,3.75,load,76.5
416,Battery Fault,-189.9764,18.7597,116.7336,8.7944,-11.5928,8.9383,11.0969,5.9003,-3.5666,5.7869,7.8245,4.6269,-3.0795,4.7836,8.9047,4.5155,-2.8135,4.6775,5.0134,2.7324,-2.9798,4.4044,7.826,3.0217,-4.7385,4.2352,1825.62,188.0,1196.68,164.58,3404.24,296.96,0.07464,0.01657,0.0541,0.00888,122.8,1358.7,22050,3.86,load,76.3
417,Healthy,-195.4113,13.9457,108.7422,10.0797,-10.4301,6.3103,10.759,4.6731,-4.6712,3.547,8.8432,3.9618,-3.6914,3.1239,7.2259,2.2057,-3.1959,4.3858,6.6527,3.5731,-0.4641,2.4862,4.0904,2.3558,-0.6027,2.8334,1725.41,210.67,1073.88,138.93,3173.84,275.76,0.06324,0.01074,0.04425,0.01081,127.0,811.9,22050,3.53,load,63.0
418,Clutch Slip,-188.2926,18.3463,112.3718,12.1091,-3.3866,8.0428,9.1071,6.9426,-7.6426,5.8089,16.218,5.6268,-5.0437,5.6611,9.0105,5.4794,-2.5729,5.1088,3.734,4.5728,-1.8576,5.2767,2.6776,4.0648,-1.6093,4.3764,2007.18,271.28,1332.91,184.46,3557.49,336.12,0.07748,0.02155,0.05144,0.01298,22.4,1627.3,22050,3.11,revving,58.7
419,Clutch Slip,-193.7155,14.9421,110.5391,14.0969,-6.5375,11.2303,12.6469,6.4731,-8.5905,6.4805,11.0491,7.362,-4.3382,3.7475,6.643,4.8604,-1.5881,4.4898,8.924,7.3058,-2.4771,4.1708,5.1709,4.9731,-1.593,3.353,2086.97,181.79,1323.26,208.44,3747.02,224.01,0.07086,0.01876,0.05391,0.01598,32.4,2059.7,22050,3.62,load,54.5
420,Engine Overheating,-185.463,20.4775,102.166,10.1283,-9.9414,6.394,13.2978,6.9368,-6.3482,6.3562,12.9451,8.3787,-0.875,4.7912,4.461,6.4475,-5.0722,5.5449,9.7092,4.9837,-4.0959,5.2363,7.004,4.4891,-2.2054,5.1615,2453.58,320.52,1537.12,240.7,3930.9,651.54,0.0897,0.01959,0.06444,0.02014,3122.0,1284.6,22050,4.17,idle,63.0
421,Healthy,-199.7457,11.3091,110.7106,8.2646,-7.2894,6.145,12.5258,5.4436,-6.6322,5.5625,10.7065,3.2789,-2.0443,3.4165,6.3906,1.7971,0.0569,3.1022,5.4567,2.6276,0.3638,3.9238,4.098,2.7099,-1.0059,2.5874,1689.44,184.46,1021.51,85.14,3100.65,250.22,0.05672,0.01812,0.03568,0.00888,57.1,1346.6,22050,2.74,load,48.8
422,Battery Fault,-188.4327,14.8153,112.6731,15.1344,-6.7536,8.7114,12.6342,5.8299,-3.6699,3.8953,6.9065,2.8428,-0.3333,4.1402,10.3484,5.7347,-6.292,4.9509,5.0792,4.679,-1.3215,4.2375,6.73,4.5368,-2.2069,5.1484,1936.09,225.59,1248.35,142.92,3218.36,300.67,0.07467,0.01378,0.0524,0.01029,161.8,988.6,22050,3.38,idle,58.5
423,Battery Fault,-184.9419,15.0721,107.0313,17.3138,-4.8983,5.1637,8.8081,6.6829,-3.4263,5.5811,8.204,6.2902,0.9601,3.866,13.3999,4.3639,-6.7151,3.8673,5.8951,4.9963,-1.11,4.4728,10.8067,4.127,-2.5957,3.678,1929.02,255.78,1203.12,135.53,3237.63,226.04,0.07215,0.00769,0.05525,0.01217,211.2,1179.9,22050,2.61,revving,65.2
424,Engine Overheating,-180.8525,12.1311,110.4604,14.1071,-11.1772,10.6508,7.8521,7.2453,-3.7722,4.4415,16.2695,8.297,-5.0384,4.5676,11.0734,6.2983,-3.3645,7.7929,7.9654,4.9764,-3.3852,4.8491,5.6817,5.1815,-3.2449,3.7985,2568.28,362.11,1669.61,228.31,4154.56,502.87,0.09997,0.02145,0.0617,0.01166,3623.6,1078.8,22050,2.64,load,74.4
425,Engine Overheating,-184.0569,16.5655,100.6812,13.367,-9.6126,8.8635,12.3319,10.2319,-2.1141,8.0902,14.741,6.1408,-1.9166,6.1324,10.0609,5.6392,-5.3153,5.0092,5.3619,5.3506,-2.1258,6.5745,7.9255,4.0398,-0.4742,4.9179,2504.75,338.05,1583.24,238.51,3990.04,601.09,0.08191,0.02045,0.05996,0.01335,2983.7,1535.2,22050,3.93,revving,72.4
426,Clutch Slip,-197.6576,21.6036,114.9852,15.2385,-2.0196,7.6542,11.7633,3.6722,-5.7163,6.1079,9.4489,8.2669,-4.5879,4.1347,8.6466,5.2096,-3.0732,4.7548,3.2808,6.9747,-5.5478,3.8963,2.6368,4.3408,0.5175,3.4935,2041.82,224.19,1247.4,177.03,3676.41,329.34,0.07263,0.01862,0.05552,0.01354,32.6,1611.4,22050,3.8,revving,49.5
427,Clutch Slip,-190.2083,19.3205,105.5158,18.004,-10.659,8.9086,12.642,6.4495,-8.1813,7.2083,11.6625,5.7564,-3.8224,6.4347,7.3333,4.5905,-1.7187,4.458,4.3295,5.4025,-3.2211,3.873,5.4805,3.9317,-0.9113,3.7781,2041.86,269.94,1405.44,129.27,3731.41,340.27,0.07997,0.01118,0.05673,0.01127,42.3,1508.6,22050,3.9,load,54.2
428,Clutch Slip,-196.0864,18.1326,102.8434,15.8737,-4.3796,7.7201,8.7882,5.4327,-8.937,6.242,10.584,5.6356,-6.6501,5.15,8.7225,6.5967,-4.9598,5.1825,7.4321,4.1746,-1.2512,3.239,7.796,4.3331,-0.8607,4.6582,2038.79,145.54,1258.05,162.74,3748.48,352.73,0.0735,0.01098,0.05248,0.01011,21.1,1840.8,22050,2.87,load,75.0
429,Clutch Slip,-188.8425,25.1993,106.185,15.8199,-4.9384,8.771,10.7728,5.8233,-5.9851,4.2186,12.2445,6.3588,-3.5775,3.4211,10.5142,5.4461,-3.5997,4.9425,7.8683,4.8938,1.4667,3.8756,3.256,3.8339,-1.1447,3.2731,1906.5,215.02,1248.05,192.03,3643.94,376.82,0.07697,0.01969,0.05105,0.01294,34.4,2075.9,22050,2.54,load,60.5
430,Clutch Slip,-192.3656,21.8313,114.2808,9.5486,-2.2637,7.4134,12.4523,5.8351,-1.5918,4.6048,10.9875,5.2946,-2.9035,5.3459,8.294,5.5012,-4.9035,6.5334,8.4399,5.3639,-1.6877,3.9263,3.5995,4.4891,-0.4885,4.3403,2026.73,219.22,1216.03,148.25,3632.39,387.14,0.07266,0.01376,0.05843,0.00703,41.0,1776.7,22050,2.62,idle,77.0
431,Battery Fault,-199.4604,19.4094,108.7869,11.7599,-11.9313,6.8282,11.2649,7.1068,-3.0257,5.1342,7.6671,4.8916,-1.0667,5.1018,7.6363,4.4408,-4.6299,3.3736,2.7695,3.6544,-1.152,5.2053,7.1316,4.7173,-2.6433,3.3667,1995.82,176.15,1233.11,140.47,3366.92,352.89,0.07079,0.01422,0.04978,0.00824,103.0,859.7,22050,2.53,idle,60.1
432,Healthy,-202.5568,13.2979,112.1069,8.9624,-11.9784,5.7462,12.2423,5.2937,-6.9124,4.385,9.7852,4.4143,-4.6428,2.5379,7.7559,3.6728,0.534,2.6532,6.0461,2.6894,0.1619,3.2191,4.9029,2.8487,-2.5259,3.6369,1726.85,172.45,977.93,109.53,3193.66,244.93,0.06011,0.01088,0.042,0.01122,54.8,727.4,22050,4.37,idle,51.8
433,Oil Pressure Fault,-191.3965,19.3319,112.3795,10.9485,-2.3023,6.5387,11.7924,8.3543,-5.9808,3.4433,7.4626,7.7769,-5.5274,6.5717,9.6601,3.9208,-2.3636,4.5206,7.5217,3.6492,0.4948,4.9875,4.1992,3.2797,-0.6655,3.5184,2122.03,244.38,1341.67,179.83,3740.36,482.32,0.08103,0.0124,0.06024,0.01635,1453.6,1618.6,22050,2.96,idle,50.3
434,Oil Pressure Fault,-194.3815,22.3215,111.787,14.7817,-1.843,11.3705,15.7393,7.864,-2.06,6.7844,8.1181,5.9828,-2.5077,6.1109,7.8517,5.1849,-1.8293,4.2288,9.1602,3.8567,-2.6512,4.4318,6.6184,4.1026,2.7537,3.416,2262.3,271.4,1280.06,128.54,3872.56,334.1,0.0746,0.01696,0.05657,0.01517,633.8,713.9,22050,3.72,idle,69.0
435,Clutch Slip,-190.4597,20.2253,114.171,11.4108,-2.7836,8.0861,14.752,6.477,-9.7619,5.611,12.3334,5.0678,-5.9082,4.299,7.7819,4.4098,-3.919,4.1492,6.5639,5.3191,-1.1852,5.8441,2.717,3.9868,-2.3067,4.4664,2071.58,262.46,1316.37,177.98,3765.05,327.62,0.07139,0.01961,0.05034,0.01617,34.5,1631.4,22050,2.52,idle,65.7
436,Battery Fault,-192.6623,16.0853,117.996,11.4423,-10.4191,6.2987,9.0773,7.2922,-2.9107,4.0371,7.057,4.3901,-3.007,5.5598,7.9174,4.2905,-6.6421,2.7702,5.3482,1.9757,-0.415,3.0266,10.4,3.9961,-3.4879,3.8741,1856.67,215.25,1153.96,140.26,3451.26,337.26,0.07464,0.0155,0.04805,0.01139,117.7,1047.9,22050,3.11,idle,58.6
437,Battery Fault,-190.2801,15.856,108.3537,10.988,-4.2422,5.4676,7.9667,7.6124,-4.7908,4.3154,7.9309,4.491,-3.4912,3.9001,9.4715,4.3687,-4.9965,5.8791,3.1466,4.4782,-2.1573,4.1798,6.2222,4.0532,-3.5656,3.1534,2011.72,253.19,1133.42,132.28,3404.83,245.85,0.07133,0.01545,0.05073,0.00875,156.5,887.6,22050,2.58,idle,58.4
438,Battery Fault,-198.6718,16.9504,115.3077,12.1173,-6.6935,6.1782,10.9879,6.0902,-3.1809,5.8476,9.7329,5.8572,-2.8251,2.9008,8.4679,4.0754,-5.2867,4.7253,7.1443,3.8817,-0.5671,5.2106,8.2089,4.7763,-4.54,3.2355,1798.7,192.17,1185.49,150.76,3544.49,273.03,0.07769,0.01317,0.05046,0.00928,92.6,970.5,22050,3.49,revving,77.6
439,Engine Overheating,-179.2788,11.7287,108.6247,10.6662,-13.7129,10.8038,10.1041,6.7952,-5.3325,8.5019,10.2274,6.4619,2.7978,6.1564,9.0419,5.7405,-6.892,6.1637,7.2563,5.1606,-5.3747,5.3183,2.6795,3.2192,-0.4789,3.3634,2529.57,262.35,1397.02,196.24,4223.84,509.29,0.09123,0.02104,0.06495,0.0113,3508.5,903.5,22050,3.44,idle,67.5
440,Oil Pressure Fault,-192.914,16.0954,113.2985,13.1315,-5.7307,10.3868,14.1305,8.5557,-4.1529,6.9702,11.9907,6.9271,-0.6544,5.3085,7.9451,3.1579,-3.2233,5.9937,7.6864,5.4387,-1.1839,4.4197,6.9455,3.2158,-0.3492,4.3908,2065.35,274.34,1260.92,144.25,3522.98,387.02,0.08335,0.01863,0.05153,0.01738,670.6,1087.2,22050,3.3,load,65.2
441,Brake System Fault,-186.0946,31.8866,98.967,13.5588,-20.6235,12.1218,15.588,5.5621,-6.6954,3.7055,11.1297,7.4958,-5.0149,7.5952,11.5745,7.8595,1.2891,6.4052,7.4592,6.5841,-2.3348,7.3672,8.0387,5.4143,-2.0725,4.3431,2806.22,497.7,1716.24,326.74,5323.19,501.62,0.1142,0.01881,0.09041,0.02535,5122.9,1440.7,22050,3.83,idle,54.8
442,Oil Pressure Fault,-189.6688,20.1331,106.7905,7.5685,-5.3574,10.6439,15.5611,11.9871,-4.9497,8.232,12.3713,8.0106,-6.7669,6.5631,7.163,3.5578,-2.8162,5.8846,10.7777,5.2969,-1.6106,4.3711,5.3119,3.2287,0.1814,4.1648,2132.8,226.04,1426.01,177.5,3885.18,362.57,0.07508,0.01507,0.06522,0.00625,1160.9,1186.9,22050,2.88,idle,48.6
443,Battery Fault,-193.4076,18.6311,114.8588,13.7984,-11.1518,10.2634,12.3938,4.4509,-1.5694,6.0032,6.9142,4.6497,-4.1065,4.0107,9.8078,4.1827,-5.7639,2.8076,3.9928,2.1434,-0.0274,3.7568,6.5653,3.9413,-3.6756,4.1723,1937.91,162.61,1160.87,167.24,3442.38,267.94,0.0792,0.00646,0.0474,0.01084,181.7,1433.9,22050,2.59,load,51.2
444,Engine Overheating,-186.4694,13.1196,113.9443,9.8727,-11.1666,7.8036,9.2889,5.0527,-0.1281,7.1753,9.4279,7.2559,-0.7782,5.3869,8.2364,5.9216,-7.9638,4.9848,7.9329,5.2655,-3.2603,5.9896,7.7063,3.8035,-1.6946,3.8887,2330.65,303.78,1418.7,241.1,4548.62,565.68,0.09399,0.01446,0.06929,0.01026,3111.8,1133.1,22050,3.88,load,48.1
445,Engine Overheating,-184.4033,15.0951,106.7386,8.8903,-8.2719,8.1016,9.4562,4.9969,-2.2789,6.4769,16.0558,6.9094,-1.178,5.3935,8.1515,6.2167,-4.6376,4.8456,9.6925,4.4887,1.7756,6.231,6.0225,4.9907,-3.2803,3.7486,2367.79,295.16,1579.49,202.34,4258.49,553.41,0.0724,0.01825,0.06474,0.01949,3194.6,1201.9,22050,3.44,revving,48.4
446,Clutch Slip,-198.8323,13.9583,110.6287,8.3286,-1.1196,5.5787,11.0536,5.9502,-7.0812,4.9283,8.5593,7.0566,-6.4338,6.4799,6.3811,4.8245,-1.1138,6.3201,8.3472,4.7391,-0.1122,3.5867,2.523,4.0133,-3.0632,4.5822,2076.51,207.93,1179.91,169.46,3620.73,199.86,0.07311,0.01647,0.05672,0.00863,55.5,1448.3,22050,2.84,load,49.7
447,Battery Fault,-196.2973,14.2651,111.0548,10.4519,-10.4609,5.4482,6.9776,4.8108,-2.0711,6.4826,8.5476,2.6462,-2.2685,2.7163,8.7561,4.8311,-3.2528,3.0603,5.3123,4.7787,-0.764,4.1864,3.8439,3.8609,-0.8671,2.9581,1888.85,183.98,1187.84,123.74,3430.31,274.86,0.07029,0.01285,0.04861,0.01003,155.9,1245.2,22050,3.27,load,70.5
448,Brake System Fault,-175.6217,29.1806,93.4556,20.6668,-11.495,14.2962,19.5649,12.5664,-6.8469,7.5462,7.0279,7.0147,-7.4445,8.5752,6.6958,7.2877,-8.0394,7.712,9.1873,5.2605,-1.5725,4.7404,7.052,4.3374,-2.1323,4.5155,2686.54,454.51,1788.73,316.03,5006.07,666.89,0.10445,0.02085,0.08398,0.01669,2413.6,1076.9,22050,4.3,revving,48.6
449,Engine Overheating,-182.0295,14.7439,106.9544,13.6331,-5.2763,7.7581,11.0401,8.3639,-2.9737,9.1772,10.8226,7.4577,-1.1327,7.4687,10.2257,4.0436,-2.8024,5.941,7.8139,3.94,-1.1179,5.561,3.7832,4.5381,-0.9268,4.6119,2402.99,284.32,1597.94,215.65,4314.54,320.9,0.09096,0.02086,0.06608,0.01148,3442.2,1011.7,22050,2.9,revving,66.3
450,Battery Fault,-197.253,11.242,114.2322,12.007,-6.8024,7.9579,14.0531,4.2084,-3.4113,6.177,10.9325,4.4758,-4.1068,4.2142,7.9321,5.5062,-2.8463,3.6439,4.2562,2.8787,-1.68,4.7266,5.4453,4.1234,-2.6983,3.2772,2034.28,155.54,1186.05,141.56,3423.44,357.08,0.08706,0.01571,0.04807,0.00849,199.2,1009.0,22050,3.09,idle,67.4
451,Clutch Slip,-200.7412,25.6153,122.155,14.3881,-2.947,8.7612,14.2466,4.6383,-3.5525,7.0438,10.0794,7.3139,-3.4992,5.0193,8.4419,5.1082,-4.6626,4.6711,5.9179,3.8893,-3.3649,4.6857,5.5963,3.819,-1.8274,6.5795,2111.06,288.13,1258.4,159.55,3678.4,321.27,0.07967,0.01368,0.05071,0.01068,27.7,1389.3,22050,2.76,revving,58.2
452,Oil Pressure Fault,-180.6412,17.0295,113.8793,19.6744,-5.2355,11.706,15.6259,5.9604,-5.2775,7.1354,10.1229,5.9753,-6.5433,5.7672,7.9198,6.863,-6.3323,4.2654,8.0204,5.9293,-0.3929,4.1168,5.2119,2.5442,-2.3333,5.0805,2136.48,265.97,1349.75,214.67,3861.91,368.93,0.08383,0.01443,0.05249,0.01532,874.3,1029.6,22050,3.31,idle,77.0
453,Battery Fault,-199.6255,17.1318,114.9009,10.7585,-9.167,4.771,15.2705,4.5048,0.3209,3.3571,6.8675,7.2763,-3.5103,4.5972,8.5399,5.1455,-5.2471,3.7344,3.6998,3.4151,-0.4996,4.07,6.8634,4.2445,-3.7141,3.7591,1901.42,230.91,1193.71,111.63,3395.46,345.7,0.07165,0.01243,0.04375,0.01091,178.8,771.5,22050,3.2,load,73.4
454,Brake System Fault,-185.4124,27.0839,112.2359,14.7038,-14.2747,12.5401,16.0206,8.5537,-1.4866,10.3287,15.5567,9.5983,-0.9208,5.9835,10.1527,8.395,-4.5249,6.7812,9.6284,5.1882,-3.3563,3.8142,9.1297,4.6399,-2.9826,5.1709,2640.72,392.44,1843.45,298.57,5278.42,816.81,0.10736,0.02862,0.08134,0.02702,1974.4,1081.8,22050,3.56,load,67.3
455,Brake System Fault,-173.8426,24.3027,94.9707,21.3545,-1.7784,11.2337,20.9179,9.3308,-9.828,9.3833,18.4007,7.7968,-6.0935,6.068,6.6937,7.1534,-0.5422,8.0632,8.2665,5.629,-0.9764,3.7221,6.6427,5.0887,1.5341,4.3974,2905.47,439.89,1593.87,269.21,5170.1,485.57,0.11504,0.02496,0.06576,0.02356,2961.2,1402.4,22050,3.95,idle,67.1
456,Healthy,-201.1479,14.6768,105.1785,11.1107,-7.7851,4.7165,12.6334,3.9048,-6.2506,4.291,6.2057,4.2641,-0.9376,3.039,4.8225,3.356,-1.8468,3.2644,7.6018,3.0211,-0.6061,3.3291,5.8789,2.7839,-0.755,3.8398,1719.98,132.27,1103.68,144.95,3086.99,279.8,0.05791,0.01202,0.03837,0.01163,156.7,1358.3,22050,4.12,idle,48.7
457,Clutch Slip,-185.3265,18.8294,105.0413,10.4722,-8.6147,9.1814,12.7653,7.205,-7.3897,4.6169,11.0493,4.7132,-4.2569,5.6665,12.9362,5.0043,-4.5903,7.6547,2.9109,3.934,0.2955,4.886,2.5027,3.5589,-0.5904,2.591,2031.97,232.68,1218.46,138.4,3495.58,344.21,0.08366,0.01156,0.05821,0.01463,33.2,1383.2,22050,3.2,load,53.7
458,Brake System Fault,-171.7012,18.1088,101.0742,21.7367,-10.665,12.0403,17.1492,12.2274,-6.6714,8.7702,13.2299,9.166,-7.5176,6.2567,8.2488,4.6334,-4.7707,6.6574,11.0054,5.6649,-3.4139,6.2227,7.5672,4.642,2.7512,4.0872,2840.38,432.23,1779.73,241.55,5138.03,664.24,0.09609,0.02779,0.0891,0.01614,4509.2,1016.3,22050,2.52,idle,64.0
459,Oil Pressure Fault,-186.3439,23.7396,112.2086,13.1578,-9.6204,8.1169,13.224,8.5223,-7.2907,7.0713,11.3573,6.3679,-6.4834,5.9279,6.6181,6.5499,-1.6679,3.7228,3.7872,4.3367,-2.6951,4.5106,8.5941,3.6519,-1.7834,3.611,2083.61,194.78,1306.47,177.35,3877.45,556.89,0.08478,0.01669,0.05986,0.01267,1164.7,752.9,22050,4.22,revving,63.6
460,Clutch Slip,-194.2529,12.9998,113.4721,14.5725,-3.4974,8.617,13.7515,8.2274,-9.7112,5.17,9.3664,6.6142,-5.1975,5.7144,7.1544,5.8839,-2.2372,4.3548,5.5853,6.5564,-0.4961,4.5591,5.1522,4.3615,-1.2107,3.8622,2079.41,253.0,1251.15,175.12,3608.25,250.73,0.07189,0.01368,0.05733,0.01352,30.3,2231.3,22050,3.61,revving,48.3
461,Healthy,-198.8859,9.2935,115.0475,11.2511,-5.9518,7.1501,14.685,6.0384,-4.7182,5.1246,6.3089,4.6459,-3.5252,2.0117,6.5269,3.2317,-1.636,2.8948,5.0377,1.6192,0.5463,1.2893,3.2583,3.8532,-0.955,2.5788,1792.71,163.83,1086.13,112.04,3121.1,288.22,0.05509,0.01088,0.04295,0.00784,81.4,250.4,22050,3.25,revving,75.4
462,Oil Pressure Fault,-196.9723,10.3498,114.7295,9.2804,-9.6379,9.1439,18.4906,6.6433,-4.375,5.2288,11.7473,6.8906,-6.5758,6.2296,6.4255,3.8747,-4.2108,4.8892,7.1037,2.9692,-2.7907,3.9764,8.2092,4.6547,-0.837,3.8309,2031.03,202.54,1368.06,202.97,4092.64,395.66,0.0892,0.01596,0.05499,0.0155,1159.1,408.1,22050,3.94,revving,73.2
463,Healthy,-191.2596,15.0185,109.7569,7.3378,-10.2752,7.3664,12.0398,4.3284,-4.5997,5.1613,8.0151,3.9302,-2.4067,4.445,6.5026,3.1493,-1.8614,3.5873,6.6364,2.6497,-2.5197,3.6788,5.6451,3.1167,-1.536,2.2477,1755.28,170.31,1007.56,106.3,2974.36,219.87,0.05976,0.01337,0.04702,0.01192,112.3,964.3,22050,3.23,revving,65.4
464,Healthy,-204.3188,17.0869,113.0572,7.1099,-9.0898,6.8788,14.0501,5.3106,-7.2931,5.3309,12.1568,4.52,-1.1408,2.3206,4.3585,2.1011,-0.7255,4.0838,4.1393,2.9588,-0.6788,2.8851,4.2652,3.1589,-0.8724,2.7398,1838.86,209.54,1030.3,129.44,3172.83,292.01,0.06203,0.01684,0.04265,0.01045,125.6,907.1,22050,2.53,revving,48.3
465,Oil Pressure Fault,-179.2694,23.7493,111.7473,11.1422,1.7949,9.765,16.8825,6.2614,-7.3185,7.6176,7.8673,6.3247,-6.5328,8.4688,6.532,5.5499,-0.4919,4.3994,5.6808,4.5289,-0.1266,3.9025,5.7054,5.1878,-0.4681,3.4085,1995.59,242.79,1341.76,199.59,3635.34,345.33,0.08141,0.022,0.05491,0.01604,1714.5,684.4,22050,2.68,revving,73.4
466,Battery Fault,-197.4479,16.3036,114.8044,16.198,-2.1659,7.5756,12.3554,6.6632,-2.2073,5.1107,7.3845,4.3245,-2.1509,3.219,6.1896,4.3094,-3.9368,4.7257,6.6508,3.326,0.0628,4.381,4.4984,5.0965,-2.7277,5.406,1919.14,202.28,1206.44,130.57,3263.39,299.79,0.07292,0.01818,0.05272,0.00954,89.5,1381.0,22050,4.14,load,52.6
467,Battery Fault,-199.767,12.7458,112.3345,7.4958,-6.4494,8.2965,10.8495,7.5356,-3.443,4.6066,7.2271,7.3082,-3.4836,2.5278,7.8438,5.7676,-5.6529,3.8748,3.3419,3.218,-0.9843,2.0454,3.9388,4.45,-2.1508,4.091,2077.26,203.17,1201.52,159.47,3229.77,288.66,0.07193,0.01375,0.0439,0.01041,140.4,1392.8,22050,2.9,idle,62.7
468,Clutch Slip,-179.129,19.4365,112.3675,13.0229,-3.4834,7.5751,15.4654,8.5264,-8.7409,4.0132,10.265,6.9931,-4.5218,4.7696,7.2369,5.6067,-1.6966,3.7711,7.7402,3.1793,0.0939,4.0046,3.023,5.2064,0.5754,4.077,2111.32,264.24,1343.29,177.89,3615.62,295.24,0.07641,0.01535,0.06688,0.0094,44.9,1904.3,22050,3.93,idle,74.7
469,Battery Fault,-192.4609,18.3644,117.213,6.4353,-3.7016,9.6371,11.857,7.4102,-3.2035,4.2906,8.3507,3.5684,-0.1452,4.3213,7.2475,4.7827,-5.1958,3.9096,4.2902,3.9531,-2.0685,2.8431,6.2831,3.805,-3.6754,4.6853,1910.51,225.11,1245.07,169.88,3299.92,354.47,0.07379,0.01735,0.04735,0.00982,112.6,627.2,22050,2.86,load,52.3
470,Battery Fault,-189.6634,22.2491,107.6963,17.9572,-7.4826,7.4905,13.7748,8.5776,-6.2924,4.2523,7.1756,5.0474,0.0135,6.2454,8.3012,5.1399,-5.2272,3.7649,3.1898,3.232,-1.671,1.994,8.8871,4.0354,-3.2797,4.253,1896.44,260.74,1176.56,142.69,3593.17,169.34,0.06958,0.0117,0.04434,0.00867,166.4,1212.6,22050,4.39,idle,60.7
471,Clutch Slip,-202.4129,18.9694,107.6311,11.995,-1.181,7.7744,13.2125,4.4864,-5.3112,7.787,12.9106,9.0448,0.5049,4.7594,7.7979,5.345,-0.7858,5.4131,9.4842,5.4241,-2.2719,2.7001,2.4896,5.0181,-2.2572,3.0,2119.73,218.48,1344.15,112.42,3554.42,390.78,0.08031,0.01729,0.05342,0.01136,17.0,1962.3,22050,3.11,revving,61.2
472,Brake System Fault,-182.1255,21.8121,96.187,21.685,-14.2591,12.5754,13.553,12.8554,-8.9542,8.9248,10.2577,9.0862,-4.6438,7.4771,12.4974,5.3777,-6.1696,6.5392,10.5537,4.3531,-6.5811,6.2097,9.0183,4.443,-0.7586,5.0591,2589.78,431.12,1775.2,234.18,4989.59,528.37,0.12055,0.02553,0.07017,0.01801,3530.1,370.8,22050,3.24,revving,77.2
473,Battery Fault,-188.3535,12.0743,111.2141,9.6502,-9.2673,7.6989,11.8971,5.2363,-4.37,5.7532,8.8388,4.9756,-0.3908,5.3182,7.0684,4.4454,-4.8064,4.5596,5.0271,5.3861,0.4353,4.6305,7.1121,5.146,-2.2284,5.3437,1957.4,201.1,1199.37,143.96,3330.33,346.32,0.07547,0.01644,0.04851,0.00726,177.7,733.9,22050,3.92,revving,62.6
474,Engine Overheating,-183.2214,19.7278,100.2077,10.5891,-14.3939,8.3991,12.5607,10.0427,1.4976,7.4999,12.7448,7.9901,-2.5842,6.7374,14.5041,6.911,-4.0651,6.1681,8.8832,5.5701,-1.7773,3.6095,7.8317,3.3759,3.1146,3.9958,2506.6,361.35,1469.05,209.53,4263.28,417.08,0.10123,0.02052,0.06559,0.01515,3523.5,1641.9,22050,4.43,revving,66.7
475,Engine Overheating,-184.1604,11.3021,98.0667,14.141,-15.9981,8.9907,9.9004,9.411,-6.1964,7.4393,15.0747,6.6873,0.9635,4.4197,9.6447,8.5729,-2.3992,7.8823,8.7932,4.8819,-3.0825,4.2535,2.8053,4.0957,-2.3862,3.7926,2463.97,378.29,1575.61,186.69,4381.26,384.86,0.08234,0.01461,0.07029,0.01397,2850.1,1121.4,22050,3.18,revving,69.4
476,Engine Overheating,-179.7302,14.8624,103.7632,13.8975,-11.0951,7.4083,8.6804,11.3853,-1.6454,8.9053,15.1548,8.4442,-3.844,4.9208,10.2764,7.6762,-1.8535,6.4773,10.2084,5.3636,-0.6275,4.7984,4.3857,2.8071,-3.8697,3.5252,2399.67,349.99,1400.75,212.93,4195.11,404.76,0.08777,0.01939,0.06171,0.02143,3499.7,1800.1,22050,3.72,revving,70.6
477,Clutch Slip,-184.8361,18.323,114.9635,15.0089,-10.1443,8.9166,10.0782,6.014,-5.1333,8.5509,16.5265,5.5393,-4.6179,3.7664,5.8858,4.6811,-1.7195,4.6899,8.1398,5.2728,-0.5013,3.4065,3.9192,3.3301,0.2656,4.3199,1914.97,207.06,1269.23,181.35,3545.43,373.31,0.07875,0.01626,0.04945,0.01086,30.8,1493.8,22050,3.98,idle,68.5
478,Engine Overheating,-185.4847,17.8189,105.8272,14.9973,-12.2902,6.888,9.8992,7.232,-3.1702,7.9784,8.9761,5.6858,-2.1675,7.6445,9.3067,5.7576,-3.912,7.9832,7.3481,6.8449,-2.3143,4.4694,5.8022,3.7989,-3.0986,2.9059,2384.32,303.2,1649.26,282.27,4344.01,548.57,0.09197,0.02396,0.07068,0.01688,2463.2,1341.7,22050,3.38,idle,56.3
479,Battery Fault,-195.111,17.1738,108.377,7.416,-6.624,8.2929,15.3155,6.1303,-3.9805,7.2446,7.8117,5.1607,1.6209,3.3371,5.0053,5.6362,-6.4388,4.6419,4.7385,4.1459,-2.3657,2.9194,6.9355,3.5118,-4.7083,3.7742,1921.36,225.4,1228.51,131.88,3354.29,255.46,0.06778,0.0139,0.04914,0.01059,180.6,627.5,22050,3.27,revving,57.6
480,Healthy,-188.2043,15.687,106.3474,8.7093,-9.6855,5.7082,10.7305,5.5863,-5.682,4.8273,8.7637,3.7387,-4.417,4.1402,5.6793,2.8531,-0.4357,2.108,4.6434,3.1547,-1.0539,3.329,4.7811,3.5778,-1.3927,2.6268,1878.38,176.68,1060.0,156.32,3267.53,283.63,0.05908,0.01334,0.03605,0.01377,95.3,947.5,22050,2.74,idle,52.2
481,Brake System Fault,-170.7288,18.3058,101.6159,18.1146,-8.5176,8.4647,16.0069,13.1661,-14.7584,9.18,13.9747,6.1507,-7.1699,7.5035,9.7603,4.997,-4.5327,6.9109,5.805,4.5473,1.0088,6.3034,8.8906,5.5668,1.3481,3.9681,2606.12,414.64,1776.91,218.97,4554.57,738.41,0.11457,0.02695,0.06779,0.025,4352.5,360.6,22050,2.73,idle,75.1
482,Battery Fault,-200.4939,9.7692,115.0448,12.3624,-4.6191,6.958,7.8057,7.3256,-5.2589,5.9264,8.1109,3.5585,-2.6484,5.4823,9.5057,4.9646,-3.0731,4.2923,5.9652,3.3375,0.8993,3.7417,5.3494,3.9556,-2.8455,4.3515,1887.04,230.49,1128.87,137.97,3228.36,308.01,0.06816,0.01618,0.04471,0.01036,168.0,1486.0,22050,3.92,idle,52.2
483,Clutch Slip,-182.7059,12.8354,111.0592,15.8662,-6.7045,10.3403,8.9731,6.5921,-5.9629,4.7787,12.8487,6.6136,-3.4452,4.4089,6.6418,4.4648,-1.0718,4.4485,2.8665,6.6133,-1.0604,5.1133,7.0632,2.1817,-1.7837,4.1232,2026.63,178.84,1203.54,104.79,3723.34,408.48,0.0844,0.01312,0.05579,0.01478,28.2,1351.6,22050,2.58,idle,66.0
484,Oil Pressure Fault,-192.2219,19.7424,114.2504,8.7074,-7.9615,7.2296,12.4699,6.6243,-5.6465,7.3881,12.106,4.6419,-5.1731,6.5782,7.0051,5.9781,-5.0,4.1234,5.2523,5.2204,-1.4257,4.5121,3.8591,4.9462,-0.9666,4.2388,2148.68,282.23,1348.31,145.73,3920.68,428.81,0.09312,0.01873,0.06313,0.01211,982.2,1571.9,22050,3.75,revving,53.7
485,Battery Fault,-191.8958,15.7368,117.7206,14.708,-11.038,5.8182,13.0842,6.8083,-1.0151,6.8284,6.342,4.7569,-3.1434,3.5913,8.415,5.6848,-4.2786,3.1413,7.4409,3.2678,-2.0193,3.9509,7.5431,3.9149,-2.6226,4.299,2001.37,163.66,1207.97,133.75,3371.04,276.63,0.06483,0.01258,0.05229,0.0123,169.1,850.9,22050,3.56,idle,63.0
486,Clutch Slip,-189.969,21.4676,107.7179,15.4099,-1.3949,9.4384,13.3052,6.9368,-9.5545,4.089,6.4569,6.2238,-4.5622,6.1817,9.9394,5.296,-5.5041,5.5315,2.4051,4.1632,-1.2557,4.5745,6.1333,4.3633,-3.536,3.3839,2050.94,162.79,1268.64,145.95,3768.64,321.54,0.08341,0.02254,0.05356,0.01194,45.0,1411.9,22050,4.23,revving,69.4
487,Battery Fault,-191.6046,13.426,115.5085,13.304,-7.4858,8.0441,11.084,6.7151,-6.596,5.9579,9.0121,4.0546,-4.9509,3.3717,10.2845,3.3504,-7.9258,3.7662,2.9633,3.4959,-1.6143,3.6733,5.8469,4.1798,-3.7015,3.0635,1883.61,218.77,1212.8,133.47,3477.13,326.99,0.07438,0.01445,0.05038,0.01109,127.9,1005.2,22050,4.22,load,59.8
488,Healthy,-199.5687,13.137,113.7943,9.2097,-5.9453,8.7692,14.2329,5.254,-4.146,5.1186,9.1053,3.5016,-2.8268,3.6082,8.8622,2.7349,-1.8739,2.91,4.3299,3.6668,-3.7285,2.7726,4.2633,3.2331,-1.9213,2.6635,1778.97,186.27,1066.7,113.68,3230.24,343.73,0.06616,0.00926,0.04389,0.01187,108.8,885.3,22050,2.88,revving,63.6
489,Brake System Fault,-169.5104,21.8312,104.0517,17.9394,-12.7517,10.966,15.6228,8.5185,-10.8955,10.2873,10.303,8.0232,-3.5278,5.4957,5.5407,6.4999,-3.4468,6.9707,6.8487,4.1474,-1.8588,6.2794,6.0166,4.2679,2.5188,5.3834,2795.2,366.43,1967.7,293.16,4878.33,758.4,0.1067,0.02373,0.087,0.02268,3323.5,1659.7,22050,2.88,idle,69.7
490,Brake System Fault,-170.7228,27.526,104.7906,15.1912,-16.6443,7.9671,16.9832,11.1716,-10.435,8.6609,14.5516,7.7572,-6.6912,7.6315,3.8348,7.3052,-4.2427,8.1196,6.6574,5.2677,-6.3994,6.0645,5.9256,4.7367,2.2954,5.6265,2720.75,359.1,1795.36,343.75,5406.06,512.04,0.10893,0.02011,0.07253,0.01841,4605.3,832.2,22050,2.59,idle,57.5
491,Battery Fault,-197.786,16.2303,108.5362,9.8104,-8.4766,5.7536,12.6876,4.5849,-2.9044,5.3425,10.3432,3.9601,-4.9202,4.2896,4.9367,5.1234,-2.8662,3.7429,6.9035,5.099,-1.5489,3.707,6.7371,5.2361,-3.9548,4.0438,1952.15,234.11,1181.35,129.61,3349.75,293.41,0.07524,0.01113,0.04173,0.00976,120.8,1505.7,22050,3.03,load,51.9
492,Brake System Fault,-187.1551,22.2182,101.7167,15.9403,-21.9205,8.847,14.0606,15.0713,-11.3825,8.9326,10.0998,6.6949,-8.0103,5.0543,12.5011,9.2746,-1.9994,6.5427,10.3996,6.0173,-2.7522,5.2485,8.4382,5.5348,-3.1481,6.1465,2667.07,412.66,1774.22,366.64,4860.86,645.9,0.11049,0.02516,0.07382,0.02025,2533.7,640.5,22050,4.34,idle,59.0
493,Brake System Fault,-169.8053,26.1233,116.876,14.1269,-18.7932,13.4021,13.0255,12.5485,-4.7086,5.9273,17.8987,7.7772,-3.7103,10.3771,14.5849,5.8414,-2.1161,6.5973,6.3848,6.4878,-2.0686,7.1034,11.1398,3.9834,-1.1389,4.4117,2667.77,483.91,1748.0,313.05,5293.23,782.34,0.11246,0.02301,0.07844,0.02498,4133.3,644.8,22050,3.73,revving,72.3
494,Brake System Fault,-168.1836,27.5539,97.0912,17.0463,-14.9562,9.0278,14.5013,9.8999,-7.3177,10.7202,13.8767,5.8456,-4.939,7.4687,10.2008,7.6468,-3.3038,4.3223,7.848,4.6142,-4.2976,6.281,9.8945,6.7325,-3.6999,4.4346,2837.83,451.8,1822.33,299.87,5436.21,762.39,0.12282,0.02122,0.0711,0.02132,3700.5,810.5,22050,4.43,revving,54.3
495,Oil Pressure Fault,-186.0021,16.145,104.7559,10.6481,-5.4401,9.9587,17.3666,8.1508,-5.4088,5.6827,11.306,6.3907,-6.3627,6.4156,6.3361,7.0313,-1.5219,5.3259,6.1865,6.6977,-1.5966,4.8505,4.6595,4.9085,-2.0251,4.6884,2162.99,239.57,1341.2,198.82,3735.24,401.67,0.08277,0.01598,0.05187,0.01125,747.3,1048.0,22050,4.03,load,52.7
496,Battery Fault,-196.9287,8.9593,118.9383,8.9572,-10.2593,5.4887,10.2214,5.223,-3.13,5.909,7.6811,5.1008,-2.1204,4.0604,10.0656,5.2399,-4.9217,4.0993,6.1689,4.6749,1.4257,3.6965,5.9169,4.8195,-4.1649,4.2465,1932.05,210.19,1217.35,140.7,3299.53,276.77,0.07636,0.01302,0.0483,0.00974,121.7,1299.2,22050,4.08,revving,72.4
497,Healthy,-197.475,14.9015,117.7088,6.5187,-4.3717,7.0962,13.6552,4.2104,-4.9795,6.2119,9.5618,4.223,-3.5484,3.0234,7.3571,3.5938,-0.6862,2.5914,4.5382,2.297,-0.6017,2.5033,3.1602,4.0625,0.6496,3.0191,1732.47,175.28,1042.31,116.71,2916.99,270.19,0.06333,0.01472,0.03798,0.00996,90.6,861.6,22050,4.03,revving,55.3
498,Healthy,-193.9306,8.342,113.6336,5.4933,-7.3009,6.6032,12.4913,4.8011,-5.9115,3.5254,7.9539,3.7275,-1.6453,3.3203,7.004,3.0702,-1.765,3.7702,4.799,3.5471,-0.8314,2.036,2.7199,2.6269,-0.1973,1.8722,1703.47,190.23,1095.94,104.45,3162.71,201.52,0.06408,0.01454,0.04231,0.01013,69.9,983.7,22050,4.1,revving,74.9
499,Clutch Slip,-188.8135,14.8315,112.5994,16.4156,-4.2189,9.4031,13.3052,8.8677,-6.9039,6.2889,9.8167,7.6829,-1.9687,6.0855,10.691,4.259,-4.9428,4.7551,7.9035,6.3321,-2.6288,3.87,5.0945,3.8265,-4.0108,4.2373,2049.44,221.99,1317.82,149.52,3638.59,263.65,0.07844,0.01142,0.05915,0.01088,39.0,2046.2,22050,3.15,revving,49.1
500,Battery Fault,-199.6533,18.0736,111.6193,10.4217,-1.8625,7.3871,12.7343,4.4338,-4.2323,5.803,8.2771,5.5526,-1.8982,5.1824,7.2722,5.2862,-4.3849,4.4161,6.0863,4.4484,-0.5663,3.2157,7.4714,2.8486,-3.3765,4.132,1803.35,241.09,1125.94,123.35,3416.62,321.56,0.07558,0.01241,0.04491,0.01035,131.9,824.3,22050,4.05,revving,64.7
501,Brake System Fault,-187.2291,22.3835,100.3843,18.8605,-13.9767,5.9073,11.7631,9.8915,-10.1389,7.8971,13.1533,8.2607,-6.2409,7.2263,9.0126,6.7792,-7.5511,7.7789,8.3891,5.0127,-3.682,5.5456,6.1436,5.0758,-0.3044,5.1412,2545.45,362.19,1767.89,283.28,4983.98,659.95,0.11208,0.01834,0.07127,0.01594,3729.5,1047.2,22050,3.84,revving,58.0
502,Brake System Fault,-178.6734,16.4643,90.3609,22.3434,-13.3159,10.6195,15.2136,12.7182,-6.2612,9.0467,10.5009,9.1455,-10.3501,6.3088,11.0536,9.2268,-0.7737,8.3379,10.3183,4.5955,-6.5134,4.1679,5.8375,3.8781,-2.1297,6.9859,2756.77,489.33,1679.44,286.78,5044.88,576.07,0.11836,0.02391,0.07531,0.01995,3719.8,228.8,22050,4.05,revving,49.0
503,Battery Fault,-196.1437,15.7117,117.7706,11.7109,-6.1761,6.0773,10.826,5.3147,-7.0152,3.9566,6.9727,5.0607,-0.3514,3.2115,9.4244,5.1367,-7.1753,4.7346,7.5663,3.682,0.3361,2.8021,7.7535,2.9587,-1.8495,5.2482,1870.29,163.83,1250.95,168.95,3567.11,316.82,0.07901,0.0111,0.05204,0.01228,201.4,794.2,22050,3.57,revving,54.9
504,Battery Fault,-198.0122,15.0144,115.8652,10.4275,-7.8301,5.4111,11.2061,7.0247,-2.8557,4.9699,7.5438,5.0073,-0.2025,3.1814,7.0366,4.4417,-4.4383,3.0477,5.897,3.0975,-2.2919,3.5798,7.7068,4.4339,-3.9396,6.3781,1984.48,219.09,1219.41,121.9,3357.31,323.16,0.07094,0.01355,0.05073,0.01072,107.6,940.6,22050,2.67,load,52.8
505,Battery Fault,-187.9731,15.0367,113.8061,11.5427,-4.8121,7.6548,11.5276,5.3055,-4.6625,5.399,9.3327,4.7277,-0.6649,3.3966,10.5216,5.9698,-3.3971,3.2691,6.6234,3.9088,-0.3137,4.4512,6.9888,4.3466,-3.1873,3.2687,1963.82,226.13,1194.78,137.35,3515.31,268.36,0.07206,0.00667,0.04989,0.01008,117.0,1242.8,22050,4.09,idle,54.0
506,Battery Fault,-197.1035,12.1788,114.9329,10.6834,-4.6444,7.4375,10.4507,7.5511,-2.4237,4.5658,11.7215,5.5384,1.2622,4.014,9.2822,3.7152,-5.8761,3.5655,5.3025,4.054,-0.5491,4.2615,6.4628,4.1689,-5.0711,2.8186,1983.83,224.41,1164.68,97.9,3291.04,295.07,0.07326,0.00926,0.04294,0.00924,123.1,1343.8,22050,4.05,revving,76.1
507,Battery Fault,-189.5338,18.5056,110.6303,9.237,-7.0903,5.954,5.946,6.4468,-6.3247,5.8202,9.9294,6.8734,-2.2706,2.5142,6.445,3.6515,-2.2318,4.8676,6.4066,3.6093,-1.2115,3.7214,4.523,4.3062,-4.3986,3.381,1984.29,224.35,1222.77,129.54,3280.38,333.94,0.06988,0.00895,0.04558,0.0106,111.4,1111.1,22050,2.58,load,78.0
508,Healthy,-194.3023,19.62,117.4972,7.0192,-3.5756,4.4937,12.8393,6.1929,-2.9735,6.0554,8.9721,5.0963,-3.1629,2.3976,6.4919,1.5746,-3.4108,2.8887,5.9447,3.3068,2.1705,2.9688,5.853,1.6742,0.6145,2.2052,1822.84,184.57,1098.15,114.66,3171.58,226.08,0.06607,0.01757,0.04774,0.0109,52.9,1214.4,22050,3.37,idle,76.2
509,Healthy,-195.3453,12.4483,110.7167,8.7471,-6.5188,5.8529,14.5845,3.1956,-2.6598,4.2931,7.1744,5.1889,-2.733,3.3226,8.1268,3.8823,-1.0239,2.4188,5.0556,2.5707,-0.8724,3.2693,3.2937,2.7218,-0.874,3.4312,1768.21,173.95,1027.75,86.04,3122.62,294.74,0.06861,0.01115,0.03986,0.01307,54.8,984.3,22050,2.83,idle,62.0
510,Healthy,-198.4315,13.4467,114.3761,7.2801,-6.015,2.7489,9.5348,6.0528,-2.3513,5.3305,7.1769,3.0523,-3.3357,3.3623,7.1542,3.5666,-1.9215,3.5278,6.4574,2.7732,-0.012,2.2699,4.404,2.3063,-0.8582,2.2447,1755.32,191.87,1031.77,142.96,3186.96,283.9,0.06125,0.01518,0.04259,0.00999,56.7,934.7,22050,3.53,revving,76.6
511,Battery Fault,-193.2459,17.2712,109.4354,8.4586,-9.5957,3.2709,8.8137,7.0019,-0.4362,3.5856,10.6583,5.084,-1.8268,3.0386,7.5573,4.1027,-4.7139,5.2569,4.0446,4.0225,0.054,4.201,8.2267,3.1801,-4.459,3.4845,1921.63,240.97,1215.3,196.0,3451.23,256.2,0.06993,0.01206,0.04412,0.01093,171.9,1604.9,22050,3.91,idle,60.4
512,Battery Fault,-190.7994,17.2099,118.6634,14.634,-4.7748,6.8568,9.7348,4.853,-4.5168,4.6881,9.4699,6.2173,-3.0762,4.5794,8.7297,5.7755,-6.0652,4.0853,7.7645,3.4354,-2.3299,4.1729,6.5945,4.507,-2.3986,4.2225,1829.34,197.77,1239.71,161.49,3375.02,403.72,0.07033,0.0106,0.04519,0.00869,182.0,948.3,22050,3.2,load,49.8
513,Oil Pressure Fault,-195.0771,14.1141,108.0484,13.495,-3.5334,8.2965,16.8886,5.8526,-7.6205,7.6225,7.4604,3.4785,-6.968,6.1723,8.5219,4.8825,-0.4189,6.4839,6.8995,4.9768,-4.8898,3.8728,5.5823,4.7789,-2.9024,5.4138,2233.72,264.08,1319.62,168.3,3983.61,469.59,0.08178,0.01431,0.0555,0.01659,1475.5,843.0,22050,2.61,load,75.6
514,Engine Overheating,-184.784,17.0066,99.6367,9.0576,-8.3144,9.6157,14.7861,6.734,-5.5379,6.274,11.5284,7.6223,-0.6217,3.9755,10.443,6.9555,-3.8207,6.5025,9.134,4.7243,-2.1412,4.9935,6.0204,5.4034,-1.7474,3.1017,2367.51,297.11,1531.33,219.17,4452.91,646.6,0.10696,0.01682,0.06618,0.01997,3279.9,1355.8,22050,2.98,revving,62.5
515,Oil Pressure Fault,-182.7839,19.6641,106.3371,13.8511,-7.6282,12.4286,13.88,4.8362,-10.095,4.1012,5.2943,5.0315,-6.2309,5.5785,7.6016,5.0148,-1.0999,6.1992,7.667,4.7873,-0.1261,3.714,7.5972,4.8357,-0.1617,2.5673,2071.57,215.61,1243.94,164.75,3850.77,424.93,0.08505,0.01554,0.0534,0.01396,959.6,1195.3,22050,4.14,revving,68.5
516,Clutch Slip,-195.1387,16.3911,111.2883,15.1236,-7.508,7.9271,16.0918,6.8269,-7.3993,5.3902,12.3347,5.9741,-6.0535,6.209,8.4017,4.092,-4.9879,3.7696,8.482,4.1214,-0.4856,4.428,4.8042,3.7299,-0.5038,4.0058,1997.43,189.84,1294.4,134.11,3756.3,308.53,0.07736,0.01657,0.05936,0.0141,23.7,1741.2,22050,2.79,revving,69.6
517,Engine Overheating,-180.0261,22.3188,105.8306,11.9979,-14.6739,9.3135,5.5356,8.2742,-5.4212,7.4959,12.2809,4.8227,-2.4741,6.3253,10.3307,7.1134,-4.0003,5.4896,9.3796,5.6439,-0.6188,5.2114,5.7043,3.8173,-3.7314,4.9893,2383.16,442.16,1494.2,228.51,4491.42,677.47,0.09831,0.02191,0.06649,0.01813,2583.5,1179.7,22050,4.1,idle,57.3
518,Oil Pressure Fault,-189.7081,23.1683,107.357,13.2217,-6.9655,9.165,11.1513,7.7123,-9.0435,5.7889,6.5331,6.5535,-7.2552,5.6561,10.6033,5.016,-1.2566,4.4221,7.0348,5.2451,-1.5128,4.1029,4.8458,3.6002,-2.7021,3.9637,2183.19,196.51,1201.56,162.6,3740.93,416.42,0.08723,0.01377,0.06,0.01201,918.5,1130.0,22050,2.75,idle,71.1
519,Healthy,-198.6501,11.8106,115.9399,9.9299,-4.2006,5.349,15.8609,4.9115,-4.4064,3.4023,10.632,3.7388,-2.2617,1.7385,6.7172,2.8276,-1.1701,3.6931,4.9802,3.4745,-0.0997,3.5554,5.9691,3.9029,-1.315,3.362,1731.65,143.18,1067.09,144.42,3144.5,234.06,0.0629,0.01219,0.03864,0.0092,103.6,849.9,22050,4.13,revving,51.3
520,Engine Overheating,-178.077,20.9725,102.735,9.2766,-12.6576,9.6725,8.3958,8.7315,-1.9065,9.6931,10.971,6.5516,-0.2781,5.7143,8.0418,6.1603,-5.1511,6.0132,8.466,4.8685,-3.0524,4.5181,5.5475,4.1315,-0.6791,4.2302,2448.47,278.37,1449.94,209.49,4159.59,460.29,0.08967,0.01657,0.06675,0.0154,3177.9,1093.7,22050,2.74,load,70.6
521,Brake System Fault,-170.1303,24.169,101.4881,17.2219,-8.881,14.3903,15.1168,9.6812,-8.3139,6.2054,12.2185,10.4011,-5.2583,6.6112,8.5875,6.6273,-4.0055,8.8742,8.5856,6.5536,-5.4346,4.5294,6.2177,5.8972,-1.7428,5.5176,2748.4,447.62,1777.24,355.1,5288.64,658.92,0.11627,0.02912,0.08345,0.019,3999.7,1674.9,22050,4.32,idle,68.1
522,Engine Overheating,-183.422,13.9726,109.873,14.4406,-4.9355,7.6269,9.7487,8.7713,-9.4666,6.2216,10.1403,9.1713,-0.7874,5.5036,7.3548,7.9099,-6.7024,5.0963,8.0134,4.6422,-2.5271,5.0792,6.5189,4.6278,0.009,3.8043,2241.66,295.38,1590.55,219.85,4284.02,547.93,0.10399,0.01936,0.06524,0.0162,3217.1,949.3,22050,3.42,revving,76.3
523,Engine Overheating,-180.0842,9.204,94.8068,10.5406,-10.8849,7.6066,13.5531,10.6047,-1.0635,6.7085,10.863,7.2518,2.6054,4.3952,9.0477,6.4043,-3.2179,5.0884,7.8649,5.1983,-4.0341,5.8538,5.9536,5.07,-1.8606,4.9174,2416.54,347.9,1376.89,217.95,4162.4,613.55,0.09917,0.02163,0.05746,0.01723,2950.3,1119.4,22050,2.55,revving,67.0
524,Oil Pressure Fault,-181.3277,20.4921,110.0469,12.5953,-2.9594,6.7381,17.3046,7.4496,-8.0114,6.9638,8.3462,7.9848,-6.3226,8.7071,8.112,3.8623,-4.1385,4.6582,6.1253,3.3317,-2.4403,5.6561,2.7225,3.9107,-0.2406,4.0567,2176.09,220.68,1340.51,185.63,3865.29,317.8,0.08353,0.02209,0.05807,0.00983,1841.3,671.8,22050,4.42,idle,66.0
525,Brake System Fault,-175.5358,23.9964,112.3457,21.0645,-9.1943,9.2818,15.9345,9.4718,-9.8431,10.3653,15.9189,8.0398,-9.0468,7.4579,11.5335,7.3233,-4.1879,7.6843,8.8924,7.0649,-2.8029,7.4671,9.8603,4.4656,-1.5588,4.9874,2927.47,363.41,1723.79,239.02,5130.76,696.09,0.11802,0.02498,0.07563,0.02548,3233.9,533.6,22050,3.19,load,61.8
526,Oil Pressure Fault,-189.3035,16.4599,106.0669,18.051,-5.1625,10.0831,13.1421,7.6307,-7.7148,4.3258,8.9789,4.8579,-1.2551,5.6111,10.1538,6.2156,-3.3637,4.8072,5.7906,5.2965,-0.2901,3.9532,4.0406,5.4368,-3.6695,4.9816,2244.34,250.7,1233.34,172.58,3993.31,533.14,0.08745,0.01752,0.05446,0.01139,1394.7,1023.5,22050,2.62,load,57.3
527,Oil Pressure Fault,-190.077,24.9732,113.9741,10.2183,-4.5541,11.2947,18.3713,9.328,-9.8953,4.1446,12.1797,8.3158,-3.8772,5.0891,8.1694,3.799,-4.9144,6.2844,2.8588,5.3239,0.1663,2.6692,7.0435,3.4763,-3.2673,5.5578,2055.48,258.88,1316.95,167.72,3984.16,435.33,0.09532,0.01313,0.05423,0.01066,987.6,1005.9,22050,4.4,revving,67.7
528,Clutch Slip,-189.6762,12.913,107.3884,9.7356,-8.3223,6.6289,10.4318,6.895,-6.7876,5.536,11.4592,6.2785,-3.3072,4.3389,4.2104,3.133,-3.2097,3.8618,5.793,6.1724,-1.9638,2.9161,4.1094,3.5489,-1.3445,2.2899,2079.24,174.52,1252.56,154.39,3627.46,442.88,0.07345,0.01604,0.05385,0.01482,19.1,1401.6,22050,2.62,idle,69.8
529,Brake System Fault,-172.6794,15.9539,103.8351,20.1403,-10.152,16.5633,14.2907,15.0855,-7.2493,7.6191,11.3881,7.3611,-8.0512,7.1844,9.039,4.4371,-5.103,5.0861,8.2746,6.5232,-0.4529,6.5287,9.3441,4.6828,-4.3675,5.7094,2865.49,394.4,1917.81,237.26,5135.08,595.26,0.10445,0.02515,0.07232,0.02663,3142.9,1033.9,22050,4.38,revving,50.1
530,Battery Fault,-191.996,12.2651,116.0112,9.0913,-10.7156,7.0675,8.9158,5.7048,-6.9958,6.8565,8.58,5.0373,-1.2099,5.2504,7.5541,5.3425,-2.5645,1.7044,5.9842,3.8295,-1.3666,2.7478,7.7626,4.3622,-1.1725,4.5471,1918.33,181.45,1191.37,108.76,3229.44,337.1,0.06982,0.00969,0.05057,0.00778,153.0,1090.8,22050,3.67,idle,65.8
531,Battery Fault,-200.9855,17.3276,117.8833,9.6898,-9.0012,6.4465,7.8142,8.0369,-5.1193,3.0788,6.1447,4.9662,-3.7695,4.7332,6.7638,7.179,-4.8634,3.7002,5.797,3.7754,-0.6905,3.4455,8.2112,4.3527,-2.1502,3.4955,1921.07,128.37,1191.43,123.77,3454.3,307.22,0.07007,0.01332,0.05313,0.0134,123.4,1499.7,22050,3.0,idle,71.4
532,Engine Overheating,-170.61,13.4572,104.2776,13.3397,-15.7561,7.9722,5.8978,8.1259,-3.9373,8.4936,13.8023,6.0579,-2.0484,5.3839,9.5627,5.5392,-3.6587,6.9859,8.2363,5.4777,-1.3857,6.6211,8.9588,3.0437,-2.7441,4.4794,2488.26,356.94,1424.89,213.5,4094.66,470.39,0.09597,0.0136,0.06838,0.02309,3635.6,1043.3,22050,4.06,load,58.6
533,Oil Pressure Fault,-197.9127,25.6583,109.2648,9.6394,-4.7741,16.2242,17.6284,7.9697,-9.9947,8.7491,10.5752,8.1364,-4.5312,7.6322,4.2224,2.7773,-5.8661,5.7018,10.4729,0.9554,0.7221,4.9572,4.0557,4.3207,2.1155,2.958,1984.57,257.82,1327.25,155.11,4036.1,275.08,0.08002,0.01898,0.05486,0.01538,1180.4,1254.9,22050,3.18,idle,60.7
534,Healthy,-198.9269,13.993,114.2373,9.7138,-9.1078,5.2217,14.4651,5.4247,-2.247,5.8392,9.5823,3.7762,-5.2282,3.5919,7.0385,3.8533,-0.7628,3.4621,5.24,3.3808,0.0608,1.1109,3.9191,3.2071,-1.1243,3.8312,1748.26,185.42,1037.79,129.67,3085.57,252.65,0.06403,0.0072,0.04109,0.01268,35.8,1044.3,22050,4.35,load,52.4
535,Engine Overheating,-187.0713,12.7818,113.0146,15.8168,-8.7079,9.4976,10.9866,7.5125,-3.19,9.1303,14.2024,5.7881,-3.1233,5.0927,12.6131,8.3518,-6.1794,6.8578,5.9737,4.1603,-4.6305,7.3358,8.8401,3.8896,-2.6549,3.4099,2466.06,337.91,1606.13,240.81,4258.99,588.51,0.09475,0.01825,0.063,0.02281,3023.3,1395.8,22050,2.92,load,73.5
536,Clutch Slip,-194.5788,25.977,113.2425,7.9572,-9.1376,6.6693,11.9528,7.7145,-3.8219,6.3453,11.7859,7.1017,-2.235,5.2326,10.3057,5.7792,-3.1644,4.645,7.5006,4.2062,-1.5226,3.9142,6.7916,4.3001,-1.0701,3.3058,2037.06,275.52,1232.45,162.93,3598.74,337.44,0.08775,0.01111,0.05114,0.00944,33.7,1700.8,22050,4.12,idle,59.4
537,Engine Overheating,-179.8052,14.4239,103.464,10.4524,-16.2155,8.2617,4.3758,7.7652,-3.6256,7.6784,12.1877,5.6843,-1.5629,5.1309,9.1681,4.9632,-4.244,6.5644,8.0177,4.3421,-2.4812,3.8849,7.3065,4.5423,-0.5142,3.4509,2408.24,272.18,1549.79,233.09,4293.64,522.88,0.09249,0.01765,0.05277,0.01637,3155.2,1050.7,22050,4.14,revving,72.7
538,Engine Overheating,-194.4391,16.8617,101.9008,14.5371,-9.4231,9.4109,9.4483,8.0639,-1.3463,5.7674,13.0815,6.6155,-3.4429,5.7084,9.6781,7.9483,-4.4252,7.2144,10.9182,5.3937,-2.1477,5.0853,4.8318,4.6196,-0.1949,2.8688,2281.33,366.53,1468.0,236.85,4358.89,402.13,0.08727,0.02036,0.06637,0.01768,2131.6,1532.3,22050,3.76,load,52.4
539,Battery Fault,-193.6777,19.6528,115.2382,15.9051,-8.112,5.6822,12.5484,6.0713,-4.0578,6.9554,8.7021,4.6099,-2.3251,4.0857,9.3173,4.045,-6.4974,3.8293,5.052,3.9925,-1.7974,2.8507,7.1958,4.588,-2.5308,3.9356,1943.68,212.59,1129.32,138.05,3600.48,224.56,0.0783,0.01231,0.05353,0.01171,199.0,409.2,22050,2.61,revving,66.8
540,Healthy,-200.0411,16.3792,113.7534,7.5681,-7.775,3.5721,13.3682,5.1824,-4.6638,3.551,7.3298,5.072,-3.1134,3.2334,8.5531,3.2691,-2.7614,2.6451,3.9052,2.944,-0.7314,4.814,3.4913,2.6303,-2.4581,2.8031,1736.14,193.24,1064.86,99.87,3023.75,277.74,0.06704,0.00795,0.04566,0.008,56.1,862.6,22050,2.92,load,67.1
541,Clutch Slip,-179.1605,19.0379,109.0584,10.9802,-6.5177,6.997,12.1482,8.39,-5.8598,4.9933,13.4133,6.69,-0.3717,4.4289,9.5868,6.496,-3.2372,4.8027,6.5907,4.8455,-0.6925,4.7729,6.0698,3.8372,-0.7355,4.301,2072.6,239.03,1239.68,162.4,3646.62,326.83,0.08434,0.02027,0.06121,0.01246,17.9,2022.8,22050,2.5,revving,68.7
542,Brake System Fault,-163.7536,18.313,92.0366,21.5736,-14.2225,12.4809,15.4543,12.4581,-13.4673,8.6617,13.3691,8.809,-7.3261,7.9923,11.7982,7.7617,-1.7149,5.4689,7.088,7.6503,-1.254,4.0704,5.8792,6.5288,-3.7773,4.9229,2606.44,433.18,1803.57,333.53,5264.68,534.6,0.10626,0.02528,0.07681,0.01926,2997.6,359.2,22050,3.89,idle,48.6
543,Engine Overheating,-182.4004,20.5695,107.0814,14.0893,-13.3775,7.8958,12.0485,10.0458,3.5145,8.7719,12.8796,6.4786,-0.663,4.9915,9.486,7.4046,-3.3835,6.8429,5.1586,5.6025,-4.4747,5.6485,5.6861,4.159,-2.4399,4.3366,2383.6,219.07,1441.41,290.39,4036.33,567.96,0.10588,0.01963,0.06633,0.01176,2808.5,694.4,22050,4.12,idle,58.0
544,Engine Overheating,-181.1783,18.8462,109.9992,14.7536,-9.5319,9.2979,15.1495,7.1024,-1.0878,7.4466,11.8677,7.0595,-1.9451,4.3237,10.0431,5.6319,-4.9549,6.6037,8.6331,5.5171,-4.0187,3.8924,3.1436,2.9036,-1.2634,2.9933,2560.51,355.52,1498.93,212.36,4220.36,513.41,0.09964,0.02674,0.06428,0.0154,3067.3,1085.1,22050,4.46,idle,67.2
545,Clutch Slip,-192.8078,23.1577,110.9641,14.3904,-7.128,5.8433,10.3531,6.0149,-2.6094,5.6056,11.8231,5.8198,-3.8214,5.5589,8.355,3.492,-0.2699,5.4102,4.6599,3.9664,-2.268,3.9014,7.1719,5.0183,-0.5502,4.9324,1994.75,180.2,1277.75,166.48,3405.48,455.31,0.08266,0.01326,0.06054,0.01325,34.9,1348.6,22050,2.72,idle,51.4
546,Engine Overheating,-190.1833,17.7584,104.9045,12.2283,-8.3162,5.2243,7.7478,10.355,-3.2005,7.3857,16.3947,8.3103,-1.1566,6.1528,10.2546,6.3548,-3.4558,6.5133,6.0143,6.0449,-0.477,5.2452,5.0892,4.3918,-2.9917,4.9872,2474.07,382.22,1499.06,294.99,4221.46,556.26,0.10421,0.02246,0.07458,0.01286,2922.2,1121.5,22050,4.3,revving,62.3
547,Healthy,-202.1222,16.3278,111.1484,5.9386,-6.1689,3.8602,9.7093,4.9819,-4.646,5.4085,9.8024,4.4089,-1.7193,3.1587,6.3133,3.0846,-3.0809,1.5738,4.3756,3.9283,-1.9803,2.651,3.8785,3.3066,0.1115,3.9209,1824.73,154.0,1064.24,136.05,3259.82,389.81,0.06217,0.01641,0.04336,0.0128,82.1,1591.7,22050,3.45,idle,66.0
548,Healthy,-204.4265,7.9865,111.6792,9.3618,-5.9256,6.9672,15.2886,3.0608,-4.1932,4.7635,8.5538,4.3327,-4.2145,3.3656,8.4786,2.8759,0.0697,2.2142,4.4706,3.4578,-0.3526,2.5306,3.4107,3.6283,-3.0854,3.1802,1825.52,118.61,1059.45,138.23,3003.74,267.45,0.05502,0.01,0.04302,0.01153,34.5,1110.3,22050,4.27,idle,55.5
549,Battery Fault,-196.3373,16.8996,112.8116,11.0932,-7.5484,8.5287,13.0624,7.2846,-3.7925,4.0087,6.1131,5.7,-0.992,5.3544,8.3439,5.4415,-7.2527,4.84,5.9204,3.4775,-0.2381,4.8471,9.2615,3.975,-3.8356,4.0062,1932.95,286.54,1188.89,132.53,3433.58,265.45,0.07859,0.01194,0.04979,0.00836,114.5,1453.6,22050,3.88,idle,62.3
550,Oil Pressure Fault,-197.7865,24.0066,112.3103,17.365,-8.0064,6.1178,16.5465,7.7259,-7.1059,6.0975,8.783,8.235,-5.7153,4.5027,8.5666,5.6319,-2.3584,6.8308,10.2426,6.1547,-0.6218,4.339,1.5585,2.9824,-0.5068,3.5307,2112.07,219.88,1211.86,166.84,3676.02,409.4,0.07971,0.01901,0.05279,0.01158,901.0,791.8,22050,2.63,idle,61.2
551,Battery Fault,-188.6911,8.7929,108.2592,7.4261,-10.5805,5.6423,11.8118,7.0252,-3.5817,4.2654,8.2876,5.9795,-1.4936,2.8452,7.7532,4.4267,-4.1994,3.6919,3.6797,2.7266,0.7212,4.7563,6.9077,5.0307,-7.047,4.6942,1951.66,164.21,1187.42,135.79,3343.94,325.35,0.08194,0.013,0.05336,0.00811,142.3,970.0,22050,3.7,idle,56.9
552,Clutch Slip,-197.3987,10.1643,106.5283,15.8643,-5.7205,9.9469,10.9188,6.7202,-7.4346,5.8926,8.7049,7.0894,-5.1902,4.3119,6.2234,4.3265,-0.7196,7.0752,7.5136,5.3817,-2.4198,3.6687,9.3355,4.1696,0.9887,4.3094,1946.49,196.58,1283.36,147.59,3599.03,283.01,0.08174,0.01582,0.05037,0.01076,31.0,1488.4,22050,3.25,idle,69.4
553,Healthy,-198.2361,13.0273,110.7805,6.3349,-5.0773,6.3321,13.6568,6.0883,-6.033,6.0869,8.28,3.2346,-2.823,3.3835,6.6287,2.9318,-2.4887,3.7496,6.9348,3.3526,-0.5375,1.6821,4.869,1.6315,-2.1738,2.4215,1805.05,173.55,1018.26,144.42,3026.43,265.36,0.05413,0.01112,0.04692,0.0071,90.2,492.1,22050,4.35,revving,54.0
554,Clutch Slip,-191.9329,18.6132,109.5713,9.5166,-0.8729,7.8799,11.3084,10.0226,-6.7292,5.2163,13.0226,4.8051,-3.8053,5.2666,5.7921,6.0513,-4.2104,4.4962,5.9094,4.3724,3.3569,3.3734,4.39,4.3552,-0.3692,3.0864,2033.39,225.02,1255.34,136.47,3653.18,346.78,0.08192,0.01666,0.0566,0.01466,33.2,1452.0,22050,4.09,revving,71.0
555,Oil Pressure Fault,-191.3911,19.2122,106.1765,15.8542,-5.2982,9.1141,13.5858,7.4371,-14.3875,7.5496,8.2911,6.3479,-3.2063,6.2588,7.6014,5.6729,-2.2484,5.0284,8.745,4.7656,2.2823,2.8687,6.545,3.2869,-0.5991,5.359,2093.99,217.22,1288.16,189.78,3681.57,383.47,0.07666,0.01527,0.05243,0.01549,1329.9,1120.2,22050,2.52,idle,48.6
556,Brake System Fault,-172.9784,22.3973,105.7183,18.6909,-14.5344,12.1759,20.5774,13.558,-6.8274,9.949,7.5492,5.7331,-7.2137,8.1429,10.5703,7.5895,0.2544,7.2352,10.5485,5.9036,-2.6704,7.1982,7.5957,6.5721,-1.0236,7.4329,2646.43,455.89,1697.23,270.79,5369.56,703.38,0.11442,0.01528,0.09003,0.02439,4481.6,638.3,22050,3.52,idle,56.4
557,Clutch Slip,-187.9378,20.2567,105.085,11.6168,-9.1374,8.9228,13.2559,6.9121,-5.856,4.8904,10.9942,6.526,-5.4374,2.8287,9.3151,6.4657,-4.7923,4.8826,5.9723,3.6277,-1.7354,4.3303,5.3439,1.8,1.6036,3.4001,2028.19,239.83,1249.23,112.39,3742.69,238.51,0.07432,0.01802,0.05651,0.01363,25.6,2065.5,22050,2.92,revving,59.8
558,Battery Fault,-191.6388,15.9469,115.8943,9.926,-7.3054,9.3432,10.177,7.3089,-1.9245,2.8573,4.8829,3.3852,-3.0916,3.4761,11.7292,5.5993,-5.4365,3.2725,3.4235,4.5113,-1.2632,3.7545,6.8966,3.4103,-3.0457,4.8069,1866.44,184.78,1186.11,109.9,3396.23,334.45,0.07022,0.02055,0.05224,0.00913,168.5,488.0,22050,3.19,idle,63.9
559,Engine Overheating,-183.4365,15.3764,110.987,11.5302,-10.5224,5.6067,8.4383,7.3246,-4.7649,6.3629,14.6565,8.5107,2.4121,6.1633,7.793,8.9216,-3.7589,4.1194,8.6788,3.0226,1.2596,5.0278,4.6843,4.4422,-1.0482,3.322,2407.97,328.12,1612.05,234.25,4206.79,511.29,0.10143,0.02385,0.06663,0.02181,2795.5,1027.8,22050,3.1,load,62.1
560,Engine Overheating,-188.6617,20.0753,102.047,14.9651,-10.3978,10.4076,8.592,12.7538,-3.7335,4.9854,11.7817,8.3673,-0.3871,4.0864,11.4099,5.486,-3.2839,6.3682,10.7212,5.5588,-4.9087,6.3063,7.1644,3.7837,-1.2571,4.5068,2473.96,283.64,1563.13,213.74,4506.5,522.29,0.11122,0.02068,0.07119,0.01427,2882.3,1288.8,22050,2.82,load,63.3
561,Clutch Slip,-191.5625,22.9383,110.3603,11.5825,-6.0353,8.9064,13.9374,5.0761,-8.5251,5.3871,11.6805,5.4607,-6.8651,4.9146,6.6258,5.1505,-3.4302,4.4792,5.8678,4.54,-1.6937,4.0959,6.6654,3.8601,-1.5164,3.8873,1954.05,191.0,1375.99,149.87,3777.07,331.61,0.08212,0.01455,0.0602,0.01295,28.9,1625.3,22050,3.6,revving,57.5
562,Oil Pressure Fault,-189.3309,13.2537,109.6048,12.1526,-6.0678,6.1008,12.4156,8.4609,-9.545,6.2906,7.7636,8.0229,-4.9144,5.1737,7.3277,4.8557,-3.6331,6.8359,2.8853,4.5918,-2.2029,5.4622,6.0341,4.8015,-1.363,3.3793,2103.54,226.5,1385.81,177.55,3800.91,432.78,0.08571,0.01766,0.05238,0.00852,1361.3,715.8,22050,3.74,idle,64.9
563,Battery Fault,-199.8322,21.6692,111.2509,7.9128,-6.1024,8.0657,10.6159,5.3421,-3.3177,3.7967,10.9263,5.534,0.2972,3.3797,10.2731,5.2744,-5.043,3.6401,5.7392,3.715,-1.5967,4.005,6.7133,5.086,-2.851,5.1779,1926.13,164.53,1218.75,130.78,3272.28,411.44,0.07516,0.0114,0.05005,0.01268,168.0,983.9,22050,3.01,load,75.6
564,Healthy,-197.4397,16.8176,115.7005,7.6487,-4.5625,7.9828,10.7504,4.0035,-8.5129,6.8714,8.7035,5.1218,-3.505,3.4765,6.5664,2.8681,-1.1325,2.9278,4.7245,3.0627,-1.5779,3.829,3.6309,2.6931,-2.6416,3.1233,1820.15,216.3,963.83,131.37,3245.66,305.85,0.06592,0.01531,0.04065,0.01225,78.5,1330.8,22050,4.2,idle,58.4
565,Oil Pressure Fault,-189.3316,21.18,108.9287,13.2483,-14.4405,7.8404,16.0602,8.4376,-6.497,6.195,9.5222,6.3612,-0.7502,5.4628,6.4697,4.3555,-3.4233,5.1842,6.1195,6.0058,-4.256,3.3055,5.6945,4.6349,-3.6258,6.1413,2096.56,263.85,1224.4,132.56,3766.6,366.1,0.09506,0.01401,0.05338,0.01246,1368.0,1543.9,22050,3.04,revving,56.3
566,Brake System Fault,-184.7302,23.7705,98.0743,22.1887,-7.6799,10.8488,18.5763,8.7925,2.1776,12.2161,11.8082,7.1009,-6.6214,3.4371,7.135,5.9865,-4.3178,8.0057,5.9692,4.2174,-0.0827,6.8579,8.9239,4.3945,-1.0395,2.8014,2607.75,399.69,1861.84,261.36,5149.36,691.91,0.12334,0.0323,0.07596,0.01865,2885.4,1321.4,22050,3.0,idle,51.3
567,Clutch Slip,-187.6543,25.5229,103.487,11.7738,-5.7401,7.8972,12.0783,6.8958,-8.3023,6.1847,7.3981,8.3719,-5.7626,4.3536,8.1476,5.8767,-4.2947,5.0322,9.0446,4.0634,-2.3079,4.3306,4.5988,4.072,-2.4529,4.6,2034.61,216.08,1261.83,154.56,3829.49,308.76,0.06977,0.01574,0.05264,0.01318,36.3,2154.9,22050,3.75,revving,48.1
568,Oil Pressure Fault,-190.7795,16.0651,111.1903,10.404,-2.3694,6.6168,13.3089,7.6639,-4.2337,8.1271,10.4419,5.2034,-4.3723,6.329,7.0371,4.7678,-1.6674,4.9172,5.0945,4.6036,-2.6511,4.3616,7.1163,3.6942,-0.8135,4.4809,2044.72,288.76,1324.56,215.21,3878.76,613.26,0.08994,0.01832,0.05995,0.01127,1467.2,994.2,22050,3.15,revving,65.8
569,Battery Fault,-193.8177,13.1967,113.1652,10.9784,-11.4067,7.0847,12.8088,6.6172,-4.7074,4.7034,7.434,5.0675,-2.422,3.9727,6.9373,2.4877,-5.8276,2.4459,6.0586,3.2678,-2.0832,3.5886,5.3838,4.4834,-4.0639,5.5947,1920.37,205.22,1153.77,107.21,3192.69,351.36,0.08035,0.01315,0.05385,0.011,124.6,909.5,22050,3.97,idle,71.1
570,Clutch Slip,-194.4123,18.3395,110.0168,8.7378,-6.5004,5.6055,14.0472,5.8132,-6.2756,5.3355,11.4805,7.5737,-5.2534,6.7574,11.525,4.3144,-2.569,4.3025,5.2812,3.7577,-1.6296,5.7236,6.1455,3.2983,-0.3056,3.2456,1992.27,230.26,1261.38,157.41,3646.1,378.14,0.07853,0.01474,0.04784,0.01247,31.5,1721.7,22050,3.97,revving,66.1
571,Brake System Fault,-186.2533,17.7663,105.2478,15.4148,-13.3845,6.9916,15.9122,12.4165,-9.8162,9.4456,10.0752,5.6998,-3.7602,6.3148,11.3286,5.7883,-0.3352,6.2267,7.5336,6.6456,-4.4802,4.4476,6.4522,6.2671,-1.607,5.7559,2769.27,286.48,1727.16,254.83,4986.21,697.56,0.11638,0.02167,0.0893,0.02179,3805.0,961.5,22050,3.49,idle,69.7
572,Engine Overheating,-174.5024,15.9199,101.0914,11.742,-9.7897,4.1173,11.8243,8.5772,0.0297,6.4821,11.3487,6.7866,0.8278,5.6884,7.8419,4.0794,-3.7404,5.3698,6.0973,6.7618,-1.7975,3.8274,4.272,5.0829,0.3715,3.8075,2530.95,285.86,1560.87,206.67,4260.2,458.95,0.09131,0.01905,0.06124,0.01626,3246.3,840.9,22050,3.61,load,52.1
573,Healthy,-198.1823,10.8269,112.6613,10.0743,-8.5312,5.5351,11.9088,4.8177,-5.8346,4.9399,7.9022,4.0148,-3.5278,3.3692,6.9594,3.6678,0.2322,2.2974,4.3528,3.3859,-0.2758,3.4632,5.2457,3.1577,-2.111,3.8795,1796.47,183.33,1013.71,131.28,3143.38,291.29,0.05741,0.01779,0.04097,0.01205,118.7,1059.0,22050,2.84,revving,73.7
574,Brake System Fault,-168.0981,16.6873,105.48,18.5564,-19.1633,8.6278,15.637,11.9557,-2.2283,10.3238,15.6587,7.939,-4.8296,8.7144,8.4156,6.1613,-3.9913,6.3642,5.1639,4.243,-0.5314,4.6145,5.9055,4.5361,-3.3746,3.6382,2847.6,414.39,1790.24,319.87,5259.38,608.36,0.12181,0.02286,0.09078,0.01699,3585.1,1110.1,22050,3.52,revving,77.6
575,Brake System Fault,-186.7972,23.1922,103.1313,16.887,-10.4826,9.9064,10.9719,9.6509,-4.0801,8.2504,16.0924,9.0481,-12.9714,5.7333,9.8765,7.6072,-0.6321,7.5247,11.2552,5.4147,-2.7662,6.8181,7.4145,5.591,-3.7791,5.1519,2787.4,425.74,1685.48,335.54,5204.48,593.25,0.12265,0.02532,0.08334,0.02364,3016.6,670.0,22050,2.84,load,67.6
576,Clutch Slip,-187.4578,20.2336,106.0916,12.7018,-4.5734,7.5056,10.7877,6.2852,-8.2676,5.0885,10.8421,4.1457,-3.2226,5.7009,6.3265,4.8625,-2.1849,3.7806,10.476,5.498,-1.2226,5.2571,6.5246,4.523,0.1277,4.7144,2025.1,224.12,1233.96,152.83,3686.58,259.39,0.07885,0.0164,0.05487,0.00874,33.3,2037.0,22050,3.64,idle,55.4
577,Engine Overheating,-183.0459,13.1245,106.7994,11.2278,-10.4558,7.2518,11.0313,8.0644,-5.3539,8.6698,9.8866,8.2338,-3.4634,4.1021,9.2492,6.997,-5.3622,6.5514,6.5922,5.5726,-0.8487,5.5451,4.4136,3.7942,-2.0639,3.133,2263.45,311.37,1501.67,220.69,4486.52,597.84,0.10458,0.02333,0.05806,0.0094,2858.7,1605.5,22050,4.35,idle,49.0
578,Oil Pressure Fault,-193.3339,21.032,115.184,15.805,-3.8649,7.951,15.8937,7.618,-7.1478,6.7222,10.2878,6.0454,-6.5214,5.2519,8.5379,5.8339,-1.4798,6.6735,4.5752,5.7228,-2.1044,3.5714,7.0404,3.5597,-1.2093,4.5589,2128.41,222.03,1290.68,220.67,3681.99,537.32,0.07933,0.02152,0.0596,0.01702,1941.5,453.7,22050,4.13,idle,71.9
579,Oil Pressure Fault,-185.8443,16.3785,119.6374,14.7523,-3.6508,13.5416,16.8109,7.2767,-10.5047,7.5102,6.9877,5.364,-5.1009,5.5143,9.4971,5.0345,-3.3544,2.9256,7.1543,3.8068,-0.807,4.4627,4.8264,4.9612,0.0873,4.5735,2084.49,304.08,1329.58,170.37,3698.41,282.7,0.07707,0.01459,0.05826,0.01353,876.0,1516.2,22050,4.31,idle,55.9
580,Brake System Fault,-182.2586,20.2178,93.7929,10.7598,-19.0308,12.9958,9.5357,11.3487,-5.2082,11.2141,13.045,7.0203,3.6093,7.1276,3.8233,9.4364,-3.6166,5.0742,4.9647,5.4644,2.0151,6.6651,4.9187,3.4982,-0.7631,3.1513,2799.49,376.96,1756.1,326.83,5168.43,625.58,0.11124,0.01835,0.0867,0.022,4681.1,759.5,22050,3.31,idle,68.6
581,Engine Overheating,-183.3309,17.2629,107.5853,13.7953,-6.655,9.7051,14.2939,8.8688,-3.5174,8.1016,7.5432,4.8954,-5.7239,4.4675,9.4899,6.8675,-4.7748,6.0476,8.0165,6.2658,-3.8303,5.391,5.2047,3.6209,-2.9022,5.113,2260.51,327.08,1638.55,223.19,4668.69,503.43,0.09034,0.01247,0.06279,0.01857,4150.1,1303.0,22050,4.07,idle,56.2
582,Healthy,-198.7928,15.6514,113.3714,2.7277,-3.9962,6.3846,12.9644,4.4939,-6.3551,4.2479,10.3928,2.7299,-1.9863,2.9516,5.6909,3.3515,-3.1083,3.6625,6.7323,3.7322,-1.3083,2.3621,3.2075,1.9564,-0.9823,2.3512,1752.32,190.87,1006.89,94.29,3183.55,239.55,0.06483,0.01312,0.04072,0.00874,91.4,929.3,22050,2.99,revving,54.6
583,Oil Pressure Fault,-183.5954,18.2801,105.5705,16.341,-6.0153,9.9982,15.0151,9.4893,-7.0898,7.3279,9.6886,8.0858,-4.5806,5.7026,8.8993,3.3879,-3.0116,5.7046,7.9894,5.7212,0.0541,3.1674,6.0024,5.9994,-1.1464,3.4039,2150.07,331.87,1197.79,204.82,3661.3,381.34,0.0814,0.01213,0.05909,0.00948,804.4,1090.1,22050,4.46,revving,49.1
584,Brake System Fault,-176.0251,24.3603,101.5004,17.9626,-9.5517,13.623,10.7171,8.5319,-14.7864,10.9495,13.0502,7.2868,-6.9739,6.607,10.9243,6.6115,0.5439,9.153,9.3988,5.3223,-2.8607,6.5351,8.1296,5.4513,-1.3715,5.4529,2915.68,385.61,1710.78,292.58,5011.72,626.39,0.11373,0.02337,0.07986,0.02132,3685.0,1210.9,22050,4.02,idle,60.0
585,Clutch Slip,-194.0103,15.1686,106.3421,13.6941,-5.4154,7.645,11.0366,6.5677,-6.1621,5.5008,8.2965,4.701,-5.7536,5.9297,10.0387,4.6168,-5.7226,4.9171,4.2381,3.6778,-4.5428,4.4966,4.474,4.0085,1.2717,2.7673,2020.96,234.89,1287.5,177.76,3518.4,427.26,0.06527,0.01534,0.05511,0.01848,29.1,1859.7,22050,3.88,idle,52.6
586,Healthy,-200.38,15.2081,111.3331,7.8872,-5.6769,5.5325,9.5852,3.2623,-6.3426,6.8103,10.135,3.2186,-3.457,3.5763,6.5324,3.8659,-0.4176,1.726,5.3801,2.7485,-0.7216,2.3348,4.8574,2.5228,-0.4086,3.3945,1799.94,213.74,1035.02,150.24,2999.34,250.0,0.0698,0.01643,0.03906,0.01144,91.4,1202.4,22050,2.71,idle,55.7
587,Healthy,-195.9236,13.4629,112.606,8.4121,-6.0337,4.4988,13.3833,5.5178,-3.7527,5.0211,8.5672,3.1026,-1.8104,3.4043,6.1468,3.3962,-1.2597,2.197,4.1008,2.7948,0.046,4.2364,5.429,3.298,-1.2278,2.7623,1738.17,167.91,1023.51,137.85,3209.63,326.51,0.07204,0.01522,0.05056,0.01255,94.3,1008.6,22050,4.29,idle,70.6
588,Engine Overheating,-185.2483,19.3449,109.1257,14.4753,-9.77,8.6077,1.5714,9.9379,-6.5153,8.0217,12.7014,7.4915,-0.5205,6.8395,11.9836,7.9615,-5.5097,6.931,6.0318,6.406,-1.084,3.1371,7.727,4.4732,-3.8304,3.2969,2393.19,439.49,1445.41,144.13,4346.27,346.38,0.08903,0.01893,0.06713,0.01426,3132.4,800.2,22050,2.79,revving,77.8
589,Battery Fault,-180.3907,17.5391,109.0195,10.2112,-11.3187,7.852,9.6005,4.8103,-3.5749,6.3443,10.7324,3.5137,-1.0304,4.8445,12.6839,6.5211,-3.8351,3.8461,5.1998,3.9716,-2.4554,3.7632,6.0859,3.9019,-3.0542,4.3681,1980.94,162.2,1203.89,136.52,3360.3,282.34,0.0702,0.01069,0.04914,0.00792,174.0,730.0,22050,3.66,revving,48.8
590,Brake System Fault,-189.6485,19.8107,105.4552,16.8085,-12.8341,10.6034,9.9102,13.4574,-9.6811,8.4742,14.4164,9.9511,1.2472,7.7772,12.4784,9.3891,-2.0423,10.3107,7.9663,4.9137,-3.5519,4.7446,7.5832,4.9335,-4.4752,3.8566,2624.18,358.62,1799.24,247.53,4893.95,738.68,0.11583,0.02921,0.05909,0.01767,3701.2,389.7,22050,4.07,revving,53.7
591,Engine Overheating,-173.9835,26.0752,101.6222,12.4944,-3.9523,9.685,13.5704,8.0802,0.9298,8.3231,15.8497,5.858,-0.2581,6.6896,9.7834,5.2444,-3.2878,5.2232,5.1573,6.0015,-4.9101,5.703,7.8756,4.8053,-3.6428,3.4577,2475.66,384.03,1393.92,209.71,4224.4,545.42,0.08797,0.01268,0.06895,0.01989,3325.6,1297.2,22050,3.7,idle,55.9
592,Oil Pressure Fault,-182.0254,6.6283,104.1879,15.4056,-8.3946,9.8324,15.0461,9.4104,-8.1893,8.1054,4.5284,6.9011,-6.6073,5.7484,10.7961,3.9117,0.3197,5.6692,6.915,5.2757,-2.2994,4.6472,4.2868,3.2066,-0.2054,4.9244,2080.02,307.43,1344.38,147.72,4046.15,409.9,0.08314,0.01194,0.05544,0.01419,1295.2,1582.3,22050,2.8,idle,74.4
593,Oil Pressure Fault,-188.5216,19.8691,108.6087,12.0939,-5.004,8.6348,12.6887,9.9698,-8.3792,6.7687,9.4423,5.6372,-4.4032,6.9861,7.5167,4.2877,-4.3131,4.2111,5.6607,6.4869,-1.6981,3.1597,6.1913,4.0425,0.6628,4.5663,2137.87,223.84,1392.89,174.36,3777.68,315.47,0.07987,0.01339,0.05792,0.00944,1373.2,502.7,22050,3.38,idle,77.0
594,Clutch Slip,-191.0303,15.5464,112.3639,10.9048,-3.531,5.6607,9.1484,3.5166,-3.8861,5.3861,10.372,5.291,-4.8685,4.6793,9.1573,4.76,-1.4692,5.5048,7.0604,5.1292,-3.1623,4.4425,4.6347,3.5551,-0.1769,4.4645,2142.71,199.97,1262.36,154.96,3509.43,389.32,0.07652,0.01729,0.05188,0.0159,29.4,2160.6,22050,2.87,load,49.7
595,Oil Pressure Fault,-192.4759,17.083,111.4356,7.9901,-6.8683,10.8081,13.0858,4.1505,-5.8949,7.7057,10.235,6.7693,-5.7242,7.4089,10.9825,5.8932,-3.8836,5.864,5.5258,4.8834,-1.6184,4.3838,6.5278,3.7239,-0.7197,4.224,2184.13,205.52,1249.2,205.5,3846.56,409.63,0.08009,0.01832,0.0554,0.01577,1280.7,492.3,22050,3.27,load,74.3
596,Healthy,-200.2259,17.1343,115.5944,5.4778,-9.5379,6.7748,14.7637,3.1249,-6.9827,4.8013,8.2222,4.1212,-2.436,2.3884,5.5834,2.8158,-3.5836,3.4906,5.4617,3.1298,-0.9213,3.1747,4.1161,2.1837,-1.591,3.6125,1864.25,179.84,1075.82,147.5,3124.81,324.31,0.06117,0.01453,0.03584,0.01243,44.4,304.6,22050,3.32,idle,58.3
597,Battery Fault,-206.0105,17.7483,113.7124,13.2606,-8.9356,6.6713,10.2775,7.1033,-2.5958,4.876,8.1776,6.2394,0.668,3.6465,7.8748,4.2076,-3.9413,2.2981,3.1628,3.8854,-0.4881,4.3706,9.1508,4.9254,-3.3039,5.1563,1881.21,140.52,1141.49,156.33,3431.69,306.58,0.08586,0.01391,0.04633,0.01286,148.5,512.7,22050,3.45,revving,52.8
598,Oil Pressure Fault,-191.2103,18.4495,100.9662,9.6364,-3.5152,7.5777,17.0258,8.4213,-8.5007,6.4236,6.6299,7.1533,-4.5589,5.9062,6.2126,5.1383,-1.2299,5.5572,8.894,5.618,-1.8531,3.8228,2.8487,3.2844,-0.201,4.6264,2080.92,240.43,1339.4,185.47,3806.24,400.3,0.08508,0.01744,0.05659,0.01583,339.3,1444.2,22050,3.17,load,75.1
599,Oil Pressure Fault,-189.9269,14.7535,106.117,11.8062,-3.5105,6.3968,17.0641,6.9566,-7.3876,8.2168,13.4141,5.3456,-9.2387,7.0913,7.0979,6.1101,-1.0483,5.8467,7.8644,4.5231,-2.4913,4.2652,1.5487,4.7051,-1.8326,4.5473,2040.71,221.4,1287.87,173.62,4029.32,370.61,0.09229,0.02307,0.05383,0.01462,914.0,951.3,22050,3.0,load,52.2
600,Engine Overheating,-180.562,18.8086,108.3747,11.7152,-14.9589,9.9376,6.5132,7.8878,-0.5208,8.4653,13.5444,8.3221,-4.3433,6.7253,10.371,6.5216,-5.2409,6.1385,6.491,4.0645,-5.4654,4.3726,4.5142,2.9739,-0.899,4.3918,2350.68,336.0,1470.17,226.89,4349.62,531.94,0.08918,0.02336,0.06462,0.01436,1938.2,963.9,22050,4.33,revving,74.2
601,Healthy,-203.8371,13.9848,114.664,8.112,-6.4378,4.558,12.0943,5.5694,-4.018,5.7853,12.1272,3.9716,-3.1817,4.4234,7.6937,2.6913,-1.5582,3.1463,5.5752,3.1532,-0.8333,3.3762,4.8515,2.7556,-1.8647,3.7337,1724.46,197.24,1043.6,137.18,3151.91,272.21,0.0612,0.00971,0.04976,0.01243,43.5,700.2,22050,3.55,revving,73.5
602,Healthy,-185.3873,13.8548,111.0023,7.2371,-2.7323,4.8966,14.1125,4.2256,-5.7166,5.834,7.6897,4.9012,-4.4407,3.8218,7.7016,3.9731,-2.7809,2.7109,3.855,3.0716,-2.0278,3.03,4.1909,1.9729,-1.9355,2.5291,1709.89,149.84,1133.67,113.66,3022.42,181.14,0.05839,0.01596,0.04057,0.00839,96.0,1077.7,22050,2.98,revving,49.8
603,Healthy,-202.918,18.3208,113.5546,7.7751,-6.3865,5.7002,13.2524,5.9968,-4.5002,4.6576,8.2591,5.5981,-3.259,2.0946,7.5104,2.8902,-2.8855,2.7284,3.0572,3.165,-0.3384,2.0799,4.5871,3.7353,-1.8427,3.1037,1857.38,189.76,1108.04,106.87,3137.42,340.15,0.0674,0.01268,0.04692,0.00996,102.8,972.9,22050,2.74,revving,62.0
604,Engine Overheating,-183.4432,21.8502,102.715,15.2071,-10.0784,4.9527,5.0468,8.9474,-4.9266,7.3654,11.4984,5.3694,3.7081,7.0024,10.8627,4.1265,-0.8229,7.3362,9.0749,5.6434,-1.0769,3.026,7.1097,3.3965,-2.8751,4.6696,2446.39,345.13,1464.35,209.13,4370.76,523.75,0.09093,0.02265,0.05794,0.02519,3165.1,1742.0,22050,3.15,idle,66.0
605,Clutch Slip,-196.8082,18.1251,110.4792,14.9179,-2.3713,9.0051,12.184,7.3787,-8.6388,6.0165,8.9057,4.2853,-2.1019,5.3079,7.5676,4.6565,0.1929,6.4538,6.4142,6.9536,-4.2613,3.539,6.04,2.6991,-1.8038,3.4323,2073.98,238.69,1253.98,165.12,3645.0,344.17,0.07292,0.01232,0.04633,0.01305,18.0,1901.0,22050,3.59,idle,58.5
606,Healthy,-203.8894,14.6967,108.1239,5.8738,-3.1373,6.9945,10.1986,5.3546,-3.5616,4.7667,8.919,4.0092,-3.8934,2.9279,6.5321,2.1889,-3.7727,2.8656,5.36,2.1014,-1.0646,4.0123,5.2124,1.9021,-1.3479,3.415,1793.68,180.27,1039.07,102.7,3112.28,290.88,0.06211,0.01232,0.05164,0.01325,46.9,917.3,22050,4.29,load,75.4
607,Oil Pressure Fault,-190.3675,19.4008,106.8273,13.9326,-9.1097,10.8752,12.2438,8.0993,-5.7913,5.8804,11.6124,4.8302,-2.9054,7.0091,9.8257,4.5012,-4.511,3.8253,6.5993,4.0619,2.2123,4.5897,4.9164,4.5976,-0.6823,3.2531,2111.86,307.6,1328.53,179.3,3710.82,271.31,0.08475,0.0131,0.05361,0.01112,1393.0,1551.8,22050,4.14,load,63.7
608,Battery Fault,-191.3252,17.9356,113.399,10.986,-7.7195,8.0987,7.7031,6.1748,-4.3767,5.4357,6.8924,5.0543,-2.2062,4.3677,10.6927,5.4387,-4.6566,2.6262,2.5724,3.516,-2.1073,2.2264,6.8437,2.9553,-3.0302,2.6053,2005.4,196.62,1222.75,200.49,3532.33,299.93,0.07774,0.01359,0.04967,0.00798,94.7,1014.1,22050,3.14,revving,53.2
609,Battery Fault,-192.2422,19.3661,114.397,13.4486,-11.0873,6.661,10.3046,6.273,-3.5673,4.6152,10.5979,5.8516,-2.5744,3.2054,12.1315,6.5461,-8.1033,3.5847,4.4188,3.3129,-2.7637,3.6673,9.5343,3.6314,-2.1551,2.7305,2024.92,158.22,1206.43,144.61,3273.49,368.3,0.07189,0.01195,0.05393,0.00977,97.4,1541.3,22050,3.8,load,58.9
610,Oil Pressure Fault,-187.0501,21.0649,110.0198,19.5982,-6.953,8.0082,16.4918,7.76,-3.2022,9.3737,11.9955,4.9097,-7.7198,6.927,8.0611,5.159,-3.3143,5.7391,7.2317,4.4264,-1.1283,3.3697,4.5604,3.2009,-1.3284,3.2336,2039.21,234.15,1302.92,180.6,3711.59,430.65,0.08653,0.0124,0.04828,0.01236,1202.0,1470.3,22050,3.81,idle,64.9
611,Oil Pressure Fault,-188.3274,24.8611,109.4805,16.3474,-4.5761,6.3792,13.4704,9.3629,-7.2877,6.534,7.9899,4.8256,-3.6305,6.1319,11.5347,4.1392,-3.2539,4.9519,8.7182,4.9434,-4.5972,5.2515,3.6005,3.8624,-2.3332,2.882,2172.24,275.31,1288.04,127.41,3889.18,351.99,0.07508,0.02118,0.05682,0.01521,1313.0,1363.3,22050,2.63,load,67.3
612,Oil Pressure Fault,-198.8642,16.4695,109.9947,15.8512,-3.1336,9.8891,16.1106,8.719,-10.0776,6.6261,7.532,6.1166,-5.0431,6.6701,11.6448,4.6645,-3.8961,4.6732,8.7978,3.323,-4.1043,3.6866,3.9307,3.5246,-0.3034,5.2825,2203.17,244.38,1230.97,198.23,3980.04,409.21,0.08187,0.01474,0.05705,0.01655,1670.1,1228.6,22050,4.49,idle,51.8
613,Clutch Slip,-180.8545,15.1497,111.1127,12.4442,-2.2651,10.2252,10.648,6.9911,-10.6571,5.8523,9.1718,5.8872,-1.9211,4.84,5.6154,3.6103,-3.7831,5.4044,6.1028,5.043,-1.2481,4.2272,4.5457,3.8995,-1.9657,3.3128,2081.76,226.77,1253.3,149.33,3696.39,320.81,0.08127,0.00583,0.06116,0.00959,18.0,1421.5,22050,3.31,revving,59.1
614,Clutch Slip,-191.2239,16.1491,100.5483,13.4207,-7.3903,7.4789,8.1541,5.6084,-4.3462,7.6087,7.9742,4.7264,-2.6374,4.8093,6.9554,4.2578,-2.8492,5.7039,8.0732,6.4676,-4.417,3.2271,5.0781,4.7492,-1.1357,3.8794,2159.31,277.94,1190.58,200.94,3446.47,314.62,0.07065,0.01716,0.05763,0.01125,40.3,1602.7,22050,2.96,idle,72.8
615,Healthy,-206.8434,16.1172,114.0164,7.6954,-10.7237,6.1451,13.827,2.8385,-2.6343,3.883,9.7449,4.5817,-4.1913,3.0141,8.0586,2.5976,-0.6815,2.9939,4.6773,3.0575,-1.7715,3.2849,1.9045,2.6036,-1.5789,3.1639,1701.97,195.49,1059.11,109.03,3117.09,272.97,0.06658,0.01255,0.04014,0.01031,100.7,602.8,22050,4.04,revving,58.8
616,Battery Fault,-199.663,19.2876,113.266,9.8882,-10.911,7.2604,11.7509,7.0476,-0.7536,6.7504,4.4442,6.4023,-2.0008,4.7573,10.7341,5.8832,-3.4483,3.9852,3.5953,2.5056,-1.2493,3.7153,6.6594,4.3092,-3.4071,4.6808,1876.99,223.78,1183.52,111.41,3321.29,283.29,0.07467,0.01372,0.05211,0.01243,108.3,1173.5,22050,4.31,load,77.3
617,Healthy,-196.3383,17.4319,108.7532,9.817,-9.5259,6.7478,11.2934,7.4104,-3.0413,5.6974,9.7187,5.146,-3.9882,3.2633,5.5686,2.54,-3.075,4.176,5.0985,2.9781,-1.6061,1.9901,5.1096,2.7789,-1.0625,4.0171,1796.64,149.98,1021.68,126.33,3102.04,310.66,0.06232,0.01649,0.04707,0.01153,92.7,670.2,22050,4.1,idle,67.5
618,Clutch Slip,-198.4783,18.0669,108.8171,11.4189,-11.6853,6.9958,12.1171,6.7944,-7.313,5.1958,13.8757,5.6906,-3.3839,5.1726,9.0734,4.7608,-5.3185,6.6971,2.7385,6.645,-0.257,2.6714,6.3203,3.072,1.104,3.4093,2058.81,189.63,1234.16,141.49,3767.58,383.29,0.07705,0.01983,0.05375,0.01162,18.2,1207.3,22050,3.01,idle,65.6
619,Oil Pressure Fault,-181.0051,12.3828,114.3505,16.1359,0.9987,7.7094,18.622,11.8532,-5.4718,7.2941,6.9101,5.7161,-6.2589,5.847,8.5259,5.4578,-2.9775,4.4513,5.5614,6.4842,0.6858,3.2403,8.6374,2.8999,-1.0756,3.1716,2004.58,271.83,1371.45,154.99,3923.88,415.27,0.08636,0.01748,0.05937,0.01812,772.9,1267.6,22050,2.9,revving,76.4
620,Oil Pressure Fault,-190.8753,18.2206,119.1746,15.5483,-7.2115,9.734,15.8283,12.2433,-4.8302,6.9566,8.0434,5.3961,-7.2313,5.0994,5.018,4.7927,-6.957,4.8715,5.7419,7.4638,-2.1572,3.8927,5.5334,2.6651,-1.4151,4.2517,1997.35,260.97,1240.46,178.57,3657.11,473.44,0.07976,0.00637,0.06207,0.01442,1010.9,1184.0,22050,4.38,idle,54.6
621,Brake System Fault,-181.5371,26.5343,93.5378,14.3365,-17.409,8.4986,29.5798,12.9932,-11.2821,8.3027,13.136,11.3028,-5.2999,6.0119,9.5323,6.9975,-0.7624,5.0864,8.421,6.8423,3.3329,4.4497,5.2924,4.1034,-2.8165,4.2319,2713.17,328.25,1720.25,319.63,5572.26,748.14,0.10855,0.02708,0.08504,0.01943,1316.0,1268.8,22050,3.63,idle,74.3
622,Engine Overheating,-185.794,14.7427,107.4381,13.4795,-10.9128,10.4781,14.9531,5.6958,-5.412,7.8144,17.2085,7.0438,-2.6792,6.588,10.4258,4.4206,-1.6896,6.7391,7.6149,5.069,-2.9431,4.1672,5.7637,2.6265,-0.0954,5.4936,2592.99,353.8,1562.53,168.77,4370.93,402.3,0.09739,0.01396,0.05507,0.01267,3052.1,2038.3,22050,3.75,load,63.3
623,Battery Fault,-188.8014,16.6757,110.7195,14.2959,-6.6741,8.027,10.9588,6.2193,-3.7064,5.332,7.9288,4.3844,-0.9016,3.2012,11.0803,6.0049,-4.9678,3.7362,6.4681,5.9824,0.5263,4.8285,7.7642,2.9689,-2.7863,4.2902,1917.43,239.35,1243.84,130.7,3488.1,373.94,0.07317,0.00899,0.04454,0.00582,89.3,978.2,22050,4.05,revving,56.0
624,Clutch Slip,-197.9366,19.1873,107.2822,10.5812,-9.4604,8.5117,14.9631,8.45,-5.4525,4.417,9.1326,7.7254,-4.4064,5.1005,6.0406,5.8809,-2.6207,5.0456,8.3225,5.0982,-2.9408,3.8349,8.1971,4.1871,-1.0526,4.0623,1858.88,203.47,1259.77,186.05,3462.89,375.46,0.07816,0.01393,0.05791,0.01667,42.4,1856.7,22050,2.87,idle,59.7
625,Clutch Slip,-205.1974,19.7984,110.171,20.4985,-6.8625,9.8251,11.8514,9.1352,-7.9102,7.6304,10.6262,5.918,-3.5496,7.1592,5.5809,3.177,-1.8571,6.1189,5.8036,5.6927,-4.2107,2.9162,6.2513,2.489,-2.7966,3.8647,2149.19,181.26,1203.7,141.4,3705.95,183.05,0.07321,0.01213,0.0591,0.01266,32.8,1817.5,22050,4.1,idle,52.3
626,Clutch Slip,-195.1413,16.7679,110.1672,11.9047,-5.4321,8.0773,14.5142,9.2402,-8.436,6.7728,7.6076,7.3971,-2.9981,4.7224,11.0201,6.2009,-5.7291,4.9129,7.7581,5.1153,-0.0486,3.9262,8.737,3.3607,-1.639,5.2646,1998.39,239.9,1223.59,116.72,3579.15,293.03,0.07946,0.01686,0.05414,0.01292,42.7,1505.7,22050,4.03,revving,55.6
627,Engine Overheating,-188.8934,18.8603,109.6016,18.2596,-8.6502,7.3777,12.607,5.3125,-3.5104,7.8893,15.8256,7.0369,-0.8627,6.4708,13.9639,6.7637,-4.3784,5.5194,10.2293,5.8435,-3.536,4.8406,7.8546,3.5433,-2.3281,2.4776,2472.43,345.36,1493.46,277.9,4371.24,468.33,0.09132,0.02506,0.08143,0.01649,2144.9,1263.3,22050,2.61,revving,63.7
628,Engine Overheating,-182.4513,8.497,101.1685,13.341,-5.559,11.2468,12.2812,9.0273,1.8934,7.8366,10.3863,9.6302,0.9552,4.6592,8.9494,5.1316,-5.7388,5.0391,6.2722,4.3385,0.2471,6.1553,6.5421,3.3058,-2.6202,4.134,2259.09,253.63,1663.74,278.65,4250.99,553.67,0.09613,0.02184,0.05965,0.01527,2492.4,1351.5,22050,2.65,revving,70.5
629,Brake System Fault,-176.733,19.12,104.9557,15.6071,-13.7411,14.251,13.7626,11.5665,-9.5762,8.7099,7.2054,9.9142,-6.4559,8.3283,9.2168,5.9,-3.8863,4.9275,5.9103,7.0638,-1.7227,5.4892,8.5694,3.8257,-2.2912,4.7176,2893.57,457.75,1625.31,214.73,4799.37,844.14,0.11332,0.02743,0.07839,0.02074,3589.2,1365.8,22050,3.45,idle,66.4
630,Healthy,-197.4177,20.108,107.7503,8.2907,-7.1741,5.4219,11.8824,4.7563,-4.9289,5.2794,10.2974,4.15,-2.3494,2.6335,6.4049,3.7456,-1.2991,2.6802,4.2322,3.2123,-2.2801,2.7356,2.1331,4.4363,-1.99,3.5944,1785.21,162.01,995.88,144.24,3130.66,223.74,0.07163,0.01133,0.04648,0.01185,55.0,1074.6,22050,3.48,revving,63.3
631,Brake System Fault,-176.9542,18.04,111.0536,16.0945,-8.8889,13.106,22.0514,8.908,-4.2115,5.6481,10.8229,8.014,-6.8692,7.3024,8.7018,8.3006,-5.9543,6.2887,6.471,9.4862,-7.511,7.2841,3.4355,5.0384,0.9961,5.8762,2886.98,467.51,1635.49,203.7,5417.85,751.51,0.1108,0.04063,0.07707,0.02444,2389.8,1415.5,22050,3.36,idle,72.3
632,Engine Overheating,-182.9719,19.1933,108.0615,12.9274,-11.0982,11.2855,13.1683,10.3012,-7.0885,6.9362,12.0912,6.2099,-1.8256,6.629,9.2642,5.4032,-4.7943,8.4256,6.4727,5.9166,-2.4978,4.8903,5.7804,5.3175,-0.259,4.1909,2198.41,284.48,1562.98,276.57,4040.22,506.96,0.10993,0.01176,0.069,0.0158,1528.1,1379.7,22050,3.38,revving,55.0
633,Healthy,-201.8421,12.0687,108.4922,7.7742,-6.0637,6.458,13.5985,3.4223,-6.4632,3.6843,8.0019,5.5607,-3.6724,2.7501,6.3712,2.185,-2.992,3.2266,5.7117,3.1017,0.1155,2.814,3.7158,2.9729,1.3677,3.1853,1772.98,174.56,1060.14,106.98,3115.99,323.7,0.0627,0.01683,0.04223,0.00832,95.0,1178.3,22050,4.41,revving,48.9
634,Clutch Slip,-191.8497,13.0639,109.4537,11.7635,-2.7302,9.2074,13.5262,8.7353,-7.9786,6.1705,9.0324,5.5177,-3.0175,5.7222,8.2952,4.5807,-3.3782,3.419,5.2943,3.9867,-1.5419,4.0851,4.8465,4.6311,0.3797,3.1273,2094.04,175.49,1262.83,215.42,3670.78,263.05,0.08002,0.01688,0.05111,0.01272,46.2,1633.2,22050,4.32,revving,74.2
635,Brake System Fault,-183.257,20.535,107.9563,18.2214,-11.5118,11.3344,20.1952,13.5846,-6.5076,9.4817,12.8854,8.984,-7.5878,7.0716,4.5425,7.6704,-4.3749,6.7522,8.2086,9.0036,-1.0421,6.186,6.8305,4.6467,-5.059,3.6263,2801.45,523.72,1689.0,304.31,4874.08,555.59,0.10751,0.02219,0.07724,0.02303,4524.8,525.4,22050,2.68,revving,65.5
636,Healthy,-201.6657,17.1227,117.2681,9.624,-6.717,4.6245,9.4061,3.7871,-7.664,6.3559,10.7028,4.6584,-1.2555,3.2391,6.8734,3.3804,-1.004,2.3907,4.1431,2.7283,0.3795,1.9836,2.7993,2.4532,0.3904,2.3167,1752.48,147.02,1046.51,108.46,3094.03,280.5,0.06836,0.01865,0.04857,0.01021,97.1,794.0,22050,2.72,revving,72.9
637,Healthy,-202.5163,12.9017,111.4544,8.7235,-7.2875,6.2147,13.8759,5.9629,-6.2118,4.8288,10.9761,4.1652,-2.1938,3.3404,6.1324,2.357,-1.7806,1.8513,6.346,3.6044,-0.0453,2.8526,3.5381,2.4726,-1.7895,3.0862,1745.13,204.48,1051.05,118.05,3116.52,366.92,0.06007,0.01316,0.05153,0.01126,107.1,996.3,22050,3.18,idle,54.5
638,Battery Fault,-190.8018,18.3521,113.6519,9.8645,-8.0974,7.679,11.7605,4.8697,-4.6568,4.7116,10.0224,4.228,-2.0625,4.0157,10.3578,5.5972,-1.5917,2.8975,5.5916,4.0711,-0.5863,3.3345,5.2289,4.2841,-3.9849,3.9345,1963.07,141.13,1038.35,144.9,3361.19,284.47,0.07269,0.01216,0.04824,0.0066,151.4,1503.4,22050,3.0,load,61.0
639,Brake System Fault,-170.6437,21.2126,100.7087,16.551,-17.9358,13.0451,12.4301,11.2145,-10.7332,11.4282,10.6356,11.1005,-2.3874,5.2291,10.8839,9.4469,-1.6358,5.6391,7.058,5.6089,-3.9226,5.3057,6.5239,6.0607,-5.2375,7.2495,2804.61,511.38,1791.45,286.2,5065.87,626.41,0.11653,0.02854,0.0828,0.0269,2842.5,1198.4,22050,2.74,load,63.6
640,Healthy,-192.1488,12.9164,112.3003,10.5867,-6.9155,7.2997,12.2007,6.7296,-4.4781,4.3632,10.0479,4.8335,-2.92,2.3694,7.9524,3.3831,-3.2135,3.0798,5.4833,2.676,-0.3638,2.3441,5.5545,3.171,-0.9704,2.0289,1807.29,186.26,1071.51,124.09,3266.14,284.1,0.05951,0.01178,0.04311,0.01083,34.2,1128.6,22050,3.02,revving,53.8
641,Battery Fault,-200.2405,21.6282,115.1304,9.2531,-8.2489,9.0013,10.9645,5.4224,-5.6323,5.9996,8.6836,8.5436,-3.8045,3.9781,8.9711,6.234,-5.0322,4.3624,6.0549,4.7021,-3.4123,3.8111,4.4959,4.8109,-3.8085,2.5992,1883.73,188.3,1104.96,130.03,3447.53,328.07,0.07827,0.00914,0.04789,0.00824,142.4,1017.9,22050,3.19,revving,50.9
642,Clutch Slip,-191.7827,21.2951,111.9715,16.61,-2.5109,7.8798,8.3993,7.7297,-5.6894,7.7275,4.1637,5.6831,-1.3506,3.9318,12.5639,3.4199,-1.343,4.1088,4.1755,5.0402,-2.8981,5.3207,4.7804,4.0107,-0.6311,6.4087,2105.25,246.08,1292.27,159.85,3636.87,389.93,0.0746,0.00975,0.06159,0.0138,29.5,1728.2,22050,4.5,load,76.5
643,Battery Fault,-200.963,16.3069,113.3351,11.8675,-10.2052,10.3932,7.2405,7.1107,-5.3927,4.8729,6.4952,3.9716,0.1234,5.5474,7.5677,5.5204,-5.9504,3.9232,5.925,2.9621,0.0195,3.1096,8.0126,3.1149,-3.6365,5.3793,1924.94,261.19,1206.52,147.74,3335.46,188.41,0.06762,0.01513,0.04795,0.01184,169.5,719.2,22050,3.36,revving,59.1
644,Engine Overheating,-184.3256,22.0257,103.6283,12.7537,-11.0054,6.8358,17.6086,8.8612,-1.7969,6.2672,11.7762,6.1257,-3.1174,6.9216,8.3527,9.1331,-2.6425,6.4782,5.5445,6.2726,1.7147,6.4484,6.025,3.4094,-2.1633,5.2035,2380.6,332.68,1469.21,216.13,4209.38,405.15,0.08416,0.0244,0.06037,0.01547,3128.4,1276.4,22050,4.36,idle,57.1
645,Brake System Fault,-182.4237,17.7982,97.0119,15.3819,-12.493,14.1916,20.1561,14.8358,-6.8945,7.5059,12.8326,6.328,-6.6854,6.1889,11.2579,4.4232,-3.0203,5.2822,10.9297,5.4427,-2.8776,7.3753,7.314,6.9221,-2.0706,4.6753,2638.84,357.93,1773.15,268.04,5175.29,792.76,0.12285,0.03303,0.06971,0.01547,3342.6,1393.5,22050,3.73,idle,77.7
646,Oil Pressure Fault,-182.3089,13.0273,111.6007,15.7537,-9.6227,8.1279,13.4865,8.7497,-4.407,5.4364,11.6943,5.8399,-3.6498,6.8373,8.0248,4.6622,1.2441,6.8726,10.5129,5.1422,0.099,2.9768,3.429,4.2685,-1.5337,3.9773,2272.48,294.63,1230.79,188.05,3888.58,337.63,0.08922,0.01608,0.06253,0.01057,676.0,1374.5,22050,4.15,idle,73.6
647,Brake System Fault,-175.7872,24.7346,105.3728,16.4305,-13.1809,8.7601,12.9766,8.9557,-9.2452,9.149,15.255,6.9915,-0.9378,6.9711,9.9198,10.7958,-6.5403,5.7452,7.5855,7.5818,-8.2862,5.1291,4.687,3.7614,1.3631,5.4745,2741.21,306.66,1805.03,223.03,4774.08,711.72,0.12516,0.02719,0.06787,0.01689,4628.3,340.9,22050,3.69,idle,72.3
648,Clutch Slip,-197.1455,11.672,113.4136,15.3592,-2.4646,6.4698,13.1963,5.3226,-7.2348,6.2003,11.3419,4.861,-2.9291,5.9556,8.1654,4.2408,-7.3227,5.2037,2.4945,3.5516,-1.1395,3.9225,6.0185,3.2997,-3.0271,3.6695,1970.68,230.56,1222.57,167.68,3578.84,367.99,0.07269,0.01207,0.05327,0.00664,29.6,1545.6,22050,2.72,revving,64.7
649,Battery Fault,-188.403,15.6093,116.2501,11.6353,-9.5486,8.8721,10.3522,5.6,-3.5562,4.4182,8.9437,4.9221,-3.3171,4.4356,6.3383,4.6785,-6.8997,3.9524,7.241,4.0848,-0.8944,4.3973,7.6761,3.6345,-5.5503,3.6164,1955.18,199.55,1157.96,183.07,3385.46,374.47,0.07089,0.01119,0.04856,0.00943,15.7,622.4,22050,2.55,idle,60.3
650,Oil Pressure Fault,-190.3263,26.1108,104.5647,8.4955,-7.6083,6.024,15.5424,8.7139,-1.6196,9.6129,11.8028,3.9285,-5.9478,4.2375,6.077,6.0364,-4.469,3.3975,7.6618,7.7051,-3.1005,3.7214,5.267,4.3959,-2.5784,3.6409,2090.11,264.73,1351.01,203.97,3764.98,328.33,0.08338,0.0213,0.05948,0.01199,1356.6,1026.2,22050,3.07,idle,48.3
651,Clutch Slip,-198.1009,22.726,115.0219,10.9904,-5.7928,7.6797,13.781,3.6505,-9.1868,6.3114,10.7707,5.4179,-3.129,6.0188,7.4626,4.7726,-4.1619,6.7463,7.8473,6.2325,-2.27,4.6669,4.5202,4.8603,-1.4832,3.8337,2056.96,223.46,1246.95,185.02,3789.1,319.83,0.07697,0.01936,0.05126,0.01405,37.7,1772.5,22050,4.11,revving,58.2
652,Engine Overheating,-183.7737,14.443,104.7961,15.548,-10.7991,8.1106,7.3075,7.974,-5.7738,6.6806,15.8392,6.1785,-1.1486,7.5963,10.444,5.0821,-7.1755,4.3499,8.2724,6.3643,-4.1772,5.5874,6.2629,3.6124,-1.3912,4.6819,2458.89,312.51,1450.13,202.42,4461.17,501.05,0.10059,0.02828,0.06797,0.0089,3129.7,569.5,22050,4.31,revving,68.7
653,Brake System Fault,-189.2518,19.6967,98.8141,18.3183,-8.3957,14.7927,18.7922,13.7634,-6.3865,9.1938,12.0532,7.3098,-6.2924,9.3879,9.9288,5.7936,-5.977,7.2219,8.3573,6.4086,-3.6461,6.2356,8.5338,5.3048,0.1529,3.9698,2910.81,446.33,1708.09,241.61,5027.08,732.13,0.11088,0.02465,0.08721,0.01957,2659.4,1160.6,22050,4.17,revving,65.4
654,Battery Fault,-191.0416,13.4912,107.7739,9.6284,-7.9106,5.3617,12.8871,5.2297,-0.892,5.7732,10.8911,5.0325,-2.9184,4.2801,5.2802,5.2389,-5.2524,5.062,6.2049,4.6367,0.4565,3.1677,5.7312,2.7387,-2.0063,4.1973,1962.48,164.69,1169.21,122.86,3269.64,402.08,0.07776,0.01069,0.05195,0.00938,146.4,835.0,22050,3.49,idle,76.4
655,Oil Pressure Fault,-186.2968,25.3088,115.1268,16.9238,-2.4369,9.6674,13.6981,7.9503,-0.2621,6.486,13.9712,6.6436,-7.2449,6.522,6.9539,4.1061,-1.7513,4.4333,6.252,5.0084,-3.9173,4.4107,5.3982,3.1671,-0.5369,3.6399,2023.59,307.65,1242.63,189.99,3784.84,421.11,0.07771,0.00944,0.05713,0.01541,930.1,764.4,22050,4.07,idle,56.1
656,Healthy,-189.777,17.9348,112.2121,7.1841,-7.5634,4.9723,10.4678,4.3973,-4.3996,5.4249,12.1811,3.8852,-2.6385,4.2154,7.2004,3.2942,-1.4825,1.8041,6.0572,2.6724,-1.7032,2.5322,3.5241,3.4817,-0.9904,2.5929,1717.07,169.02,1071.7,121.77,3163.95,277.37,0.05862,0.00981,0.04608,0.00645,65.7,306.4,22050,3.61,idle,62.8
657,Battery Fault,-184.9288,19.3823,112.6695,9.3642,-6.5257,5.8129,6.8165,5.9964,-6.4697,6.7165,6.4185,4.1237,-1.8118,5.4025,10.2351,6.9366,-5.2334,3.375,5.3297,3.5813,-1.9574,5.1864,7.6807,3.9858,-6.1156,3.6503,1967.92,168.0,1094.74,159.14,3331.21,314.82,0.07653,0.00912,0.05406,0.01021,180.9,970.8,22050,2.82,idle,75.7
658,Healthy,-207.1769,12.0562,112.8121,9.3758,-5.2946,5.779,13.5914,5.0887,-6.8864,4.286,9.9156,3.2637,-3.1438,3.1063,7.1785,2.6264,-4.2379,3.0192,4.4255,3.4983,0.3484,3.3034,4.1079,3.1754,-0.0458,2.7622,1806.02,173.88,1073.79,129.62,3065.52,259.17,0.069,0.01861,0.05201,0.01015,38.3,777.6,22050,3.04,idle,49.7
659,Oil Pressure Fault,-185.937,21.8892,106.7614,9.369,-6.8657,10.4821,12.1117,8.1028,-2.5327,3.9336,11.0762,4.0158,-1.1294,4.8104,9.6757,4.3226,-2.9583,3.6126,4.1396,4.902,-1.5782,4.0329,4.0964,4.8003,-0.6838,3.3839,2177.19,237.38,1353.54,171.63,3853.52,418.12,0.08182,0.01721,0.06198,0.0121,1380.8,1283.7,22050,3.9,idle,60.0
660,Engine Overheating,-188.9749,16.546,105.4724,12.5486,-9.9831,8.9434,8.7659,7.7128,-0.6708,6.3315,13.5605,6.8446,-2.791,3.5382,10.9243,5.6929,-2.1776,6.3623,9.6301,5.9345,-2.3593,6.2867,5.6869,5.4494,-2.2798,4.1022,2597.08,382.49,1549.14,257.5,4635.32,396.7,0.0986,0.02468,0.06153,0.01857,2789.8,1285.0,22050,3.71,load,50.2
661,Engine Overheating,-188.5731,11.7153,106.2623,13.6341,-13.85,9.1615,11.5953,9.3527,-2.6016,7.4847,14.8804,7.943,-3.543,4.4106,7.4894,5.6329,-3.7152,5.9772,8.5803,4.0611,-1.0051,5.6153,6.3113,3.5813,-4.0035,5.8942,2445.56,307.61,1413.64,262.18,4388.66,654.94,0.08916,0.00989,0.06783,0.01856,3077.8,945.8,22050,3.16,revving,59.7
662,Engine Overheating,-182.9362,19.9861,112.6251,13.6224,-10.3466,7.9431,15.1733,9.8249,-3.7463,6.221,12.6216,7.8696,0.9609,5.9534,7.1756,4.2456,-2.3884,5.7416,7.4906,7.1853,-1.3859,4.7591,6.0912,5.0988,-1.9805,3.7031,2485.55,375.76,1466.41,249.77,4420.79,408.73,0.09175,0.02177,0.06384,0.01821,2972.8,1289.2,22050,4.29,revving,66.0
663,Battery Fault,-199.1423,17.4807,109.3327,9.0321,-12.0191,9.6559,14.7134,6.1985,-5.5579,5.7486,7.5144,4.347,-0.1232,3.8977,8.645,3.6706,-4.0012,4.3337,6.3535,3.9967,-1.7933,2.4295,7.0719,5.7834,-3.2699,2.7079,1941.61,192.37,1205.88,167.3,3491.44,273.03,0.07338,0.01782,0.05466,0.01031,207.2,671.0,22050,3.04,load,64.3
664,Brake System Fault,-177.082,20.8962,106.3836,13.3075,-17.4271,11.4976,12.1862,10.0093,-10.0997,11.9958,17.5073,9.9488,-3.2869,6.1725,8.9828,5.1573,-4.3464,7.2162,5.4605,4.7851,-4.1151,5.9612,6.0498,6.1552,-2.8515,4.7156,2798.12,352.79,1717.67,373.66,5018.15,569.94,0.11175,0.02912,0.06331,0.02061,2883.0,1176.9,22050,4.17,load,59.0
665,Brake System Fault,-176.0402,26.6771,89.5447,16.2392,-12.829,7.1054,14.1738,12.1716,-4.7517,7.0691,12.663,7.9246,-6.3538,8.2571,8.1701,7.2845,-3.6392,7.0113,10.2594,6.4671,-0.4072,7.4712,7.2193,4.1102,-1.8014,5.6529,2880.7,441.13,1764.81,258.59,5001.41,634.0,0.0859,0.02871,0.07946,0.02645,2898.5,228.6,22050,3.47,load,48.6
666,Healthy,-197.751,16.2425,111.1741,8.0931,-7.1169,6.5628,13.8218,7.2432,-7.0335,4.9377,9.59,4.5889,-2.0266,3.8149,9.0581,2.1159,-4.0121,3.7784,6.2305,2.9925,-0.7955,3.6929,4.3723,2.6897,0.1389,3.317,1836.01,174.26,1013.06,108.7,3214.77,250.17,0.06311,0.02079,0.04801,0.01298,82.0,1016.0,22050,4.36,load,73.2
667,Battery Fault,-189.6267,12.3598,115.756,11.5011,-12.1165,7.2213,7.3783,5.9533,-3.4637,3.5121,6.9125,6.3586,-1.4172,4.5649,10.9097,5.3976,-5.2291,3.7715,5.1131,3.1888,-0.5444,4.1366,5.2179,4.5765,-4.0766,3.161,1869.87,210.38,1208.02,145.86,3296.87,198.51,0.07285,0.01173,0.05369,0.01493,141.4,649.5,22050,3.81,revving,59.9
668,Healthy,-192.7628,13.2149,114.7451,11.5805,-5.2878,6.6717,13.3987,5.1865,-4.4209,4.9704,8.4525,4.2865,-2.8055,2.7178,8.9344,2.5621,-3.4273,3.4,4.0808,2.4592,-0.0172,3.2848,3.6842,1.9483,-1.8145,2.3917,1685.72,219.21,1054.16,111.09,3122.84,278.11,0.0621,0.01341,0.03867,0.01143,95.9,915.7,22050,3.32,idle,48.6
669,Brake System Fault,-173.8093,20.0874,100.9902,21.46,-9.4625,11.4766,11.9412,12.4743,-11.2518,7.3663,13.0759,4.7534,-3.9376,8.4963,9.8187,7.6309,-9.0199,8.9486,6.049,6.9515,-4.8455,4.8152,7.8855,5.913,-2.7971,6.2481,2762.3,416.9,1802.12,334.48,4561.08,553.43,0.11156,0.0269,0.07695,0.01714,1937.7,605.8,22050,3.7,revving,71.2
670,Brake System Fault,-184.4283,22.297,106.8454,18.7398,-18.174,14.8315,17.0047,5.5107,-8.2939,8.5683,8.9621,8.1412,-6.1418,7.2785,8.3133,6.2038,-8.8033,7.1876,3.9256,4.7609,-0.4105,7.1282,6.5296,4.8896,1.9876,4.1529,2815.58,404.28,1622.81,239.16,5178.12,621.34,0.10853,0.02668,0.07926,0.01697,3308.6,1034.5,22050,3.86,idle,77.7
671,Engine Overheating,-194.6836,13.844,101.7287,13.2486,-10.4239,9.9539,15.3561,8.1731,-3.7885,7.4795,11.3217,7.0105,-3.4247,5.5361,12.8999,8.486,-4.3995,6.0001,10.2753,3.5638,-2.4779,5.8747,4.8628,3.6744,-1.299,4.9431,2571.92,334.46,1461.18,228.82,4444.83,679.62,0.10324,0.01564,0.07133,0.01261,2927.3,895.2,22050,3.9,idle,61.3
672,Engine Overheating,-187.5162,17.9169,104.1156,8.9474,-13.4146,9.5806,7.5593,6.2269,-3.6383,3.9024,12.0387,8.5179,-1.9388,3.7624,10.9474,7.1172,-6.6691,8.2672,8.5356,4.5109,-3.0961,3.2496,4.5679,4.4224,-2.7819,4.0379,2455.99,383.08,1356.27,305.16,4184.64,587.28,0.09906,0.0239,0.07073,0.01632,2133.3,841.1,22050,2.81,idle,73.3
673,Oil Pressure Fault,-189.1868,16.0576,113.1795,11.5914,-8.0336,9.6643,18.6995,9.9625,-8.2516,6.6543,10.3505,7.1016,-6.3229,6.022,7.5945,4.0704,-1.7771,4.7377,6.9772,5.3109,0.8992,3.0762,2.9827,3.5715,1.7938,4.8394,2113.73,219.05,1329.48,154.21,3679.63,411.61,0.07676,0.01537,0.05481,0.00787,1376.4,775.0,22050,3.17,load,67.7
674,Battery Fault,-190.5728,14.5519,110.9294,10.9595,-8.1224,5.7156,8.7747,8.1627,-4.0314,3.9425,6.6811,4.1834,-3.1905,2.8121,10.8273,6.5055,-4.7434,4.2583,3.7411,4.1517,0.9226,4.2116,5.7347,4.5763,-6.5719,4.259,1936.69,242.98,1211.49,186.11,3374.49,344.97,0.06708,0.01058,0.04676,0.00991,79.6,1208.3,22050,4.03,revving,64.5
675,Engine Overheating,-183.6008,18.8844,102.0895,9.7546,-5.0425,9.4447,10.1892,7.064,-4.7922,7.9803,11.2402,5.4816,-5.2261,5.8069,13.169,5.6853,-5.0232,7.2326,8.7393,4.091,-1.3492,4.7721,3.8995,3.8741,-3.7762,3.8384,2475.56,315.59,1545.38,242.42,4156.0,564.77,0.09371,0.01866,0.07297,0.01507,4014.2,640.8,22050,3.05,load,62.7
676,Brake System Fault,-182.6317,24.3513,98.3519,9.8464,-19.3364,10.2379,16.302,11.0969,-5.9739,9.9575,14.6757,10.7775,-8.8621,7.1832,7.2915,6.469,-5.6001,6.4833,10.4725,8.3493,-6.0996,4.6486,6.1586,5.3662,-0.1729,5.5216,2765.62,379.93,1722.29,341.98,5123.18,877.33,0.10839,0.03056,0.08369,0.02711,3752.4,1254.6,22050,4.19,revving,70.8
677,Oil Pressure Fault,-188.1719,18.4903,111.668,16.6779,-8.2824,9.5068,14.3366,9.4676,-8.8116,6.5346,8.3543,5.169,-3.7009,7.5084,6.0609,4.6389,-3.0753,6.1022,9.91,4.7164,-3.3924,3.6409,5.474,4.672,1.1069,2.937,2208.74,186.76,1202.61,169.29,3838.94,336.47,0.08182,0.02378,0.05938,0.007,1354.5,1470.1,22050,4.13,idle,67.8
678,Engine Overheating,-179.7477,17.5652,109.2233,9.4552,-7.4877,9.5475,11.0893,9.616,1.0342,7.4444,17.9329,8.9775,-3.6188,5.9819,12.189,5.696,-6.3385,4.9098,8.7241,3.8237,-5.9048,4.3364,5.9933,3.4154,-2.314,3.4881,2584.26,381.07,1589.85,230.04,4663.66,448.54,0.0909,0.01901,0.05672,0.02004,3392.5,1248.4,22050,2.8,idle,77.5
679,Brake System Fault,-182.9235,22.2045,90.0576,16.5998,-7.0001,10.0962,18.5576,11.3101,-10.5126,8.237,14.3903,8.1552,-6.2548,8.019,8.661,5.4824,-3.1122,7.2993,8.6802,5.9043,-1.4052,5.6741,4.7323,4.6291,0.1718,5.2204,2704.94,442.97,1725.15,257.34,4761.96,447.36,0.11045,0.02331,0.06563,0.02304,3968.0,1272.0,22050,3.64,idle,50.7
680,Clutch Slip,-198.0943,17.8556,111.3366,12.5132,-1.2746,8.8558,11.527,5.8537,-5.5636,4.5033,10.6366,5.7227,-5.7357,6.4173,9.868,5.3904,-6.4544,4.0147,5.9516,5.2589,-1.2348,2.3221,5.8375,4.4679,0.0156,4.3558,2007.49,231.87,1188.82,160.25,3630.97,242.91,0.08031,0.01338,0.05305,0.0106,35.0,1666.5,22050,3.24,revving,69.6
681,Engine Overheating,-183.8261,18.396,116.2364,11.0253,-10.67,9.0835,12.8053,9.2357,-7.1557,9.2982,8.1639,6.8524,-1.1228,6.7048,10.3176,4.7536,-3.5222,4.6532,11.4106,5.7115,-6.2109,5.2707,2.8372,3.6775,-0.6107,3.4152,2234.64,312.5,1414.67,234.11,4346.36,486.08,0.08731,0.02006,0.0585,0.01359,2696.7,985.2,22050,3.65,idle,52.8
682,Brake System Fault,-184.5546,24.6019,106.1541,16.1257,-10.7046,10.9298,10.9923,9.3637,-4.4073,7.7228,11.3195,9.1525,-7.16,7.8067,5.0614,9.2183,-1.1814,5.421,11.69,6.0941,-1.4958,4.745,4.546,6.3393,-1.1024,3.7008,2814.86,283.63,1613.78,244.48,4769.53,696.63,0.1304,0.01826,0.08855,0.02687,4847.5,594.5,22050,3.72,idle,65.7
683,Oil Pressure Fault,-182.3608,21.7183,109.8292,13.9781,-1.0793,7.8046,15.9179,7.2502,-8.7094,6.7454,7.8002,7.492,-5.6952,5.7839,5.5442,5.238,-3.8004,4.7098,3.6372,6.0719,-2.6434,4.3349,4.0477,2.8682,0.1422,3.0271,2040.96,182.88,1368.82,170.65,3883.88,456.3,0.07989,0.01463,0.05993,0.01554,977.8,1540.3,22050,3.51,idle,50.5
684,Oil Pressure Fault,-178.5567,16.2468,109.8575,13.2144,-4.596,12.1797,14.1966,7.368,-6.409,7.2937,11.3752,4.9293,-7.9891,6.4062,1.6385,3.7361,-3.2537,6.3941,6.9837,4.3905,-0.9561,5.3767,5.4308,3.1264,0.1422,4.0097,2037.75,208.14,1241.88,197.46,3842.89,563.04,0.09604,0.015,0.05755,0.01491,1030.7,1202.8,22050,4.07,idle,49.6
685,Oil Pressure Fault,-185.8677,22.5696,108.5142,13.7144,-8.5979,10.2922,13.6516,6.386,-5.0736,6.0048,9.5503,3.1182,-2.4755,6.456,10.1872,6.4007,-3.7043,3.5629,5.8892,5.2926,-3.0475,3.578,5.5718,4.8113,-0.7727,2.6403,2090.92,234.28,1324.57,178.25,3700.46,468.18,0.06769,0.0207,0.05989,0.01759,1237.2,1703.5,22050,3.78,revving,77.9
686,Clutch Slip,-201.6097,15.9615,107.2296,11.1439,-2.7291,6.4837,14.9904,6.5222,-9.052,4.8305,11.9394,6.476,-2.1727,4.7048,8.6199,3.5044,-0.3349,3.7311,3.189,4.9699,-3.8027,4.6936,5.7287,4.5542,-1.3052,3.5576,2032.31,203.2,1255.63,140.85,3771.12,332.93,0.08104,0.01313,0.05358,0.01134,7.9,1655.8,22050,3.44,revving,72.3
687,Healthy,-189.4325,14.5169,106.6919,9.1124,-7.2642,5.3968,12.0488,4.0494,-2.685,5.2932,6.8479,5.0225,-3.7747,2.521,5.9185,3.3931,-2.6262,2.3558,7.3476,2.5299,-2.9343,3.8147,4.4882,2.7581,-0.0871,3.6278,1767.95,183.28,982.49,135.63,3156.44,268.83,0.06304,0.00996,0.0461,0.00889,112.4,998.8,22050,3.53,revving,67.9
688,Clutch Slip,-186.6233,17.608,110.4316,11.5229,-7.8612,6.4827,13.0622,5.3848,-4.3282,3.8576,13.3007,6.2374,-3.9425,3.373,6.8747,4.5829,-2.2392,4.1791,4.047,5.6838,-1.6531,3.3496,2.7791,4.615,-3.2452,4.5133,2097.8,250.76,1296.56,161.11,3618.06,323.77,0.07849,0.01363,0.05244,0.01408,62.4,1486.1,22050,2.77,idle,55.6
689,Engine Overheating,-189.3024,16.2986,112.4288,12.106,-10.9809,10.5404,9.036,5.8374,-2.3871,6.1124,13.3687,7.4079,-2.4358,5.9231,7.8404,4.1661,-6.96,4.9448,8.8047,6.2481,-3.7375,5.5606,4.7812,4.0744,-1.4164,5.1942,2642.46,278.65,1646.33,210.84,4193.43,535.3,0.09273,0.01397,0.06764,0.01435,2464.7,820.7,22050,3.79,idle,51.9
690,Clutch Slip,-184.4177,19.837,111.9709,12.2456,-4.6454,5.3419,14.2196,7.7572,-7.0238,7.8151,13.0269,7.658,-7.0126,4.3998,11.186,5.0053,-5.2209,4.3886,2.8535,4.9422,-2.911,2.7821,3.6811,4.1756,0.3185,4.3106,2092.16,211.05,1237.7,160.28,3692.24,394.06,0.0791,0.01469,0.05093,0.01143,26.5,1355.8,22050,4.38,idle,67.6
691,Healthy,-199.1464,13.468,117.2801,8.0477,-5.6898,6.6688,14.726,4.9504,-7.3774,5.9282,9.9687,6.676,-2.2514,3.8899,5.7707,2.2603,-0.3674,3.3509,5.4209,2.5488,-1.9536,2.5562,3.6688,2.8726,-2.3914,2.777,1774.48,195.76,1061.35,106.57,3132.92,202.61,0.06099,0.01964,0.03705,0.01266,74.6,804.7,22050,2.67,idle,53.6
692,Engine Overheating,-183.0558,17.7993,112.1782,17.4916,-6.3842,8.7442,16.7135,8.1891,-5.9861,6.7746,10.9485,7.6754,-1.5886,6.625,11.8151,3.6762,-3.4309,6.8673,9.484,5.7478,-4.4718,4.9187,7.576,3.1154,-1.8567,5.7092,2547.38,302.32,1505.62,214.58,4563.86,480.55,0.09827,0.01483,0.06579,0.01871,2741.7,157.9,22050,4.36,idle,59.9
693,Clutch Slip,-199.5198,19.0636,115.2543,19.8001,-2.4317,9.5021,12.8486,8.7747,-3.9484,6.2279,8.8581,6.6474,-3.7947,4.6101,8.0987,5.4602,-1.6047,5.1237,5.6711,3.4505,-1.5802,3.5972,6.3988,5.4984,-0.6955,3.1859,2033.7,226.98,1349.35,122.68,3559.05,293.98,0.07742,0.0169,0.05282,0.01172,43.1,1462.9,22050,4.05,revving,51.4
694,Oil Pressure Fault,-184.1016,10.9073,102.1227,14.4587,-3.5536,9.4872,13.146,6.9141,-9.1667,8.2038,7.0875,6.889,-6.4974,4.7849,7.5342,5.8079,-1.5615,4.0292,5.8025,5.1559,-0.7816,4.4366,5.0655,3.6114,-2.2014,4.5872,2161.3,238.84,1262.39,202.33,3867.06,396.6,0.08758,0.01891,0.05718,0.01642,1414.3,975.5,22050,3.84,idle,52.2
695,Healthy,-197.9591,14.7946,111.217,8.8659,-7.7675,4.9968,13.6467,4.7201,-3.8238,4.3193,8.9391,5.5655,-3.7024,3.3637,8.5106,3.6212,-3.8422,3.3918,5.9982,3.4912,-1.5611,3.0419,4.6992,2.3357,-0.8043,2.8896,1717.94,200.3,1005.26,90.39,3128.34,304.34,0.05583,0.01857,0.03598,0.01042,17.9,876.7,22050,3.39,revving,52.2
696,Engine Overheating,-186.3696,20.4709,106.3252,14.623,-12.6134,10.1319,12.5127,8.9032,-4.2625,9.5511,13.4332,4.7776,2.8183,5.73,10.7761,7.3224,-4.4227,4.8747,6.5385,4.1328,0.4982,3.7773,7.4586,4.7477,-2.3578,2.4381,2344.76,257.34,1526.3,173.6,4290.17,374.26,0.09271,0.01958,0.06551,0.01425,2304.2,956.6,22050,2.51,load,53.0
697,Healthy,-203.4111,16.076,116.0048,9.5829,-7.7626,4.1464,14.1821,5.9175,-5.027,4.0063,7.0367,5.0341,-4.9271,2.6589,9.1362,1.5939,-2.8706,2.4171,5.2154,3.0502,-0.6792,3.1458,3.5158,1.6307,-1.4822,3.8439,1776.12,194.02,1097.45,131.33,3030.83,218.43,0.06082,0.01652,0.04439,0.00977,10.7,1012.2,22050,2.57,idle,51.8
698,Battery Fault,-187.0788,17.9762,107.0716,8.0618,-11.7543,6.2976,12.8262,6.4411,0.4816,4.8495,8.7061,6.5972,-2.9844,5.3376,7.2831,6.0172,-3.748,3.0095,4.0275,3.4147,-1.837,5.6651,6.9082,4.391,-5.1765,2.1252,1975.42,269.33,1195.05,147.18,3375.05,324.21,0.07096,0.01344,0.0422,0.01069,110.1,1378.1,22050,2.53,load,51.2
699,Clutch Slip,-187.5741,14.3247,112.5449,9.1937,-3.6396,8.8179,13.6067,5.5687,-3.5229,6.6766,12.7743,5.6013,-6.1245,3.6062,9.4339,4.8668,-1.2522,7.0015,6.8694,4.9158,0.6334,3.8964,3.4081,4.9033,0.9069,3.8183,2131.31,151.45,1290.09,168.87,3741.91,352.12,0.08704,0.01196,0.04796,0.01612,32.4,2241.6,22050,2.84,revving,52.1
700,Healthy,-198.4357,14.2927,111.8046,8.6577,-4.5009,3.5033,12.5105,4.2837,-3.8261,7.1245,8.9942,2.6343,-2.5612,3.2418,8.1971,3.0461,-1.6981,2.428,3.0726,2.3454,-1.5758,3.0378,2.7223,3.27,-0.4487,2.8067,1893.3,145.8,1094.99,103.9,3063.91,293.95,0.05249,0.01432,0.04185,0.01037,40.5,1156.9,22050,2.78,idle,75.3
701,Oil Pressure Fault,-190.3612,26.0348,113.4864,12.3493,-9.8072,10.2014,13.6815,7.8671,-5.7202,6.6247,9.4041,5.7674,-4.2607,6.0686,7.2883,5.0501,0.5383,3.9543,5.7817,4.8281,-1.2689,4.349,2.3426,5.2544,0.1688,3.7585,2317.75,256.2,1315.28,157.11,3691.56,420.77,0.08352,0.01736,0.0599,0.01112,727.3,1215.0,22050,4.32,idle,60.2
702,Clutch Slip,-187.3852,13.2832,111.8197,15.7508,-1.5064,7.8515,8.343,7.0089,-8.227,4.3687,9.8572,5.3436,-5.146,5.0427,7.7927,4.8226,-5.0227,6.4809,5.2282,5.0076,-2.9004,4.9234,4.2887,4.7403,-1.1163,3.8819,2052.65,233.07,1290.33,154.6,3631.0,322.96,0.08522,0.02059,0.05273,0.01099,21.6,1225.8,22050,2.83,load,61.9
703,Brake System Fault,-181.8105,26.9334,98.0685,16.5279,-10.0035,10.5514,17.2316,8.0603,-10.6712,8.511,14.07,8.1008,-7.04,8.6863,10.8867,8.2931,-5.5451,6.0523,7.7337,8.1679,-2.8392,5.8131,5.099,5.3304,-2.4932,4.6881,2919.76,317.86,1694.16,294.77,4834.74,805.43,0.12351,0.03228,0.09187,0.0212,3531.7,624.3,22050,3.05,idle,68.3
704,Healthy,-198.5975,11.0483,119.459,12.6248,-4.5638,6.1573,11.6501,3.8829,-3.2851,4.2529,8.5625,3.8887,-2.1476,3.9447,7.394,2.7448,-1.352,3.2997,5.1296,2.0946,-1.3629,3.2519,4.8613,2.8264,-1.3645,2.6847,1747.12,175.19,1033.98,115.5,3092.48,270.73,0.06795,0.02008,0.04313,0.00877,45.8,691.9,22050,4.11,load,51.5
705,Healthy,-192.2332,13.4629,120.5296,7.0161,-9.1682,4.4211,9.3374,4.1966,-3.6477,5.236,8.5478,2.9839,-3.4996,3.94,6.8126,3.22,-4.6944,2.3461,4.8733,4.1082,-2.388,2.4957,5.3256,3.0237,-1.0336,2.9882,1793.25,157.0,1103.94,126.6,3109.64,270.99,0.05633,0.01288,0.03952,0.01044,65.6,652.1,22050,4.17,idle,75.5
706,Brake System Fault,-164.0002,26.6766,104.2013,19.2584,-15.2565,10.9546,13.5794,10.4784,-10.7294,11.3601,11.7654,10.1119,-6.2645,6.2781,5.4555,5.7539,-0.3161,8.0294,7.0603,6.1678,0.4748,6.0227,5.7117,4.9688,-1.5687,5.6673,2741.82,433.6,1782.61,206.43,5047.08,666.55,0.10989,0.0262,0.07529,0.02169,3505.8,1027.3,22050,4.28,revving,76.6
707,Oil Pressure Fault,-197.0391,15.1582,105.765,15.2044,-4.4712,7.9286,20.6101,9.2402,-3.9058,5.8122,8.0728,5.3065,-2.3763,8.2846,9.6289,3.3267,-0.646,5.6162,5.4658,3.6193,-2.1208,4.0687,4.9586,4.5097,-2.3971,3.8184,2071.94,206.89,1311.34,218.19,3724.69,460.58,0.08561,0.01386,0.05341,0.01319,1099.6,728.2,22050,4.37,idle,49.7
708,Brake System Fault,-175.6502,17.4141,97.1641,14.7044,-16.0316,11.6563,20.5419,9.9605,-9.8888,10.04,13.0884,6.0731,-2.9004,3.8071,7.9032,8.7877,-4.3786,8.5638,11.536,6.15,-1.1748,5.4435,6.121,4.6006,-2.1853,4.2283,2629.1,456.81,1753.63,332.75,5265.4,704.24,0.12118,0.01986,0.08266,0.01555,2400.4,741.7,22050,3.5,revving,63.4
709,Battery Fault,-192.349,17.8804,112.3932,14.8707,-9.1021,5.9162,7.7306,5.7032,-4.0299,6.2041,8.8995,5.0388,-2.3391,3.2849,8.7215,4.7467,-4.2289,5.3858,4.0342,4.2126,0.3188,2.5755,6.6947,3.1454,-1.2981,4.8765,1941.26,174.73,1218.18,179.97,3335.19,299.43,0.06646,0.01551,0.04758,0.0086,170.6,1331.7,22050,3.16,revving,65.8
710,Clutch Slip,-198.0571,24.2075,105.4932,13.9325,-5.8266,9.7244,11.4066,7.8587,-2.2448,5.8227,7.7564,5.472,-2.365,5.3749,10.2533,3.9029,-4.7791,4.5237,5.4292,6.0336,0.2004,4.1106,5.4928,3.6207,-1.5246,2.8029,2058.28,253.45,1220.34,153.44,3750.86,442.52,0.07416,0.0118,0.0565,0.00875,36.6,1951.1,22050,3.3,load,76.2
711,Oil Pressure Fault,-184.4112,19.6705,106.3724,12.1977,-11.1857,9.3911,16.7868,10.4755,-8.4305,8.4306,9.2069,5.4384,-3.6085,7.7728,8.1575,3.2161,-5.9959,7.4202,7.4452,7.5875,-0.298,3.4567,4.2867,3.8089,-2.1529,4.2489,2055.64,270.77,1373.4,175.97,3926.67,409.85,0.0865,0.02053,0.05793,0.01606,1584.7,1012.2,22050,3.83,idle,67.2
712,Brake System Fault,-181.4003,14.7093,103.4927,19.78,-15.0154,11.9981,15.3128,11.2765,-3.3629,6.2768,15.8031,11.2929,-7.5873,8.7255,9.7101,6.0122,-3.7325,6.3461,5.4134,7.6945,-1.9544,4.3662,9.574,4.0616,-3.8025,4.7848,2801.16,439.31,1778.16,260.23,5070.77,688.86,0.11638,0.03138,0.07584,0.01592,4484.4,1332.6,22050,4.05,idle,76.6
713,Healthy,-204.3523,13.5421,116.0764,8.4365,-8.0174,5.5606,13.6042,6.1121,-5.3756,6.2288,8.1808,3.6791,-5.7631,2.0518,7.4425,2.0912,-2.4142,3.542,2.5487,2.5064,-2.0008,2.1999,3.1758,3.6408,-1.5167,2.0946,1733.4,180.5,996.26,144.56,3139.04,328.0,0.0663,0.01491,0.0472,0.01257,93.4,818.9,22050,3.18,load,48.5
714,Engine Overheating,-179.798,12.8053,109.6683,15.4522,-12.1945,9.14,17.3216,10.3942,-6.2356,5.6109,10.4287,5.9761,-2.0652,5.3035,10.998,5.8782,-4.304,5.5252,7.5754,4.3758,-1.4357,5.1273,5.584,3.8801,-1.6785,3.6397,2404.66,309.65,1539.87,233.23,4165.49,425.1,0.08101,0.03098,0.06777,0.01351,3602.0,1380.1,22050,2.64,idle,48.8
715,Battery Fault,-197.6561,18.4664,112.5472,14.6335,-6.2775,8.7061,10.2617,4.1406,-3.2436,6.0152,8.6442,3.7263,-4.0245,3.7685,9.8004,3.9886,-6.3749,3.7769,4.5969,4.691,-0.32,3.1413,6.385,4.3538,-6.1238,4.2478,1968.54,218.88,1225.53,119.76,3483.71,234.3,0.07922,0.01673,0.05469,0.00962,160.3,1118.8,22050,4.4,load,49.0
716,Healthy,-200.6958,10.0264,112.0888,6.6628,-8.4905,6.8153,16.5498,6.3038,-2.6763,5.6428,11.4846,3.5257,-3.1784,2.5826,6.8836,3.1166,-1.7895,2.1354,4.252,2.475,-1.5,3.5033,3.5173,4.4945,-1.4757,2.6209,1718.93,178.6,1110.99,85.08,3017.61,332.18,0.0606,0.01033,0.04409,0.01489,145.1,786.8,22050,4.19,revving,70.8
717,Clutch Slip,-194.8066,18.8428,106.2013,17.8501,-5.4409,6.0085,7.5994,7.5814,-8.6661,6.3881,10.9646,5.9598,-3.9741,5.7747,9.5111,3.1706,-2.4795,5.58,6.8312,5.0605,-2.9598,4.8438,5.6579,3.5991,-0.8379,2.6852,1996.97,188.62,1231.87,151.48,3823.99,366.2,0.08035,0.01414,0.05394,0.01334,28.2,1583.0,22050,3.31,idle,52.1
718,Clutch Slip,-196.1712,21.2862,109.887,9.0756,-9.3295,4.6169,15.131,7.5469,-3.2172,5.7624,12.7259,5.6672,-2.5948,2.2343,7.9876,6.1774,-3.7101,6.2129,3.4893,3.675,-2.9879,3.3293,5.7575,4.3812,0.9614,4.4159,2014.08,215.6,1255.86,143.85,3489.75,350.88,0.0806,0.0158,0.05589,0.01598,28.9,1838.7,22050,3.71,idle,58.6
719,Healthy,-200.2084,15.7307,110.3013,11.1277,-8.7216,6.7381,12.845,5.3592,-4.6976,4.8061,8.8304,3.3129,-3.6317,3.4774,5.6814,3.5339,-0.5286,3.2247,3.6436,3.1103,-0.1407,2.9366,3.7531,3.8907,-0.6808,2.7256,1708.82,158.31,1033.74,94.1,3150.43,295.42,0.05659,0.0118,0.04036,0.00891,41.5,731.8,22050,2.68,idle,76.7
720,Battery Fault,-194.1268,13.6111,107.6505,8.9847,-3.2908,7.2401,11.8678,6.6805,-2.5103,5.1964,8.0271,5.5572,-1.7966,5.5426,7.9489,4.6818,-5.0371,3.8982,6.5688,6.0348,-1.1257,4.6461,6.1625,3.3137,-3.5613,5.4653,2000.93,237.94,1221.09,137.85,3327.68,262.18,0.07717,0.01119,0.05086,0.01096,217.0,1191.9,22050,4.18,idle,52.1
721,Brake System Fault,-184.4913,14.1937,102.0716,14.1522,-15.1989,9.3825,13.6733,11.5641,-7.5054,7.2858,15.8698,8.0173,-7.3296,6.8212,11.0511,5.482,-6.8822,4.6349,10.2521,6.5198,-4.7713,5.5361,8.3587,4.307,-2.6386,5.1715,2672.42,465.94,1715.91,296.37,4987.29,618.86,0.12627,0.02797,0.08195,0.02165,3004.6,1456.7,22050,2.5,revving,52.1
722,Clutch Slip,-191.5993,18.1577,104.0751,14.1664,-5.8451,7.3496,13.1163,7.1668,-6.24,6.929,11.1571,5.8772,-3.8899,5.1536,9.2236,6.5757,-1.4156,5.9833,5.1459,2.914,-2.2815,4.0807,5.6252,4.1314,-1.7552,5.3193,2023.38,175.42,1211.79,173.5,3801.19,297.79,0.08422,0.01422,0.05668,0.01404,50.2,2064.5,22050,2.57,load,69.4
723,Brake System Fault,-166.632,22.1822,95.412,12.0089,-19.8212,10.1265,17.1765,8.5786,-7.3511,7.3068,8.3551,7.7131,-4.0282,5.2703,9.2605,5.2793,-6.8519,6.6791,7.1318,3.9048,-1.9941,6.3595,5.5359,4.7097,1.2434,5.0111,2628.43,342.72,1711.91,333.12,5519.13,807.49,0.1274,0.03384,0.07876,0.02349,2721.8,676.9,22050,2.54,revving,55.0
724,Brake System Fault,-181.5373,21.7931,90.9775,19.7374,-10.6347,9.6507,12.4302,11.0359,-8.4309,8.3269,13.0824,6.8707,-8.5378,4.0712,9.677,5.7332,-5.3467,7.6673,8.5844,6.5524,-3.1849,6.0072,6.8267,6.0445,0.5456,5.6351,2701.77,431.49,1820.43,211.28,5197.9,522.36,0.12945,0.0211,0.07561,0.02367,2986.9,1370.1,22050,2.78,load,50.8
725,Engine Overheating,-190.5026,20.1562,110.0776,12.182,-7.7956,10.9521,12.4142,9.2091,-3.1287,8.8896,13.6552,8.7631,0.8504,5.6936,9.1758,6.2016,-5.5941,5.5736,6.1128,5.5037,-1.7333,5.462,4.3689,3.6447,-3.4676,1.6299,2667.84,365.11,1478.31,208.51,4273.54,526.19,0.10541,0.02396,0.06005,0.01616,3118.8,1225.7,22050,4.06,revving,54.8
726,Clutch Slip,-182.225,17.9455,99.8014,12.2225,-8.9004,8.9466,14.1797,5.6704,-6.2066,5.6163,13.851,6.1567,-2.6395,5.4853,9.1003,4.3496,-2.5158,6.056,3.8262,3.9003,-1.9419,5.1957,3.5679,3.92,-3.8399,4.7642,2149.71,234.51,1238.51,180.9,3676.54,289.84,0.07106,0.01157,0.0481,0.01296,43.4,1328.4,22050,3.95,revving,64.8
727,Oil Pressure Fault,-192.2719,22.0258,108.3211,14.9457,-8.0551,7.5253,11.8396,7.1727,-10.5985,7.8803,10.5854,5.6252,-6.8415,3.6257,6.8931,3.3744,-2.3101,5.2591,7.2347,3.0192,-1.2648,3.5338,5.9871,2.818,-0.7035,4.095,2171.29,229.01,1294.88,132.39,3548.48,312.79,0.08835,0.01537,0.05412,0.01115,354.2,1100.3,22050,3.07,revving,75.4
728,Engine Overheating,-174.6491,16.9389,107.5215,12.591,-6.4811,9.592,8.4125,9.5503,-4.7942,6.2229,7.4299,5.2615,-1.4169,3.622,9.1073,5.8786,-5.0261,4.3724,9.3142,4.6557,-2.9089,5.0064,3.5588,2.505,-1.9591,5.3717,2470.07,388.84,1425.65,249.7,4413.24,412.52,0.10046,0.02232,0.05721,0.01697,3636.8,706.8,22050,2.67,load,74.7
729,Oil Pressure Fault,-192.2695,16.9345,101.2109,17.3111,-6.5863,11.9788,12.8781,6.9957,-8.5127,7.1427,7.8493,6.1006,-4.2809,5.2732,9.8219,4.6769,-1.4499,5.1027,3.5395,6.1118,-0.6183,3.9414,8.1506,3.5854,-0.4148,5.1389,2224.2,231.43,1277.41,158.76,3826.11,358.55,0.07711,0.01169,0.05196,0.01091,1238.0,1129.9,22050,3.65,revving,54.4
730,Battery Fault,-192.6155,13.7053,108.2599,12.9823,-8.557,6.2651,11.0638,6.7777,-5.7865,5.9301,10.877,4.8661,-0.4076,5.2746,9.1715,5.4211,-6.419,3.4193,5.9403,4.311,-1.3263,4.8002,6.8119,4.2051,-1.2564,5.3581,1963.17,230.87,1185.94,186.65,3461.14,286.66,0.07147,0.00889,0.05118,0.00673,119.0,843.5,22050,4.36,idle,50.0
731,Clutch Slip,-190.7961,16.0898,107.4263,12.4314,-0.4229,7.8081,12.9295,7.4753,-6.874,6.3934,16.8473,6.0261,-2.1626,2.7399,8.5898,5.1014,-1.7882,5.1461,9.7226,3.9964,-2.6438,3.0841,3.6093,4.7618,-2.5252,4.097,2095.19,183.56,1270.94,112.74,3655.83,296.16,0.07866,0.01635,0.05173,0.01054,29.5,1875.4,22050,3.35,idle,72.5
732,Healthy,-200.4323,13.0405,111.0829,8.5373,-7.1498,5.4232,11.1688,5.3545,-4.7972,5.9399,8.4276,3.157,-3.0817,4.1832,8.2092,2.9396,-2.3345,2.9836,3.557,3.1943,-1.4651,2.7814,2.9638,2.3245,-0.3548,2.531,1824.86,174.99,1032.89,155.72,3052.96,310.88,0.05582,0.01534,0.04241,0.01045,64.6,1174.5,22050,4.3,idle,73.8
733,Oil Pressure Fault,-187.2707,16.286,123.0835,16.8687,-8.3696,7.5743,12.0923,10.6118,-6.6305,5.6792,13.8114,7.0762,-3.8482,6.4098,6.5036,5.3623,-3.3388,3.9184,7.6683,4.6448,-2.4038,4.4612,5.464,5.0568,-0.8531,3.1329,2096.75,293.78,1251.64,233.77,3880.58,472.03,0.07094,0.01443,0.05284,0.01421,1062.7,844.2,22050,2.56,idle,49.9
734,Brake System Fault,-169.0544,18.9734,110.3393,14.712,-8.7117,8.4356,13.3875,10.5512,-9.3316,11.7918,13.2568,6.0504,-4.0508,5.6188,4.3578,7.2857,-5.334,5.8846,9.7159,7.1207,-4.8453,6.0147,7.7275,5.0514,-1.183,6.1414,3003.73,249.85,1938.86,332.39,4989.17,687.15,0.1286,0.02182,0.07144,0.01071,2739.3,700.3,22050,2.55,revving,51.6
735,Oil Pressure Fault,-184.7255,13.2075,110.239,11.2588,-7.1578,10.0311,10.4581,7.1824,-6.7888,6.5742,10.644,5.359,-4.2142,5.4871,11.2188,5.0737,-3.0798,4.7461,6.3438,7.4249,-3.533,1.8786,5.092,5.071,-0.6753,2.5565,2115.46,223.44,1343.58,179.55,3853.58,457.48,0.08437,0.01189,0.05023,0.01615,1539.6,1090.6,22050,2.69,idle,49.4
736,Engine Overheating,-176.7586,16.9885,98.0691,13.7526,-11.3136,6.9406,10.2266,7.7411,-7.5531,6.757,13.1202,6.78,-3.309,5.7578,11.4101,6.3661,-3.516,4.3265,10.3039,5.7961,-5.2579,3.3414,6.3158,4.0126,-2.5682,5.6162,2543.61,282.78,1651.57,204.61,4299.1,383.88,0.08765,0.02358,0.06357,0.01428,2779.8,1486.6,22050,3.41,idle,76.8
737,Clutch Slip,-184.2349,20.924,110.0189,15.3326,-4.3006,7.1655,12.5121,5.8921,-1.735,4.3861,12.025,5.681,-5.3207,4.8072,8.2677,3.4415,-2.2919,4.4068,2.0492,5.643,-3.5214,3.4915,5.4156,5.0567,0.8264,3.7626,2063.44,282.96,1191.07,170.38,3622.89,275.77,0.077,0.01379,0.04848,0.01184,24.1,2022.9,22050,4.09,idle,69.7
738,Battery Fault,-198.6524,18.0371,110.9725,9.6303,-12.9541,7.2681,15.0811,7.242,-5.2623,5.7609,6.3639,4.4179,-1.5124,4.856,6.6498,5.195,-5.2787,3.571,4.786,2.9666,-1.7957,4.8708,5.9185,3.0326,-3.0004,3.6137,1955.03,197.89,1116.19,132.1,3333.28,339.75,0.07254,0.01136,0.04285,0.01364,180.6,847.2,22050,3.35,revving,72.6
739,Brake System Fault,-170.2924,24.5907,105.5255,16.2466,-18.6316,9.8009,16.9263,10.3388,-10.77,6.6133,14.8684,8.1383,-2.6509,9.2793,12.6746,5.8297,-7.2104,6.3518,11.3499,7.2869,-1.7901,5.469,8.4757,5.0832,0.8039,4.0534,2724.45,534.22,1752.56,308.61,4973.37,720.43,0.11443,0.01988,0.09165,0.01362,3912.2,1300.6,22050,4.04,revving,63.8
740,Engine Overheating,-184.7323,16.8674,109.8561,17.2418,-11.1408,8.7051,10.0602,8.6412,-3.9464,7.529,5.7912,6.7285,-3.1822,7.118,10.7844,5.4202,-2.0722,3.8225,8.1085,4.1652,-0.0159,5.8398,5.1018,4.498,-3.3675,3.3531,2607.62,296.21,1486.17,230.44,4069.07,509.31,0.09568,0.02354,0.05494,0.01958,3042.4,1218.6,22050,3.18,idle,77.1
741,Oil Pressure Fault,-185.7744,22.8074,107.9811,10.3741,-1.8987,9.6528,19.2713,8.9679,-3.6039,10.008,10.3324,8.098,-5.1316,7.8424,6.6385,4.8676,-3.7596,6.4694,6.0919,4.8027,-1.0458,3.6221,4.3974,4.4768,-0.4734,3.722,2157.07,242.53,1288.52,201.63,3761.26,295.7,0.07946,0.01617,0.05861,0.00951,234.6,1024.9,22050,2.51,idle,78.0
742,Brake System Fault,-169.5489,20.9812,100.0191,11.3278,-9.7111,8.5418,16.5823,12.9788,-7.2455,10.0886,17.6285,5.6402,-7.6594,8.4281,3.9929,6.9176,-6.6254,6.4902,9.4052,5.8431,-1.3747,6.6186,8.3009,4.8989,-2.092,5.6206,2551.53,338.45,1720.14,334.67,5182.95,739.16,0.10322,0.02793,0.08061,0.02655,2917.5,1312.6,22050,2.61,load,74.6
743,Oil Pressure Fault,-179.5133,15.782,109.0719,15.2269,-8.5462,6.8411,15.8766,6.0592,-11.8202,7.9721,10.5099,5.2562,-6.4273,6.1646,5.1298,4.5314,-2.0796,5.0297,8.6032,4.6816,-2.6073,4.1437,4.2549,3.1497,1.4774,5.3662,2215.75,308.42,1251.71,165.35,3811.0,379.25,0.0783,0.01971,0.05994,0.01436,1025.8,1097.2,22050,3.46,idle,60.4
744,Battery Fault,-201.5544,19.5639,115.6328,9.6247,-5.5525,7.1093,8.4899,6.5759,-4.2394,5.8018,9.3606,5.5352,-2.823,3.1744,6.2614,5.9982,-7.2412,5.1622,4.1963,4.2699,-1.2214,4.5779,4.6376,4.706,-3.2064,4.0158,1907.99,176.41,1278.65,151.64,3325.31,301.96,0.08032,0.01129,0.0535,0.01138,211.1,1224.9,22050,4.21,revving,51.3
745,Battery Fault,-201.1222,18.4032,111.1113,14.1909,-9.0809,5.8435,12.2146,4.3626,-1.6554,5.0098,6.5744,3.7825,-3.4434,3.7158,7.8673,2.8234,-2.6349,3.8049,6.0848,3.5148,2.0612,4.4616,5.6189,4.626,-2.4825,3.681,1894.66,165.82,1205.36,103.17,3416.32,228.84,0.06468,0.01179,0.04746,0.00892,151.8,441.3,22050,3.35,load,53.1
746,Brake System Fault,-173.7087,27.0811,102.3003,11.2289,-18.3508,10.9916,18.4207,9.2255,-7.9122,9.0212,13.2528,8.3282,-2.6436,8.7969,7.4441,5.6832,-4.8639,5.4976,4.0827,7.6223,-0.2287,6.5952,6.6126,6.9463,-1.5004,3.4262,2728.58,442.55,1539.59,319.89,4812.14,726.22,0.11284,0.02385,0.08118,0.02193,3823.1,1245.1,22050,3.18,revving,54.9
747,Healthy,-202.7381,17.6971,112.4443,9.5171,-7.2483,5.4212,11.1391,5.1676,-3.3483,5.1097,9.3001,3.633,-2.9597,2.9906,6.3885,4.4028,-1.3533,2.8637,4.358,2.8469,-1.9789,2.6371,4.662,2.4669,-0.198,2.2244,1711.22,213.76,1097.58,142.85,3151.88,277.07,0.06229,0.01957,0.04444,0.01343,60.3,871.7,22050,3.38,load,74.0
748,Oil Pressure Fault,-181.7794,22.0036,115.3756,12.88,-8.8916,7.5183,14.0351,5.972,-8.6057,6.2094,13.3383,7.4822,-8.4451,5.9593,8.8915,4.4287,-2.4994,5.2764,7.652,5.8548,-2.562,4.8226,3.699,4.5553,-0.4075,2.8348,2209.98,167.49,1350.29,207.82,3710.17,290.5,0.07469,0.02297,0.05616,0.01459,1316.8,2068.7,22050,4.11,idle,71.4
749,Brake System Fault,-180.0203,22.1991,105.36,14.9144,-19.9177,11.4876,8.8318,12.6259,-9.1408,8.7688,14.6504,7.2668,-10.3964,7.7336,12.572,9.2854,-3.7535,5.9603,9.1853,3.8517,-0.0718,4.4126,5.7881,6.0872,-3.15,5.7521,2788.04,305.08,1690.4,224.8,5197.59,902.87,0.12625,0.02661,0.08127,0.01902,3739.7,1045.6,22050,4.34,load,55.6
750,Oil Pressure Fault,-178.7499,18.2212,114.1809,14.2002,-6.2671,9.1603,19.1487,8.9545,-7.0908,7.7971,11.5237,4.9062,-6.8116,5.8171,7.0354,3.7794,-3.108,3.611,7.7986,5.8797,-2.9366,5.1484,6.5439,4.1795,-1.0917,5.0789,2258.24,325.09,1363.96,129.83,3653.68,464.96,0.08232,0.01339,0.06323,0.01045,1662.8,965.3,22050,4.15,revving,53.1
751,Engine Overheating,-174.2674,18.4519,105.4587,13.7864,-10.483,11.2201,10.5737,7.1191,-5.9278,6.6283,14.2408,8.9927,-2.1775,6.535,13.6776,6.8094,-8.5602,5.0434,6.1534,4.7679,-2.4032,4.8194,5.4598,4.9356,-1.2508,3.0385,2373.65,234.64,1657.43,304.01,4394.31,486.44,0.09262,0.02431,0.07153,0.00778,3710.1,1005.9,22050,2.98,revving,64.8
752,Engine Overheating,-188.3182,17.2166,103.2837,12.9326,-15.0074,9.8325,10.86,10.109,-5.7089,6.0602,12.7377,6.9907,-1.0167,5.9701,11.5608,7.6067,-4.7494,6.638,9.6076,3.326,-3.4239,2.9727,7.9473,4.6769,-1.1494,3.7989,2250.08,364.55,1637.07,256.46,4147.42,616.84,0.09348,0.02129,0.07019,0.01938,2849.3,1040.2,22050,3.39,idle,64.5
753,Engine Overheating,-183.8274,20.1663,109.1737,16.9897,-6.9506,9.1418,10.3566,6.2723,-3.9657,10.3378,12.461,4.6109,-0.1917,5.9211,10.0572,7.7642,-7.3231,7.333,9.4641,4.5409,-3.5485,4.8892,5.5987,4.5653,-1.4304,2.9335,2423.76,290.95,1503.23,256.56,4429.4,483.14,0.09309,0.01622,0.05839,0.01529,2393.4,754.0,22050,3.25,load,66.3
754,Healthy,-199.6792,14.7894,116.9128,12.0098,-7.7553,5.688,12.5728,7.1858,-5.657,6.2748,8.3971,3.8082,-3.6114,2.5246,5.5361,3.9326,-2.3638,3.9405,4.3809,2.9944,-2.1569,2.9849,5.1622,3.5462,-0.7952,3.253,1709.51,176.71,1067.85,144.94,3164.31,220.15,0.06288,0.00894,0.04413,0.01122,57.9,799.0,22050,3.35,load,72.6
755,Engine Overheating,-180.1575,15.5918,96.2788,15.1332,-11.3737,8.1284,11.9128,6.6399,-2.6345,9.8165,11.1206,9.0013,-1.5993,6.8728,8.0189,7.5496,-6.5526,8.8528,9.5687,5.2998,-3.1505,3.6506,7.3193,3.9857,-2.3783,3.1559,2578.77,242.49,1439.22,286.47,3777.19,457.77,0.09882,0.02257,0.05281,0.01702,2852.8,1358.6,22050,3.47,idle,72.1
756,Clutch Slip,-178.8121,15.4921,113.2037,17.1625,-6.8637,8.8696,11.3602,7.1031,-1.0928,6.5268,9.7342,7.1898,-3.2804,7.3048,8.8279,4.8492,-4.3176,3.7012,3.1786,5.125,-1.8159,3.7306,4.6776,4.7026,0.3132,4.2098,2070.85,223.25,1195.46,164.1,3517.05,350.26,0.07371,0.01507,0.0529,0.00765,36.8,2074.4,22050,2.76,idle,76.3
757,Engine Overheating,-185.5998,20.4271,103.5371,14.2779,-13.8997,9.8812,11.2823,9.4119,1.888,7.012,18.6174,4.8111,-5.6341,5.9232,12.5113,6.1137,0.5917,7.3054,6.9039,4.1667,-0.3635,5.0501,4.8193,3.4096,-3.5406,2.7956,2547.1,331.12,1584.31,229.82,4434.01,429.62,0.09776,0.01925,0.05801,0.01491,2804.1,743.5,22050,2.7,revving,71.3
758,Engine Overheating,-187.536,22.2376,110.9605,10.0429,-15.4739,11.3262,11.8055,9.4029,-6.3078,6.7642,16.1743,7.4204,-1.7505,6.4233,9.6482,7.3938,-10.0949,7.4636,10.1749,4.8902,-4.0297,6.4567,6.3597,4.0385,-3.2335,1.8501,2307.58,253.2,1497.36,217.16,4038.15,488.74,0.09921,0.01805,0.06437,0.01804,3198.2,767.9,22050,2.95,revving,56.4
759,Healthy,-203.3518,12.8684,111.9947,8.4215,-8.2171,4.7742,10.4176,5.9929,-3.7517,5.3704,9.2137,3.717,-2.8033,2.6265,6.2333,2.7629,-0.5532,2.9464,4.0301,3.161,-2.8292,3.2131,3.2397,2.6868,-1.9814,2.1566,1809.38,173.64,1097.1,95.44,3103.34,270.91,0.06334,0.01269,0.04765,0.00943,3.9,826.3,22050,3.64,load,55.3
760,Engine Overheating,-173.8621,12.4828,106.8135,14.5646,-10.2803,10.3344,10.1386,9.0196,-2.5509,7.9396,6.0446,5.5102,-0.0204,7.3657,10.3301,7.0274,-2.3772,5.522,10.5767,5.7375,-3.9772,4.3432,4.3372,3.9236,-2.5012,4.2612,2627.2,241.35,1523.1,193.45,4168.91,520.05,0.10023,0.0265,0.06609,0.01661,3089.0,1090.3,22050,2.87,idle,71.2
761,Battery Fault,-195.1225,15.9645,114.8755,9.1042,-9.659,6.1628,9.7151,6.1797,-3.078,5.235,7.5146,4.7269,-3.0687,4.9931,8.4666,3.8073,-0.9292,3.867,5.9899,3.721,0.0553,4.5024,7.3524,2.9944,-2.5918,4.314,1968.16,183.25,1207.03,147.56,3358.71,399.5,0.0759,0.01394,0.04497,0.01263,144.4,950.8,22050,2.7,load,49.5
762,Healthy,-199.5362,17.3427,110.5439,10.0509,-5.1545,3.3452,11.8024,4.5625,-4.2834,4.3523,9.3374,4.0694,-3.427,3.1329,6.9693,3.0236,0.0924,3.8338,4.0571,3.0416,-0.6985,2.8506,3.0371,1.023,-0.8791,2.6974,1769.96,179.41,1045.4,118.98,3056.51,242.68,0.06553,0.01729,0.04344,0.00964,65.4,989.6,22050,3.67,load,69.3
763,Clutch Slip,-186.5725,19.9449,107.3409,13.6401,-4.1835,7.5226,16.8454,5.4855,-4.9264,8.068,10.9733,7.9059,-4.037,4.7125,8.857,5.17,-2.4787,5.6631,6.1413,4.5376,-2.0463,4.4145,2.0527,3.0881,-1.4934,4.1693,2059.68,156.93,1253.09,195.81,3794.09,335.66,0.07788,0.01264,0.05522,0.00972,16.4,1588.4,22050,2.7,revving,75.0
764,Oil Pressure Fault,-180.1435,22.7995,111.8062,17.483,-10.2987,11.0392,11.2546,9.9056,-6.3536,6.9561,9.5284,6.4891,-4.8879,6.5728,8.2641,5.0086,-1.3078,3.8475,5.5196,4.8095,-0.2264,3.2406,5.3589,4.2181,-1.2645,2.9453,2078.26,203.84,1352.59,213.36,3807.05,415.58,0.0798,0.01357,0.06164,0.0157,1165.5,758.5,22050,2.91,revving,49.1
765,Clutch Slip,-178.3555,20.8464,100.9339,15.6068,-8.1593,7.5762,8.0401,7.9146,-2.6814,5.886,14.9446,5.1967,-4.09,3.7768,6.6158,5.8059,-0.8305,4.3989,2.3697,6.7346,-1.1826,4.7453,5.0985,4.5953,-0.8186,4.3115,2066.04,213.18,1240.39,190.64,3722.65,370.09,0.07261,0.01218,0.05619,0.01022,24.1,2026.4,22050,4.23,idle,71.9
766,Brake System Fault,-184.3108,32.5132,100.723,18.316,-10.3071,11.8792,15.4152,9.2028,-8.4276,10.3875,14.5285,7.9153,-5.6305,7.9189,8.8363,5.6075,-1.8017,7.8205,5.7974,5.8547,-4.7632,4.2951,6.0019,5.1322,-2.0699,6.5035,2780.51,386.28,1751.97,288.61,5175.33,725.29,0.10474,0.02268,0.07172,0.02042,2639.5,1170.2,22050,3.59,load,48.1
767,Oil Pressure Fault,-175.6845,26.1332,112.5153,14.595,-8.2241,9.2613,15.8164,3.9351,-9.9929,3.4407,9.7935,7.3901,-0.4422,3.2813,8.5642,5.4678,-6.0991,3.8976,2.9666,4.8325,-2.7448,4.2717,5.2969,4.0254,-2.2969,4.3801,2208.19,313.48,1291.23,179.75,3864.87,492.97,0.08364,0.01515,0.06281,0.01676,703.2,1584.8,22050,4.18,load,72.2
768,Brake System Fault,-179.1762,25.0496,95.5838,12.1846,-17.5172,11.3031,16.9603,8.5825,-7.6001,6.3531,12.3128,5.7831,-7.7422,8.0066,11.4747,6.7728,-5.9541,8.7325,4.7158,4.3397,-5.4453,7.4432,6.5787,4.2351,-2.1997,5.5568,2747.78,450.29,1801.95,248.9,5030.56,713.54,0.11829,0.01624,0.06745,0.02424,2904.3,1638.0,22050,4.45,load,73.0
769,Oil Pressure Fault,-175.2741,21.8368,112.0229,12.2406,-0.3106,8.956,15.0842,6.2908,-8.2939,6.8209,11.2963,7.0898,-3.0748,4.7344,7.732,4.4818,0.5917,5.6919,6.199,4.3747,-3.5106,4.2553,4.3626,1.8508,-1.6359,4.7684,2099.72,369.58,1317.93,205.41,3925.21,432.43,0.07684,0.01508,0.05836,0.01396,392.6,1406.4,22050,3.88,revving,67.0
770,Clutch Slip,-182.7671,14.0672,107.7926,13.0294,-5.7274,7.8399,12.4962,9.2186,-5.421,5.4075,9.23,6.3821,-5.9576,5.4148,7.3305,5.3264,-3.1735,5.1665,5.3341,4.5652,-0.3153,3.7349,4.7048,4.1985,-2.4416,3.6967,2064.64,157.17,1277.0,143.1,3549.61,355.91,0.07614,0.0186,0.05164,0.01301,28.8,1749.2,22050,2.82,revving,77.5
771,Brake System Fault,-177.3401,28.5983,112.3873,17.7719,-10.4717,11.3422,11.1106,5.0912,-4.3799,8.6692,14.9022,7.2966,-8.103,9.0017,4.4642,7.7219,-1.3313,7.9,5.2125,5.3135,-2.4178,5.6795,8.4418,5.8761,0.0614,5.6299,2671.47,331.16,1756.92,254.49,5347.88,731.25,0.13069,0.02707,0.07961,0.02417,3207.3,1186.5,22050,3.63,idle,53.6
772,Clutch Slip,-191.11,16.0714,99.0937,13.1559,-6.9431,9.9306,15.6513,7.7564,-8.8829,6.8644,8.4627,5.4112,-2.7452,2.6054,9.6376,5.2113,-3.8426,4.6567,0.8344,4.514,-2.6524,2.9698,4.1287,3.5485,-0.828,3.8669,2095.72,189.65,1176.06,156.82,3477.64,306.9,0.07656,0.02268,0.05268,0.00756,14.2,1682.3,22050,2.7,idle,52.2
773,Clutch Slip,-185.4224,16.0379,110.8223,14.9427,-8.6905,9.4856,12.2135,7.076,-5.2915,5.5026,12.4271,7.1969,-2.0948,4.3426,7.7011,5.3572,-3.6434,4.8477,3.9133,5.2283,-0.4267,4.215,5.8513,3.9913,0.2131,4.0577,2121.75,207.73,1274.63,187.05,3677.55,268.17,0.06986,0.00847,0.05805,0.01222,32.6,1203.5,22050,3.55,revving,54.6
774,Clutch Slip,-190.3093,16.7216,115.029,12.1618,-4.3321,8.4047,14.1792,7.8409,-4.6378,6.1303,11.7995,5.7529,-3.7413,4.3612,7.8049,4.2436,-5.5217,5.7592,3.1831,4.6183,0.4184,4.4228,6.2518,2.9188,-1.4381,3.3382,2045.79,194.52,1283.44,159.11,3565.67,397.94,0.07398,0.02092,0.05325,0.01114,50.3,1347.5,22050,3.87,idle,63.4
775,Healthy,-207.4626,17.7681,112.0176,12.9752,-9.8731,5.4878,10.3243,3.8007,-3.1334,4.4106,8.7507,3.5197,-2.6992,2.5183,4.7493,3.1366,-1.9424,3.4544,6.4955,2.3269,-1.7206,3.0071,5.3372,2.779,-1.1953,3.0559,1827.74,140.69,1079.85,122.35,3165.97,302.0,0.04978,0.01705,0.04686,0.01314,12.5,876.6,22050,2.86,idle,63.0
776,Engine Overheating,-188.1018,21.4797,105.1267,10.9155,-14.5426,8.0013,5.3253,8.9356,-5.6483,8.6398,12.6193,6.6077,4.1702,7.4046,13.3555,7.0037,-3.9946,7.0206,9.6915,4.5897,-3.8937,3.9144,3.1062,4.6263,-1.3862,3.7047,2417.77,268.18,1544.65,331.55,4198.35,540.15,0.09263,0.0245,0.07068,0.01955,2426.7,817.9,22050,3.2,revving,76.7
777,Battery Fault,-194.9002,15.0064,119.2732,8.7347,-7.0749,7.2998,8.5638,6.0145,-7.4738,5.4003,10.8968,5.4603,-1.3866,3.9989,6.4914,4.7741,-3.0442,3.8706,3.7522,1.4957,-2.28,5.651,7.2275,3.6739,-2.5305,4.5337,2058.51,201.59,1231.12,146.76,3305.27,342.75,0.07449,0.0097,0.0545,0.01086,103.6,673.4,22050,2.82,idle,72.3
778,Clutch Slip,-206.7073,19.7185,110.759,15.7397,-2.8201,7.4827,17.184,6.8136,-2.6483,5.941,7.4525,7.3282,-3.8953,4.3917,7.5885,3.301,-2.4286,5.1674,5.3359,6.5289,-4.1808,5.7345,6.3364,4.4318,-1.7394,3.5975,2047.22,237.71,1237.26,145.86,3879.03,392.81,0.0848,0.01223,0.0459,0.01289,22.6,1835.5,22050,4.3,load,48.2
779,Clutch Slip,-188.1999,14.9576,100.4589,18.8715,-6.7459,7.0315,15.4915,7.9568,-5.999,5.5266,12.4966,6.3566,-4.4119,5.134,9.1988,5.4662,-2.6111,5.0321,8.2645,4.3953,-0.6009,3.4957,6.8112,5.005,-1.5855,4.467,2025.73,221.39,1212.35,178.33,3821.01,305.93,0.07623,0.0144,0.05027,0.01061,39.8,1903.0,22050,2.69,idle,73.1
780,Oil Pressure Fault,-196.2653,19.0719,111.4087,9.8424,-3.8077,9.2444,16.0473,6.9048,-11.086,8.8062,9.9745,7.3301,-4.1925,7.2126,7.6681,4.8984,-0.2689,5.0808,7.6496,5.4876,-0.9715,4.11,4.4426,3.0037,2.3298,3.6154,2142.11,252.42,1342.82,180.47,3675.88,392.81,0.0795,0.02154,0.05747,0.01474,897.0,1118.0,22050,3.28,load,70.3
781,Brake System Fault,-190.4704,11.8407,99.7665,15.7189,-10.099,10.751,11.718,11.6717,-5.9308,9.7417,13.7404,7.0745,-8.1209,7.827,9.4711,7.9236,-3.0907,7.6237,9.9535,6.0275,-0.8042,4.6471,8.4016,5.1595,-3.2462,6.8017,2833.19,362.23,1768.89,339.13,5357.44,617.59,0.11779,0.02337,0.07332,0.01678,3639.9,1174.6,22050,2.84,revving,60.4
782,Clutch Slip,-185.3412,22.8319,115.539,9.7818,-12.0752,7.3735,9.5742,4.4711,-7.5501,4.8033,10.3309,5.6282,-4.5608,5.3429,9.1128,5.7776,-1.0965,4.851,6.3534,6.1398,-1.1125,3.9109,6.231,4.8656,0.7032,5.1094,2058.54,206.79,1116.71,181.62,3707.18,375.12,0.08559,0.01648,0.05084,0.01551,37.3,2325.2,22050,3.22,revving,76.2
783,Healthy,-192.4804,14.3658,114.3185,6.8661,-5.9252,6.9443,13.1083,3.0335,-5.804,3.8777,10.448,4.1255,-3.5755,2.9356,6.0997,2.1263,-3.138,3.3399,4.3496,3.1904,-1.3138,2.606,2.6212,3.6439,-2.3,2.8302,1874.09,183.21,1066.56,123.46,3138.47,315.73,0.0621,0.01675,0.03613,0.01044,59.1,828.1,22050,3.53,idle,74.9
784,Engine Overheating,-186.2791,20.4814,108.9327,12.2268,-12.6373,9.2519,12.308,8.3796,-3.7129,7.3761,9.955,8.475,-2.4222,7.1953,11.332,6.5837,-2.3357,4.6596,10.2667,5.967,1.1219,4.4353,6.4038,4.6321,-2.8352,3.6809,2499.97,380.13,1542.55,308.54,4389.21,515.67,0.08313,0.02071,0.05888,0.01922,3691.2,857.8,22050,3.26,idle,64.3
785,Oil Pressure Fault,-184.9621,22.154,108.5521,8.7513,-7.2991,10.3767,16.6634,6.0965,-2.7795,8.0105,8.4004,6.4175,-6.091,6.7376,11.1165,6.3622,-1.493,5.6783,9.3501,5.0252,-2.3942,3.9961,4.321,4.1759,-1.8565,3.7007,2168.32,278.17,1298.79,176.46,3964.77,450.08,0.07492,0.01294,0.05463,0.01063,1264.6,1547.1,22050,4.39,idle,52.5
786,Brake System Fault,-168.1856,17.0188,97.2422,17.3223,-10.2138,10.506,14.9312,12.67,-12.3917,8.3424,13.8496,8.2698,-5.8691,7.1904,10.0326,5.4831,-6.9887,6.9671,6.036,6.3847,-4.1276,4.3014,6.4203,4.6882,-2.3523,6.2755,2673.09,406.72,1698.02,284.4,5349.19,894.23,0.11044,0.02535,0.07909,0.01882,3352.7,739.1,22050,4.11,load,72.9
787,Brake System Fault,-175.9463,15.9224,101.7898,20.1752,-10.7815,10.5173,12.4297,11.2742,-6.1371,8.3233,11.9977,9.9491,-3.439,6.7638,10.6124,5.8801,-0.4513,6.0068,5.2368,6.5051,-6.3552,7.3077,8.5624,4.5605,-2.161,5.7476,2909.46,446.8,1788.97,216.97,5188.47,680.88,0.11033,0.03195,0.07548,0.01915,3945.8,514.1,22050,2.54,revving,74.6
788,Clutch Slip,-183.9821,21.6234,100.1797,14.1799,-7.2048,8.3709,11.6339,8.0731,-4.7863,5.1007,8.643,5.966,-1.4107,5.4791,6.6942,4.169,-0.6492,3.2803,4.1921,5.4383,-3.3654,3.914,3.5232,4.8615,1.0073,3.1546,1968.66,211.24,1220.17,156.13,3702.37,354.17,0.08749,0.01861,0.0633,0.01506,33.8,1827.5,22050,2.91,revving,61.3
789,Battery Fault,-185.9146,20.6223,108.7591,9.2297,-14.2638,7.5479,13.3511,4.4578,-1.3223,5.1256,6.5419,4.5063,-3.6265,3.3969,9.2013,4.3714,-5.8963,3.3,4.9793,5.4443,-0.9928,4.1985,4.7632,3.8222,-5.1429,2.7599,1986.39,237.81,1133.15,151.39,3276.56,317.48,0.07001,0.01192,0.05062,0.00859,135.3,865.4,22050,3.82,revving,75.3
790,Battery Fault,-214.0463,17.2321,108.8779,13.6715,-9.4265,6.2005,7.0277,4.897,-4.2113,3.62,7.0239,3.512,-0.6693,4.48,5.4323,5.3556,-6.5534,4.8013,7.0679,4.3294,1.3416,4.4299,7.3321,4.4631,-3.143,3.8659,1865.08,204.31,1206.8,121.09,3403.98,292.56,0.07081,0.01569,0.04158,0.00946,189.2,943.1,22050,2.74,idle,53.9
791,Clutch Slip,-187.9097,21.9767,103.98,12.7181,-5.528,8.9706,10.1826,5.5533,-5.7035,5.6157,12.4785,5.391,-5.4834,4.1931,6.1372,6.2853,-3.6093,3.9739,5.2453,5.0744,-2.2041,3.7167,5.6735,5.1841,1.3471,3.1187,2082.41,223.56,1285.93,192.73,3515.8,379.83,0.07109,0.01637,0.05374,0.01297,40.6,2195.9,22050,3.7,load,55.9
792,Clutch Slip,-186.7815,20.7795,105.4119,10.9792,-5.1354,9.4414,10.5747,5.5681,-7.7639,6.3064,11.4804,5.7153,-3.5297,3.4466,7.4869,5.8526,-1.1996,4.5462,4.2793,5.8301,0.3026,5.1175,3.797,4.1526,-2.1557,4.1055,1988.5,221.15,1325.64,188.87,3562.66,359.78,0.08189,0.02146,0.05546,0.01003,26.2,1510.4,22050,2.89,revving,74.9
793,Oil Pressure Fault,-195.5541,24.5435,113.1816,14.9716,-3.1783,11.9162,14.7552,8.3277,-8.3986,11.5046,14.9483,7.6116,-6.6003,6.2424,9.0301,5.2842,-3.1882,4.7286,6.0889,4.858,-0.925,4.7281,7.0965,3.4836,-0.6568,3.1583,2043.07,219.57,1351.92,174.13,3651.1,475.36,0.09237,0.01461,0.05898,0.01403,1471.7,940.3,22050,3.64,idle,62.4
794,Engine Overheating,-176.1013,14.006,99.4022,14.0828,-13.537,8.7109,12.5913,7.6018,-1.598,5.465,15.3162,5.234,-0.9067,6.7647,6.3847,3.4452,-2.6975,5.4702,11.4293,3.8709,-3.0486,4.3706,7.4256,5.6945,-2.2886,3.1414,2527.25,330.25,1513.08,238.08,4272.67,538.62,0.10454,0.02203,0.07476,0.01533,4120.6,1068.8,22050,4.18,idle,55.7
795,Engine Overheating,-182.4927,18.1253,102.745,9.1683,-8.7037,7.5765,9.755,9.2225,-4.2849,4.7476,14.8669,6.7924,1.1021,9.1621,9.2722,7.8064,-3.2411,6.4474,8.5347,4.9306,-1.9463,4.3068,8.3035,4.0285,-1.921,3.0843,2524.3,347.05,1520.86,203.66,4351.05,509.72,0.0891,0.02009,0.07001,0.01608,2893.9,1157.3,22050,4.15,revving,71.1
796,Engine Overheating,-174.1267,10.5901,99.0713,9.0299,-17.5884,10.2503,12.3004,7.5551,3.3836,8.9218,11.8372,6.0769,-1.5551,6.9279,11.2708,4.6048,-3.2317,5.3489,9.6566,3.4856,-5.2517,5.1618,6.7677,4.9651,-2.9197,3.426,2505.6,364.45,1611.85,209.83,4431.04,555.45,0.08183,0.02384,0.06975,0.00997,3542.2,1691.9,22050,3.1,idle,54.9
797,Brake System Fault,-170.6454,15.1646,97.6612,10.3547,-10.8679,12.7552,16.5045,12.2687,-9.1552,8.5408,11.2599,8.1581,-7.0103,7.6399,13.0085,8.7367,-4.3497,8.2106,11.8015,7.7533,-3.7168,4.4223,8.2329,4.863,-2.3716,6.1022,2757.56,421.07,1757.65,250.68,5199.59,586.73,0.11492,0.02676,0.07137,0.02011,3362.4,480.3,22050,3.61,idle,55.8
798,Brake System Fault,-181.8045,21.8826,98.5239,19.7613,-12.3315,11.2226,17.6675,12.2279,-9.0365,11.3466,13.841,9.0797,-8.6472,5.7382,5.2631,8.1123,-3.3438,9.1536,8.9728,6.9276,-3.4087,5.6328,5.9632,3.6501,-1.9822,5.2617,2962.52,500.96,1646.13,320.95,5041.56,713.08,0.11099,0.01792,0.07034,0.02501,4240.0,1805.0,22050,3.19,load,72.1
799,Oil Pressure Fault,-195.4239,18.0056,98.4513,14.0163,-7.6148,11.0896,11.2115,10.1917,-8.0927,6.6285,8.8916,6.3247,-4.7026,8.6469,4.6767,4.6287,-2.6389,5.5782,7.7843,4.6978,-1.2065,5.0365,4.3424,4.3925,-2.0811,4.5094,2036.46,287.34,1215.1,154.2,4070.04,417.48,0.0799,0.02066,0.06411,0.01368,913.5,1058.8,22050,2.95,revving,75.1
800,Oil Pressure Fault,-182.8991,21.4247,111.3225,16.2325,-3.9443,10.4345,11.5217,9.6278,-11.0047,8.2799,14.6677,6.1233,-2.9116,5.6556,8.8639,5.421,-4.3803,3.14,9.1095,5.718,-2.7561,5.5244,4.5381,1.7487,0.6809,3.943,2077.05,209.87,1312.62,182.74,3789.37,344.46,0.08934,0.00858,0.05922,0.01466,1171.5,761.5,22050,3.24,idle,51.1
801,Brake System Fault,-177.9886,20.953,105.5572,15.967,-14.6494,5.9966,16.1912,10.7109,-10.2044,8.1291,5.0168,7.2675,-5.9871,4.9133,10.2138,11.2602,1.6141,7.1509,5.7902,7.4024,-4.9497,5.2245,5.6465,3.5117,-0.8944,4.1676,2865.21,493.18,1615.67,283.09,5092.6,723.11,0.11924,0.02172,0.08606,0.02458,4231.5,657.1,22050,3.97,revving,68.7
802,Engine Overheating,-175.9354,24.3712,107.1351,12.5278,-10.2977,13.1707,10.0994,10.7024,1.7677,5.8851,13.4446,6.8398,-3.3083,7.7824,10.5379,6.8981,-6.785,5.5612,9.5132,6.2397,-1.4624,6.2629,7.5583,4.3845,-1.8083,4.2295,2541.61,322.38,1454.36,256.21,4358.19,340.65,0.08826,0.02257,0.06118,0.01861,3439.4,959.7,22050,3.83,load,60.4
803,Battery Fault,-191.3372,17.6584,111.3922,8.9577,-6.0421,8.8806,10.0165,4.2074,-5.3452,4.4744,8.4492,5.422,-0.4118,4.3053,10.4115,6.5724,-3.5748,3.7504,4.9844,3.7645,-2.5761,4.1184,9.005,3.6836,-5.7246,3.0162,1935.43,216.36,1147.08,124.55,3292.99,234.33,0.07933,0.00952,0.04876,0.01369,141.7,1068.7,22050,4.42,idle,66.1
804,Battery Fault,-195.1169,15.1297,110.1971,11.6738,-7.8765,7.5221,11.4809,7.4059,-1.7012,5.065,9.8016,3.1295,-2.5603,3.6853,7.2048,6.9451,-6.3735,5.6606,5.9519,3.9859,-2.6294,3.6668,6.1835,2.4015,-2.5924,4.6969,1941.71,200.99,1208.84,132.14,3347.38,252.36,0.07044,0.01236,0.05285,0.01092,156.5,144.4,22050,2.6,revving,69.9
805,Clutch Slip,-186.3237,21.592,115.4009,15.1231,-3.8871,8.901,10.2323,6.374,-6.0821,7.0758,12.7783,5.3698,-3.879,6.0245,10.9821,7.2731,-5.3461,5.7243,4.551,5.5368,-2.795,4.2077,4.8939,4.8835,-1.033,3.5472,2118.22,195.13,1301.35,158.75,3745.31,332.47,0.07821,0.01444,0.05372,0.01277,31.7,1744.8,22050,2.58,idle,70.2
806,Clutch Slip,-188.4841,7.4491,113.3553,13.1328,-1.7137,9.5987,14.6875,7.3162,-5.4563,8.4334,12.7424,7.1748,-4.3994,4.8817,10.8596,4.6373,-2.2424,4.4239,6.5117,5.6029,-1.489,5.4522,6.4895,4.3551,-1.0758,4.4966,2113.44,206.43,1240.11,132.01,3642.51,361.11,0.07696,0.01139,0.05428,0.01284,26.4,2400.3,22050,2.67,load,54.7
807,Brake System Fault,-181.7549,18.8987,105.3789,17.6325,-13.4291,12.7115,9.165,13.5164,-5.1154,7.1774,12.0164,8.6382,-6.576,9.0835,8.5941,6.4794,-3.6045,6.2812,8.4299,8.3683,-4.2691,7.6966,8.6695,3.8379,-0.3431,5.0293,2773.03,347.4,1891.52,318.42,5282.38,559.33,0.10524,0.01941,0.08086,0.02065,4109.9,1374.2,22050,2.6,revving,54.3
808,Clutch Slip,-196.7085,20.4328,103.5639,8.5861,-4.0862,10.4768,14.3758,7.5739,-5.8731,5.2749,8.9964,5.0144,-3.3502,6.0926,7.3877,5.8767,-0.9405,4.1497,5.4828,2.8251,-2.1302,3.7167,6.0139,4.7149,-0.5267,3.6217,2146.23,245.65,1354.94,199.29,3663.34,287.85,0.06407,0.01421,0.05617,0.00861,35.8,1867.6,22050,3.66,idle,76.7
809,Battery Fault,-183.9309,14.2138,117.6884,10.2203,-6.5216,8.4424,10.3721,7.2372,-1.6978,6.9268,7.8664,5.0201,-2.0426,4.8823,8.8197,5.6434,-4.8752,4.8724,4.4497,4.0137,-2.0642,3.4236,7.4037,2.4848,-2.2374,3.2873,1990.07,220.2,1205.9,130.52,3503.39,301.55,0.081,0.01439,0.04695,0.00657,203.4,1117.6,22050,3.34,revving,59.5
810,Engine Overheating,-171.9592,14.5217,104.1982,11.5628,-13.4543,5.6872,8.7625,6.9654,-1.02,6.5021,11.1643,5.1354,0.3469,3.9169,9.5682,7.1449,-3.2475,4.835,9.8745,5.3701,-3.5584,5.4976,5.3885,4.2143,-0.4936,4.7175,2295.84,337.85,1431.49,243.73,4409.76,552.91,0.09983,0.01965,0.0613,0.01787,3383.3,960.1,22050,2.81,load,60.4
811,Healthy,-196.4766,14.0158,113.1402,8.0015,-5.3474,5.2018,9.8813,4.9115,-4.9573,3.9806,9.1773,3.982,-3.5387,2.4031,7.0436,3.2464,-1.8342,3.4874,6.2025,3.3903,-0.3954,1.7149,5.871,3.3784,-1.7141,2.4713,1820.22,162.33,1103.83,86.47,3127.57,215.98,0.05919,0.01073,0.04374,0.00999,105.7,1063.7,22050,3.38,idle,64.8
812,Engine Overheating,-185.3008,14.4997,100.3456,10.3378,-13.0736,12.3428,9.7504,9.9439,-2.4781,6.4162,8.4807,8.3284,-0.7521,8.1864,13.8027,5.5058,-6.1381,5.4853,9.2292,3.8626,-1.7156,3.7909,4.5141,2.5285,-0.3442,4.6712,2413.09,305.78,1589.05,195.34,4138.45,426.2,0.09314,0.02339,0.06258,0.01823,2625.4,926.3,22050,3.92,load,52.4
813,Oil Pressure Fault,-189.3269,17.732,109.4386,14.8082,-3.8035,11.9955,12.6133,10.6795,-8.4038,7.1996,9.397,6.8104,-3.565,4.3957,9.0346,4.2383,-1.4107,4.8293,5.4551,4.5155,-2.4254,4.662,6.7154,3.7857,-1.2898,3.1828,1990.29,280.56,1364.73,144.68,3558.7,365.89,0.07303,0.01159,0.05466,0.01589,1141.2,929.9,22050,2.58,idle,74.6
814,Brake System Fault,-174.2811,21.9331,104.8259,21.3309,-17.1056,14.595,11.104,12.537,-10.4736,9.9933,16.0466,7.1109,-7.353,5.9637,9.0846,4.6996,-5.3829,8.7312,4.8282,5.3554,-6.6988,6.532,5.2311,6.3848,-3.7472,4.883,2836.59,388.2,1805.05,271.73,5262.75,755.77,0.11645,0.01993,0.06888,0.02256,3824.0,1005.8,22050,3.87,revving,49.2
815,Battery Fault,-186.3434,16.7044,118.3722,10.6202,-6.3606,8.4641,11.4676,5.6334,-1.8836,5.1307,6.5907,5.0574,-3.7955,4.8295,10.1086,4.2617,-5.2453,4.1003,5.6769,3.5873,0.9535,2.8584,7.8967,2.8841,-1.531,3.3295,1961.23,207.71,1178.69,154.3,3289.34,317.57,0.07076,0.01191,0.04801,0.00738,216.6,684.0,22050,2.65,revving,71.1
816,Battery Fault,-188.0063,21.247,107.4728,18.1919,-9.0386,6.7112,7.9029,6.2172,-5.0249,3.7449,10.7583,4.214,0.6986,3.7656,8.9386,2.5159,-4.3745,3.9026,3.6902,3.5237,-1.2971,5.3747,6.2116,6.1237,-3.32,4.2403,1934.11,219.51,1197.52,142.54,3345.48,270.07,0.07634,0.01383,0.0517,0.01163,169.6,1335.4,22050,3.1,idle,54.9
817,Battery Fault,-206.7153,11.7061,118.1454,7.0356,-7.9283,8.0763,11.2555,4.2223,-4.0505,2.7931,6.2664,3.9536,-1.6132,5.4453,8.8952,6.0625,-6.0284,3.7212,8.6055,3.0845,-0.1349,4.6746,8.5199,4.851,-1.8788,3.998,1992.03,197.98,1116.64,121.42,3428.95,220.44,0.06624,0.00674,0.04894,0.00972,126.3,1051.9,22050,4.3,revving,68.7
818,Oil Pressure Fault,-187.6388,20.0785,109.3462,10.8095,-5.358,8.6964,16.8316,8.604,-5.945,9.0513,12.8317,5.2648,-4.6566,3.0931,6.9838,5.4523,-4.6813,4.7959,6.8996,4.8928,-0.0008,3.4612,2.5573,2.6565,1.2524,4.1703,2045.91,261.95,1309.67,163.12,3826.59,374.62,0.07194,0.0208,0.05665,0.01365,740.7,1189.9,22050,2.83,revving,55.3
819,Oil Pressure Fault,-192.2872,22.8335,113.4314,15.7956,-12.4947,6.4294,18.6829,8.0527,-7.2724,6.6583,12.6494,5.6213,-8.1479,4.0808,6.4313,6.1412,0.0492,3.9727,5.9607,5.1198,-0.2559,3.4361,4.6205,4.333,-0.2455,3.456,2098.28,223.82,1267.37,169.66,3782.16,399.1,0.07663,0.01838,0.06493,0.01288,1890.0,754.9,22050,3.9,revving,73.0
820,Brake System Fault,-180.5742,24.0056,110.8798,10.4372,-14.9267,10.4626,14.0066,9.7322,-3.8508,8.6875,13.5036,7.9573,-5.6287,7.5844,10.6018,5.3211,-1.1153,6.1402,6.9641,6.1083,-3.0698,5.5872,8.7594,4.2631,-2.6453,6.565,2750.92,383.2,1647.12,283.92,5004.64,853.89,0.11191,0.02222,0.08307,0.02443,3904.3,397.3,22050,2.55,revving,63.9
821,Healthy,-200.4418,13.1186,111.8453,6.8463,-3.9395,7.0086,13.5893,3.9708,-8.9262,5.2722,9.4814,3.9267,-2.6531,2.9432,6.2109,3.3307,-2.1415,3.7099,5.3117,2.6768,-2.0646,1.8467,5.2921,2.3026,-0.282,2.8318,1797.36,180.79,1026.3,147.81,3092.26,316.23,0.06281,0.01567,0.03881,0.01033,14.5,1304.3,22050,2.63,idle,64.7
822,Brake System Fault,-175.4834,28.6261,87.4707,16.7171,-12.6861,12.7936,14.81,15.3064,-7.6894,10.1158,9.911,11.3127,-6.5061,8.0316,9.7541,5.6638,-3.6108,8.4733,6.5039,6.7921,1.3139,7.4716,9.9104,5.963,-3.7382,4.5683,3013.63,383.17,1688.54,238.91,5396.87,720.04,0.09961,0.03071,0.07361,0.01917,4022.4,1136.5,22050,2.67,revving,50.2
823,Brake System Fault,-186.9609,27.1618,109.76,23.141,-13.2157,10.2635,8.4915,11.9867,-12.162,10.6625,17.5139,8.5476,-10.5226,5.8866,13.0631,7.3384,-6.7281,2.9233,9.32,5.3264,0.1774,5.2373,6.426,5.7828,-2.9522,3.4464,2693.39,399.49,1615.52,279.94,5221.98,440.19,0.12596,0.02133,0.08252,0.01485,3137.1,632.1,22050,3.25,idle,59.7
824,Engine Overheating,-187.6445,20.9102,99.1858,15.0505,-13.3165,7.614,6.9247,9.743,-1.8114,8.2949,8.8363,5.0544,-0.5516,6.3422,9.6683,3.6281,-7.5706,7.3508,8.7901,5.7497,-2.9842,4.7229,6.4534,3.6372,-2.0277,4.6183,2305.14,342.63,1559.53,218.0,4233.19,530.71,0.09831,0.02385,0.07176,0.01545,3217.2,1473.2,22050,3.88,idle,61.5
825,Brake System Fault,-184.3894,13.7486,104.6533,21.0862,-13.1019,8.9962,19.0699,13.5833,-8.9093,11.4646,11.8904,6.5895,-7.1449,8.2944,7.9492,8.9564,-4.5019,4.1882,9.7687,6.3089,-3.4333,4.4392,5.5498,5.7856,-3.685,4.0729,2877.64,395.58,1666.51,250.92,5188.02,705.3,0.11297,0.03296,0.07383,0.02265,3350.2,1028.6,22050,3.56,revving,72.4
826,Engine Overheating,-172.5786,14.3409,108.0094,15.5983,-9.0223,9.1856,6.7587,8.9835,-3.0684,3.0455,11.8158,6.2615,-3.2368,7.9674,12.4117,7.065,-5.8846,8.1093,11.2519,5.5284,-3.274,3.2919,5.8786,3.207,-3.2867,4.1018,2455.39,359.14,1483.04,195.74,4448.32,550.19,0.09422,0.01452,0.07538,0.01187,3239.3,1651.5,22050,2.99,load,58.6
827,Clutch Slip,-194.9412,13.6474,108.1946,10.0963,-1.0287,9.5343,15.3097,7.4312,-7.5415,4.2657,10.8299,5.8181,-2.8067,3.9531,6.0042,5.3856,-3.0539,3.8851,4.6303,5.74,-2.0607,4.4396,5.6023,3.6656,0.3927,4.1235,2010.56,177.33,1239.83,164.06,3551.03,296.58,0.07643,0.02007,0.04774,0.01173,53.1,1624.0,22050,3.36,load,76.7
828,Battery Fault,-199.9676,15.6843,117.2748,12.3039,-10.8566,7.7477,11.5333,6.2962,-4.9586,5.4668,9.7707,4.9822,-5.3558,3.9706,9.646,6.5081,-4.2842,3.8847,5.849,4.0174,-0.6124,3.6945,5.7678,3.5876,-3.9935,3.8499,1860.17,191.74,1243.14,137.13,3430.53,310.97,0.07872,0.01262,0.04855,0.00603,129.2,1381.3,22050,4.0,load,77.6
829,Brake System Fault,-161.8699,26.1007,93.8833,16.0164,-16.7448,11.9784,12.1536,9.8561,-9.5542,8.8666,14.7941,7.5146,-6.0168,7.6344,12.4754,9.2841,-1.3268,7.2248,10.4282,6.3992,-7.9804,5.8727,4.1344,5.4063,-0.2329,5.8935,2924.75,405.72,1789.05,259.88,5116.54,628.91,0.10506,0.02093,0.08847,0.02039,3163.1,1176.1,22050,4.21,revving,52.7
830,Oil Pressure Fault,-187.6638,21.3706,102.4251,15.7467,-6.5256,7.4678,14.664,4.4519,-7.3334,6.248,13.7078,5.6125,-6.82,4.8008,7.8081,4.1386,-2.7963,4.073,8.2465,4.7015,-5.0259,3.9474,5.2806,3.4825,-0.5261,3.783,2162.44,301.64,1330.18,143.76,3738.63,453.68,0.08864,0.01785,0.05423,0.01501,1168.4,881.6,22050,4.24,revving,75.8
831,Battery Fault,-201.7199,20.1739,120.475,4.4812,-8.4822,7.3568,9.7191,5.7356,-5.6229,5.2499,8.2206,5.1133,-1.4013,5.6108,4.7275,5.3248,-4.1571,4.1919,6.8305,2.9428,-0.2878,4.1677,6.2211,3.2655,-2.4074,2.7242,1875.32,226.0,1170.17,127.01,3424.88,358.14,0.06854,0.00957,0.04733,0.00924,193.1,604.2,22050,3.76,idle,71.4
832,Engine Overheating,-168.8332,17.1418,104.6937,12.3499,-16.1762,9.4337,11.0786,8.2605,-1.2552,6.8016,12.5925,6.7783,0.3802,2.2809,10.2863,6.8115,-1.8293,6.1546,9.2743,5.8114,-1.3458,5.1514,4.5438,3.5217,-0.81,3.2273,2661.61,314.39,1532.53,226.73,3990.84,503.34,0.09613,0.01951,0.05839,0.01423,3149.7,537.6,22050,4.39,load,73.0
833,Oil Pressure Fault,-192.0773,11.3483,106.2682,16.7688,-10.9344,10.3061,8.3767,7.4536,-7.8431,6.0218,10.6032,4.7919,-5.26,6.1437,7.4174,5.3427,-3.5063,5.9913,6.6331,4.555,-2.4828,4.0202,5.2856,3.3619,2.431,4.8605,2168.72,292.73,1337.56,175.62,3945.99,473.45,0.08988,0.01566,0.0599,0.0119,1425.7,890.9,22050,2.69,idle,50.9
834,Engine Overheating,-175.5799,18.8216,111.8932,15.6401,-7.9937,9.9727,16.3907,7.2218,-5.2006,7.136,17.4495,6.3,0.9011,5.5046,10.9246,5.7278,-5.819,4.8506,8.003,4.5414,-1.4152,4.0454,7.3879,4.4136,1.0568,3.4472,2471.62,397.93,1542.93,258.6,4461.54,539.51,0.09923,0.01944,0.06449,0.01136,2818.2,1216.4,22050,3.83,idle,56.5
835,Healthy,-187.7054,15.8897,110.2136,8.7256,-11.9194,6.1674,14.4925,6.46,-6.5371,4.4538,8.4127,3.5241,-2.9284,2.8936,8.6235,2.0156,-1.081,2.9741,5.1523,3.9198,-0.8276,2.2984,4.3301,3.3918,-1.9744,2.0222,1889.17,144.86,1029.53,151.35,3021.55,319.38,0.06746,0.013,0.04749,0.01092,20.0,1056.7,22050,3.54,idle,65.5
836,Healthy,-199.5865,12.1608,114.43,10.1949,-9.2917,8.0165,14.0879,6.1238,-3.8197,3.3879,9.0594,4.3845,-1.7033,2.9344,5.8874,2.4701,-3.8175,4.1051,5.6465,3.7342,0.1688,3.1567,4.4544,2.8706,-2.2923,4.1465,1768.24,213.0,1055.06,116.03,3026.8,295.82,0.05957,0.01218,0.05048,0.008,66.9,888.9,22050,3.75,idle,65.9
837,Engine Overheating,-184.3165,17.6084,109.4697,11.4454,-11.2305,7.9319,12.486,8.5109,-3.72,9.2956,13.5434,6.8891,-1.7659,6.1012,8.8929,5.469,-3.1362,4.0148,6.4155,6.0767,-2.3408,5.3269,7.448,3.5427,-1.3746,3.9107,2329.14,322.57,1562.05,279.66,4215.29,536.33,0.09915,0.01908,0.07596,0.01093,3428.4,1516.3,22050,4.41,load,77.6
838,Brake System Fault,-177.5661,18.392,91.3005,21.1341,-16.1367,12.0211,15.3271,14.5663,-5.5611,8.9074,15.1584,7.1651,-8.085,8.382,7.4714,5.5821,-3.9028,5.0555,11.2775,5.1702,-2.6138,7.3293,6.694,4.6088,1.7796,4.7306,2829.08,314.37,1861.55,319.86,4788.3,647.97,0.12874,0.02974,0.0736,0.02476,4506.6,1526.6,22050,3.89,load,53.0
839,Clutch Slip,-186.4611,21.7619,107.8004,10.4232,-8.6579,6.2711,11.4101,6.5671,-6.9012,5.9895,13.6926,7.6896,0.1661,4.5748,8.3498,5.2875,-3.9414,6.4122,5.1503,6.2307,-3.0009,3.8832,5.505,4.7758,-2.2549,5.1805,1984.9,154.62,1246.92,171.33,3667.08,364.57,0.07255,0.01087,0.05254,0.01526,27.3,1860.7,22050,2.51,idle,59.0
840,Battery Fault,-202.7655,17.7898,118.4739,12.398,-4.2515,8.1803,9.1326,4.2561,-5.8254,5.7514,9.8706,6.2698,-5.9744,4.74,8.2997,4.3932,-5.3943,2.7935,6.6013,4.277,-1.703,3.9338,6.4482,3.079,-2.1966,4.6399,1958.23,221.38,1225.85,155.39,3366.07,289.13,0.07559,0.01125,0.05046,0.00997,178.1,396.3,22050,2.54,revving,48.2
841,Clutch Slip,-182.3134,16.5518,104.1378,15.4304,-1.939,8.2398,9.3361,7.6412,-5.5436,7.07,8.6676,6.7431,-1.6655,5.1809,8.2481,4.4979,-1.7815,5.7467,8.4735,5.0837,-1.7634,4.2282,3.3498,4.6354,-0.1424,4.4314,2094.17,206.31,1237.22,135.62,3646.93,325.35,0.07704,0.01257,0.05336,0.01205,50.7,1203.4,22050,3.71,load,53.1
842,Engine Overheating,-180.4995,13.4527,112.6373,12.0716,-8.9672,11.0244,9.9165,11.3772,-2.597,6.4414,9.8315,7.8237,-4.6926,5.1696,9.09,5.5613,-5.2438,5.2501,7.0848,4.2268,-2.2816,4.6763,5.2582,4.5027,-1.9162,4.5069,2353.69,332.58,1446.37,200.47,4518.11,661.07,0.08464,0.02424,0.06524,0.01807,2822.5,1403.0,22050,3.2,idle,59.8
843,Battery Fault,-191.5125,14.6299,113.3846,10.2981,-7.3925,7.2543,11.1739,6.8198,-3.6962,6.4526,9.7994,4.9537,-1.6761,4.7428,7.1917,5.383,-7.2129,3.8987,7.8511,4.3761,-3.1552,3.7057,5.4627,3.5139,-2.0089,3.1151,1995.83,184.7,1197.49,145.04,3450.67,333.23,0.06731,0.01435,0.04717,0.01098,183.5,1051.9,22050,3.87,revving,58.7
844,Clutch Slip,-196.5785,20.5613,107.079,17.9235,-6.411,8.9891,13.6579,7.2184,-3.3528,5.132,12.2868,5.202,-3.8207,5.017,6.7922,5.0306,-0.2103,5.0487,4.0387,4.2207,-2.9785,4.073,5.1896,4.9438,-2.0141,2.8766,2103.92,230.53,1226.55,177.96,3651.58,308.13,0.08036,0.02063,0.05313,0.01376,31.5,1889.5,22050,4.22,idle,64.8
845,Clutch Slip,-194.1672,18.6932,110.3381,14.7898,-7.5941,9.0325,11.0675,5.2257,-4.2843,5.2956,10.7996,5.6867,-7.3749,4.0797,9.7968,3.4094,-2.3666,3.9967,8.6393,3.4983,-2.2664,4.0824,2.6009,3.9705,-1.7944,3.7604,1979.21,247.95,1284.85,190.22,3672.07,354.11,0.07735,0.01392,0.05769,0.01136,35.1,1696.3,22050,3.9,revving,53.2
846,Oil Pressure Fault,-194.0061,22.1385,114.7325,13.4788,-1.4135,8.6275,14.4287,9.263,-6.5993,8.7657,8.4446,3.8804,-5.5098,8.4896,7.1178,4.9785,-4.9636,5.7733,4.5804,5.1348,-1.4459,4.0547,5.0452,5.3622,0.2421,5.4533,2168.59,184.07,1361.74,185.9,3823.72,319.84,0.07661,0.00816,0.05686,0.01503,958.4,1170.5,22050,3.02,idle,50.2
847,Battery Fault,-190.2451,20.1816,110.5214,12.7216,-5.5621,7.4934,8.1018,5.0033,-6.2097,4.3898,8.6282,4.8737,-1.3701,3.5319,12.4003,3.2761,-2.999,4.6893,4.9595,4.0862,-1.4587,3.1305,8.3282,3.1481,-4.7305,3.4293,1979.62,190.88,1236.51,158.37,3581.48,353.84,0.07755,0.01256,0.053,0.01061,149.6,703.9,22050,3.57,load,60.7
848,Oil Pressure Fault,-179.1688,25.0898,115.819,16.8022,-1.6929,12.9658,15.0249,9.0109,-7.3654,7.8395,11.2937,5.6484,-6.5446,4.9197,6.2149,4.6134,-3.4321,4.5703,7.6711,5.7052,-1.2126,3.6711,5.0872,3.0335,-2.6592,4.9014,2072.8,176.15,1308.46,175.47,3778.18,433.38,0.09003,0.01687,0.05642,0.01344,1555.9,1556.0,22050,3.39,revving,61.9
849,Oil Pressure Fault,-182.2301,14.4271,110.2205,10.5672,-6.0374,10.1619,15.9772,8.0927,-5.3556,6.1887,8.2021,3.6352,-0.2822,6.3535,7.451,6.2363,-7.5318,5.7734,8.3738,6.5016,-0.8886,3.6638,6.6999,4.409,-1.9121,2.2245,2124.94,290.57,1341.23,163.13,3780.16,409.64,0.08451,0.02338,0.05707,0.01233,1048.8,1368.6,22050,2.58,idle,54.6
850,Engine Overheating,-189.5201,28.8973,104.9032,14.3911,-6.7734,10.5475,17.2344,8.1601,-3.0613,8.3767,10.2837,6.0872,-0.5588,4.9383,11.0852,5.6347,-5.6281,5.191,8.7534,5.5187,-5.343,5.3549,4.8647,4.2414,-5.3438,5.4552,2379.84,325.57,1500.34,212.3,4281.11,532.98,0.09622,0.02397,0.06747,0.01535,2188.4,1195.4,22050,4.31,revving,67.7
851,Healthy,-195.297,11.5128,111.3121,11.9449,-9.7734,5.0913,11.6505,4.8772,-4.1329,5.0796,7.5914,3.8033,-1.5826,2.634,6.6898,3.3278,-2.5848,2.4084,4.9333,2.9418,-2.0347,3.2316,7.244,2.5766,0.3378,2.7828,1804.42,151.02,1051.26,121.85,3113.07,291.44,0.06563,0.01384,0.04558,0.01101,73.5,896.3,22050,2.61,load,55.7
852,Battery Fault,-201.7825,16.3836,115.4965,10.7524,-10.419,6.4096,14.8824,6.2795,-4.6744,5.64,9.4048,6.0714,-1.2099,3.3966,11.1097,4.9489,-5.3984,3.7244,5.1102,4.3418,0.0791,1.5019,6.141,3.4559,-3.4599,4.1818,2047.61,194.8,1122.59,137.06,3363.05,186.66,0.06858,0.01389,0.05141,0.00966,129.5,555.5,22050,2.56,load,51.4
853,Brake System Fault,-182.9178,20.0358,101.8196,22.3283,-7.7179,5.416,18.6002,10.6,-8.0512,10.7586,11.4529,9.6541,-3.8019,7.1445,9.9278,7.2053,-6.6839,8.2261,7.1993,6.781,-7.0437,5.0842,7.8043,6.5292,-2.4829,4.3469,2728.65,466.26,1626.12,276.88,5072.62,611.21,0.11108,0.03457,0.06976,0.02796,2998.8,783.1,22050,2.6,load,58.5
854,Brake System Fault,-174.1046,34.4773,99.3234,16.0582,-16.6997,10.9205,12.429,12.6001,-10.9428,8.7144,12.6647,6.1091,-4.8769,6.8336,11.7901,7.4454,-3.8053,8.1291,5.4201,4.7638,1.2212,6.6891,6.946,3.953,-4.0199,4.0573,2855.16,401.08,1606.54,200.46,5395.93,604.19,0.11178,0.0284,0.0868,0.01097,3301.5,1150.2,22050,3.72,revving,73.4
855,Healthy,-200.0091,15.1308,112.925,9.6735,-8.7802,6.2074,14.45,5.7952,-7.8229,5.7869,9.9894,3.7084,-2.3787,3.033,7.6481,2.0994,-1.1978,3.8198,5.905,2.7885,-0.9438,3.1095,3.8453,3.9523,-1.7476,3.2827,1803.78,236.7,1056.15,117.76,3137.68,214.22,0.06816,0.0119,0.04101,0.01042,53.2,1145.1,22050,4.45,revving,73.5
856,Oil Pressure Fault,-186.2707,16.5248,111.3056,14.1492,-4.0095,10.1815,16.849,8.4316,-6.046,4.4214,11.2045,6.7511,-7.7135,5.7655,11.003,4.6679,-1.5639,4.0233,4.9837,3.9982,-0.2371,4.4369,4.4632,2.9199,-0.5833,4.828,2227.59,186.48,1313.65,134.11,3805.46,465.79,0.07787,0.01507,0.0597,0.00797,949.0,941.2,22050,2.65,load,49.6
857,Battery Fault,-183.6551,12.8615,112.4926,5.8557,-8.2377,5.622,10.1696,4.4253,-1.6106,5.8899,7.1819,6.018,-3.5823,4.9856,7.1348,5.6224,-3.6959,3.5999,2.562,3.5268,-0.3301,3.8643,6.4097,4.691,-0.5549,5.1858,1778.37,217.67,1136.37,164.46,3329.66,275.34,0.07683,0.00978,0.04843,0.01191,191.0,581.0,22050,4.06,load,76.6
858,Engine Overheating,-180.9907,20.3491,107.7566,11.0382,-8.613,10.7812,7.8619,6.2345,-4.7175,8.4959,10.4767,6.8777,-0.6971,5.4978,8.3694,2.9921,-1.9653,6.0478,12.1129,5.9929,-2.9435,5.403,5.8697,3.8454,-1.1524,3.9887,2470.95,283.92,1358.71,267.12,4220.31,520.39,0.10637,0.01659,0.06781,0.01362,3444.7,1775.5,22050,2.7,load,52.1
859,Healthy,-209.5685,11.7273,110.474,12.9851,-5.7125,5.9749,14.6148,4.6791,-6.6345,5.5113,10.4729,4.5876,-2.3718,2.7587,6.5075,2.6065,-0.3691,2.8795,5.0819,2.5389,1.3674,2.2949,4.2351,3.39,-2.6997,3.2236,1914.85,152.23,1031.98,97.98,3021.58,319.04,0.05865,0.01295,0.04124,0.01182,58.0,1051.3,22050,3.33,load,73.2
860,Clutch Slip,-179.6877,25.1669,107.339,14.4235,-4.4104,10.4,9.6524,5.6525,-5.5136,5.7736,12.286,4.5344,-2.1504,4.8176,8.9023,5.2349,-5.3847,4.9562,5.9566,3.5447,-2.4541,3.4533,6.0416,4.4154,-0.0997,3.5037,1973.7,212.57,1265.73,185.18,3631.06,443.21,0.07954,0.01519,0.05999,0.01069,17.1,2231.6,22050,3.85,idle,48.5
861,Clutch Slip,-199.9348,23.7389,108.8598,17.3014,-4.8824,9.7443,12.0434,8.1266,-5.7009,7.3069,12.2298,6.7551,-5.2321,5.08,5.7399,4.8634,-7.3101,5.0175,5.2976,5.3162,-0.351,3.9199,5.9613,2.3929,1.4667,3.8391,2021.5,223.26,1182.4,155.51,3742.8,333.94,0.08472,0.01596,0.05702,0.01109,29.2,1979.7,22050,4.06,revving,64.7
862,Battery Fault,-199.9284,15.77,109.6513,9.2315,-13.7539,8.2653,6.4789,3.8476,-2.7011,5.7382,5.5631,4.0571,-2.4982,6.0593,10.3786,5.808,-6.1302,4.5936,5.9093,3.1764,-0.0266,5.3211,6.8566,3.1216,-4.7215,4.0384,1973.67,148.06,1137.26,119.77,3339.46,294.32,0.07441,0.01168,0.04254,0.00982,102.3,1268.8,22050,3.01,idle,61.6
863,Brake System Fault,-164.8722,18.4354,94.5915,14.2865,-6.2325,12.5068,13.8562,10.5991,-2.5064,12.4885,13.7289,8.2485,-4.3875,6.8226,12.3163,7.3206,-5.6129,7.3748,11.8521,6.9574,-2.8951,7.2379,8.3565,4.9458,-2.6574,5.1051,2881.29,391.01,1798.41,297.59,4817.55,564.74,0.11094,0.02436,0.07396,0.01782,3882.6,974.7,22050,4.02,revving,61.9
864,Battery Fault,-203.681,19.6939,114.9743,12.3543,-4.7817,6.7382,11.0478,6.3624,-5.5985,5.2908,5.73,5.2252,-3.5185,3.3501,7.9404,4.3184,-3.6612,3.7466,2.3042,3.7656,-3.2447,4.5913,6.3902,4.7726,-0.7557,5.4396,2007.73,179.22,1182.69,135.58,3404.86,332.62,0.07263,0.01657,0.04882,0.01358,159.4,1136.1,22050,4.05,revving,52.6
865,Engine Overheating,-174.9548,13.46,109.9303,12.9522,-14.7937,8.8599,11.3376,9.0136,-4.0714,7.3057,8.677,6.3153,0.8274,6.3448,12.7276,6.3213,-6.3584,5.2628,8.8511,5.2345,-3.6744,4.0123,5.0076,5.1861,-3.2717,3.7233,2595.66,295.86,1560.28,292.27,4140.3,475.92,0.08756,0.02337,0.0613,0.01615,2751.2,1277.6,22050,3.28,idle,64.4
866,Battery Fault,-190.9547,19.0756,105.2851,6.7928,-8.0554,5.1569,11.3083,4.2471,-4.8778,4.0166,4.1838,3.5255,-0.4574,2.9643,6.9788,6.6337,-5.7853,4.5683,5.8833,4.8175,-2.9145,2.7581,7.5655,4.5343,-3.2453,4.5388,2070.08,195.53,1176.52,163.84,3439.22,279.34,0.0812,0.01321,0.05025,0.01101,178.6,719.7,22050,3.25,load,57.9
867,Oil Pressure Fault,-187.6141,19.1583,106.3533,16.5567,-5.6502,11.0369,17.5153,10.5,-6.9586,6.7006,10.6225,7.8188,-4.0578,5.1723,7.6233,6.3517,-3.6137,5.4845,5.189,6.5181,-0.7738,2.5431,4.4751,3.7427,-2.6997,5.2009,2066.07,272.72,1271.34,188.23,4066.08,475.06,0.08249,0.01503,0.04988,0.01334,700.2,1085.9,22050,3.69,load,74.9
868,Brake System Fault,-171.5102,24.9538,95.5229,17.2752,-17.5682,14.3634,10.306,13.7318,-4.6837,11.4039,10.1289,10.5229,-3.5535,4.9437,6.7908,2.5173,-4.8147,6.4621,9.1856,5.5533,0.0738,7.1334,4.7807,5.9438,-3.1137,4.7032,2753.41,393.03,1795.64,314.89,4534.88,744.53,0.11829,0.02511,0.07982,0.0277,3900.4,625.2,22050,3.89,load,73.6
869,Battery Fault,-193.016,11.8886,110.3241,6.6773,-15.9309,7.3886,8.2367,5.4198,-2.8458,3.7246,8.9431,5.2381,-3.2373,4.3769,6.9919,1.967,-5.3798,4.5164,3.4265,4.1643,-2.3201,3.5319,5.2913,4.8695,-2.5948,4.0079,1865.45,141.79,1214.26,144.87,3357.11,255.31,0.07529,0.01249,0.0492,0.00762,160.1,958.8,22050,4.28,idle,51.8
870,Healthy,-192.2321,12.714,114.4766,12.6483,-4.4376,5.2241,10.7619,5.5901,-3.2734,4.8197,6.6732,3.4029,-4.2403,2.2323,8.0745,3.193,-2.5928,2.898,3.527,4.7989,-1.213,2.3687,4.1208,2.3541,-0.1189,2.8383,1781.27,237.66,1076.48,114.14,3153.52,284.31,0.06027,0.01121,0.04386,0.01109,71.3,1021.1,22050,4.32,revving,52.5
871,Healthy,-191.726,14.0723,111.6841,6.2111,-12.433,6.2242,14.887,5.7898,-4.6584,4.7517,9.5236,4.6025,-3.5309,2.3126,8.1508,3.7663,-0.5793,2.5686,3.9199,2.7195,-0.5138,3.1948,2.579,3.1894,0.4716,2.8387,1805.97,105.76,1028.68,99.32,2984.41,247.9,0.05699,0.00961,0.03684,0.00772,46.1,1265.4,22050,3.4,idle,51.1
872,Clutch Slip,-192.5291,17.4915,114.0358,12.4959,-3.908,10.067,11.9683,7.9429,-5.2225,4.5176,7.0787,7.7337,-2.439,6.3276,5.593,3.6998,-3.4872,4.299,8.1384,5.1982,-2.0473,2.3804,6.4128,4.0877,-1.4257,3.8489,1977.85,215.14,1303.91,188.58,3583.07,374.93,0.08353,0.01804,0.05426,0.01675,48.7,2093.7,22050,4.18,load,56.8
873,Oil Pressure Fault,-201.7246,23.3271,112.6602,11.9894,-10.1499,10.5459,17.4711,10.0363,-4.7966,8.2694,10.0207,6.3912,-3.0421,5.9844,5.6714,5.2646,1.0588,4.3148,7.0297,4.8079,-1.9971,3.4294,5.2411,5.9685,-1.1272,4.2769,2160.0,301.87,1427.87,221.56,3803.39,494.33,0.08936,0.01966,0.05964,0.01159,880.7,210.6,22050,2.97,revving,52.2
874,Battery Fault,-198.4761,13.2621,106.9992,8.3198,-9.313,8.271,12.6895,3.5828,-4.9946,3.2888,8.054,4.0182,-1.8435,3.4909,7.078,6.7024,-6.0838,3.3855,2.2179,4.8205,-2.6529,3.0751,6.417,3.5776,-4.687,4.0411,2019.83,220.1,1198.65,119.65,3435.56,409.21,0.07059,0.01036,0.05335,0.01058,140.5,1175.1,22050,2.7,revving,54.3
875,Battery Fault,-188.9979,19.8582,121.7336,8.9991,-7.4092,7.2239,11.8615,7.8195,0.5938,3.5047,9.8222,5.3413,-2.5383,5.4455,7.825,6.7943,-6.25,3.8367,6.8747,3.0838,-1.8129,4.2507,7.2377,3.2181,-3.7565,4.1838,2007.03,158.28,1102.42,158.84,3344.95,284.47,0.07247,0.01408,0.05254,0.01091,147.8,1542.2,22050,2.92,revving,58.3
876,Battery Fault,-199.8681,11.8455,117.049,13.0586,-9.4419,8.3521,8.7156,4.7163,-3.3378,3.3211,8.7738,3.4876,1.312,4.2338,7.4678,3.5027,-6.5205,4.3886,3.5056,3.5686,-0.3878,4.9616,5.2866,4.946,-5.8502,4.888,1958.97,164.57,1105.56,139.02,3363.06,244.02,0.0757,0.00952,0.04357,0.01146,183.7,1306.8,22050,2.94,idle,63.6
877,Healthy,-198.706,15.0121,113.5243,9.5283,-10.7619,6.1934,12.8238,2.6072,-5.0205,4.5095,8.44,2.3577,-4.8983,2.452,6.6672,3.5505,-3.0881,3.5912,2.8679,3.7887,-1.3481,3.1372,5.4565,2.539,-0.5163,3.1092,1768.72,176.98,1003.79,115.98,3130.66,283.49,0.06013,0.01387,0.04059,0.00915,97.2,551.8,22050,3.41,idle,58.5
878,Battery Fault,-192.5839,12.5434,116.6005,9.9462,-7.308,9.5422,11.0477,5.7806,-3.7337,4.1876,8.0409,2.7646,-2.8828,3.4962,8.2282,4.0205,-6.2068,4.0458,3.9228,4.4708,1.3838,4.6154,9.0856,4.8336,-2.3599,3.2367,1899.01,186.19,1122.72,129.42,3248.63,299.03,0.07826,0.01038,0.04509,0.0104,150.7,1657.3,22050,3.54,revving,75.5
879,Engine Overheating,-174.1008,19.6894,109.308,15.5694,-14.196,9.1649,7.9941,9.3874,-2.9281,6.9792,11.754,5.8709,-0.0496,5.9508,11.3128,5.941,-2.8596,3.8943,8.7711,4.7447,-3.3178,6.3847,8.3097,3.4402,-1.5214,4.0156,2508.42,271.3,1492.38,196.01,4293.75,535.81,0.08284,0.01239,0.06104,0.02027,3548.8,1854.7,22050,4.39,idle,76.4
880,Battery Fault,-199.2665,12.7902,114.7054,10.6728,-7.3889,4.8044,7.5285,5.4557,-3.7678,6.2444,6.1486,4.5714,0.1355,3.5626,10.3646,5.6553,-2.9741,3.192,6.3701,3.4811,0.6569,3.7366,7.2562,3.8636,-1.7294,4.1636,1899.61,215.87,1192.11,121.73,3275.22,297.01,0.07075,0.01235,0.04915,0.01331,94.7,802.9,22050,3.36,idle,53.9
881,Clutch Slip,-181.7056,16.1916,108.7777,12.1872,-5.1833,4.0861,18.1852,3.4366,-10.6036,6.8627,9.8734,6.5366,-2.4872,4.3234,8.6695,5.898,-4.6299,3.6433,4.6341,5.0934,-3.3372,4.2404,8.3017,4.122,-2.1035,4.4517,2044.84,246.36,1253.97,161.6,3634.03,302.65,0.08464,0.0095,0.05455,0.01156,46.9,1722.7,22050,4.01,revving,64.1
882,Engine Overheating,-178.4242,17.8331,103.6385,10.6967,-12.0693,13.2779,9.2846,7.6742,-3.7517,7.1824,8.0674,5.4936,-1.0061,5.8979,10.7461,7.177,-4.0381,3.8053,11.2146,6.3117,-1.7782,4.1953,8.637,3.93,-0.2202,4.646,2266.9,371.39,1493.92,228.16,3876.98,641.46,0.08878,0.02867,0.06445,0.01682,3126.0,1424.8,22050,2.71,idle,73.8
883,Clutch Slip,-196.9571,15.1761,114.1517,12.0237,-3.4425,8.1608,9.5849,8.3158,-5.2809,5.4528,6.0756,4.86,-3.6491,7.4041,7.9682,3.6751,1.6955,5.5148,7.5982,4.9912,-1.8092,5.0669,3.5533,4.1532,-0.7182,4.1371,2077.56,188.66,1248.75,156.49,3511.31,339.25,0.07371,0.01861,0.05717,0.01228,44.3,1316.9,22050,4.01,revving,61.1
884,Brake System Fault,-176.8949,21.445,109.6236,18.4814,-15.3642,13.6971,18.9422,10.3398,-6.4302,7.6038,9.1126,7.1981,-4.3402,9.0784,11.8027,7.1668,-4.0581,7.2014,7.3554,6.4165,-6.0076,4.502,6.9256,5.9227,-1.6643,4.8744,2669.67,399.02,1754.13,287.79,5607.52,546.34,0.1036,0.02951,0.07778,0.0211,3183.4,730.4,22050,2.86,idle,60.2
885,Brake System Fault,-174.4345,18.3079,99.8628,12.5185,-6.9091,12.1203,17.229,12.3676,-7.6107,8.174,10.8861,9.9872,-9.7577,6.6882,8.4029,6.2787,-2.6964,6.468,9.3617,8.3497,-3.7649,6.6671,6.01,4.6676,-2.1458,6.4548,2751.75,425.3,1737.89,326.34,4885.17,657.56,0.11303,0.02124,0.07654,0.02261,4832.7,906.6,22050,2.7,revving,70.0
886,Brake System Fault,-192.9459,22.2919,98.8807,15.0249,-11.9223,7.1611,18.3534,13.5377,-6.8258,13.6133,18.9651,8.3119,-7.305,8.3085,10.4724,9.2362,-1.5238,8.0215,8.3695,4.699,-2.1596,5.2035,6.4469,4.5175,-4.6718,4.5444,2877.57,330.59,1706.22,297.21,5408.69,565.72,0.1169,0.03115,0.06966,0.01855,3826.5,1099.1,22050,2.76,load,71.5
887,Oil Pressure Fault,-178.1563,14.7611,104.2773,14.3246,-11.8651,7.7546,12.8115,5.7087,-1.7312,4.3133,10.3462,7.2175,-5.5531,5.8637,6.77,5.2961,-2.0108,4.4765,6.631,5.2706,-2.281,4.3297,5.8787,4.0192,1.1067,4.3192,2129.71,266.79,1274.77,181.1,3804.43,502.99,0.08428,0.01905,0.05584,0.01486,1233.7,1485.7,22050,3.45,idle,57.1
888,Brake System Fault,-187.9313,19.4092,111.6985,21.9467,-17.7528,7.9382,13.7113,10.4412,-10.9852,10.9261,10.5821,8.3295,-6.9352,7.0067,5.5637,3.9646,-3.8035,5.7944,10.77,6.5432,-5.4618,4.6397,8.4574,4.5448,-4.3156,6.1892,2955.8,441.99,1876.14,303.52,4940.0,906.94,0.12509,0.03241,0.0835,0.01147,3854.2,1617.0,22050,3.32,load,68.2
889,Brake System Fault,-173.3351,23.8518,101.9761,15.185,-18.5232,9.9824,13.6142,12.9184,-10.6384,12.0473,14.2841,9.9576,-4.9975,6.648,10.5094,6.4656,-4.8312,8.1248,10.3211,8.3899,-0.2577,5.405,5.3523,4.4177,-1.9374,4.0892,2652.82,373.56,1720.2,321.26,4876.68,683.86,0.10925,0.0266,0.07972,0.01774,3497.3,1109.4,22050,3.38,revving,67.0
890,Engine Overheating,-177.2174,15.8951,103.5688,8.6393,-14.2879,7.821,9.1754,7.4162,-2.8097,7.9207,14.5211,7.8399,-1.2637,5.2858,9.6153,6.7194,-7.8154,3.9056,9.9677,6.3489,-2.7076,4.5632,8.5405,2.8574,-1.4239,4.4931,2433.62,269.49,1398.83,257.28,4481.18,479.55,0.08794,0.01789,0.06662,0.01576,2989.4,485.6,22050,4.1,idle,58.2
891,Clutch Slip,-197.5031,19.796,103.9808,13.6165,-8.2236,7.7382,15.6472,8.1088,-9.5799,5.098,10.5719,4.5539,-4.7566,4.404,7.4728,4.9722,-2.049,5.633,5.6476,4.4822,-1.3304,4.4404,3.5915,4.276,-0.4317,3.8314,2072.66,241.95,1302.7,142.1,3690.62,298.98,0.07288,0.01422,0.06192,0.01091,24.1,1116.3,22050,3.69,idle,67.6
892,Engine Overheating,-179.902,17.9192,102.1011,12.5112,-16.05,8.6264,9.652,8.8922,-3.5103,6.4672,12.1845,8.5725,0.8167,5.0033,10.4263,6.988,-4.5367,4.5198,5.5423,5.7408,-2.0479,6.5433,4.8075,4.185,-2.2255,3.9855,2651.69,372.8,1516.49,248.78,4513.81,611.55,0.09029,0.01888,0.06354,0.01704,2779.2,922.5,22050,3.28,revving,57.5
893,Engine Overheating,-185.2189,17.1941,108.5487,13.149,-8.3103,14.6837,6.7053,8.1538,-2.5812,6.957,15.346,7.7085,-0.0331,4.9172,8.6466,4.5669,-5.7701,5.3863,8.5465,4.3872,-2.109,4.4888,3.7911,3.6701,0.7166,3.5634,2367.37,328.39,1520.83,179.47,4267.34,570.43,0.091,0.01753,0.06576,0.01273,2606.3,928.4,22050,3.82,revving,49.7
894,Engine Overheating,-183.2039,17.6986,104.6066,16.0546,-12.6079,11.7526,9.9199,10.8765,0.8507,7.5647,10.227,7.8377,0.7764,6.2356,8.7421,6.9075,-6.9397,7.8949,8.5584,6.4497,-1.3439,5.3496,3.5663,4.0835,-3.0378,3.4613,2534.94,303.8,1570.14,227.19,4238.01,390.21,0.09088,0.01945,0.06957,0.0163,3292.8,1252.5,22050,2.56,revving,74.1
895,Battery Fault,-193.4014,17.1266,110.2823,10.6527,-4.5957,5.7948,11.4835,6.0317,-3.6533,5.8077,11.4247,4.7438,-1.338,4.6648,6.8803,3.8806,-5.5821,4.2976,7.2668,4.1098,-0.2634,4.649,5.9237,4.5683,-3.2367,3.644,2008.85,238.47,1202.48,138.67,3453.64,290.12,0.07613,0.01184,0.05059,0.00946,150.6,824.6,22050,2.66,idle,51.4
896,Battery Fault,-188.8123,14.9254,113.2626,13.7322,-9.3806,6.6171,9.9093,6.2117,-0.4052,4.5783,6.7661,4.671,-1.7861,4.5389,9.263,4.6722,-5.2971,4.3497,3.2092,4.2963,-2.9049,4.1394,6.3697,3.0405,-2.8069,5.6625,1864.51,232.94,1212.98,130.81,3489.82,304.92,0.07017,0.01145,0.04753,0.01074,220.0,1156.4,22050,3.28,revving,56.8
897,Oil Pressure Fault,-184.4616,20.6336,102.2937,13.2154,-4.3684,10.2298,13.5541,5.2192,-6.0704,5.0101,8.8658,6.5057,-9.0328,6.4555,9.3127,3.0779,-3.9573,4.6755,8.3148,4.6136,-3.3237,4.2842,5.1938,2.5259,-0.2889,3.6072,2167.11,246.06,1206.4,191.18,4018.31,373.96,0.08699,0.01681,0.05618,0.01729,677.6,1237.1,22050,3.95,idle,70.3
898,Oil Pressure Fault,-195.2108,15.3717,105.057,18.3042,-5.7025,4.9193,7.6722,5.4114,-7.0775,5.6803,11.2462,5.368,-4.64,5.2691,10.8656,2.9559,-2.2776,6.152,9.0461,5.8258,-1.6429,3.8338,6.8198,5.2747,0.1093,4.341,2112.39,246.19,1344.4,185.36,3755.8,455.8,0.07362,0.01559,0.05561,0.01395,1376.1,865.4,22050,3.98,revving,61.3
899,Clutch Slip,-188.9279,18.6688,111.9418,13.336,-4.7448,8.3629,12.7888,8.4849,-2.4897,6.3259,9.93,6.6833,-4.8986,6.2627,6.8753,3.9044,-7.9361,4.9356,2.793,4.4077,-2.4715,3.8845,3.9768,3.359,-2.2599,4.3039,2229.01,196.34,1276.16,130.11,3601.93,400.31,0.07039,0.01333,0.05234,0.01527,41.0,1021.8,22050,4.39,idle,69.3
900,Clutch Slip,-196.6198,17.1822,109.1238,10.9681,-3.0557,8.1629,12.1707,6.0224,-8.6124,7.7903,14.9422,6.2844,-4.3155,5.5156,8.2259,4.8452,-3.713,4.58,5.4129,4.3251,-1.415,4.0408,4.272,3.3342,-1.0834,2.8695,1943.09,248.94,1301.17,120.14,3748.78,366.4,0.07311,0.01639,0.05189,0.00874,32.8,1292.4,22050,4.18,idle,54.4
901,Oil Pressure Fault,-181.5402,16.4843,108.0159,13.4288,-5.0924,11.0597,10.9867,8.6714,-7.5697,8.0362,8.4396,4.5787,-5.2181,5.9399,11.536,3.8969,-7.5835,3.4349,8.8318,3.9424,-4.881,3.8429,6.181,5.5239,0.1077,3.8339,2194.06,287.7,1361.78,246.04,4060.34,466.97,0.07472,0.01169,0.05677,0.01139,1055.3,1456.9,22050,2.9,idle,66.5
902,Oil Pressure Fault,-169.9298,16.0713,114.3874,17.7407,-4.7981,6.5178,19.6948,8.2762,-11.2235,6.7461,11.922,8.2459,-6.0528,4.8076,8.8524,5.3265,-4.6156,4.2975,6.3148,5.2284,-1.7315,4.703,5.9116,2.4511,-3.4096,4.1121,2202.54,247.18,1300.6,141.33,3760.81,457.99,0.08175,0.0196,0.05949,0.01148,1133.4,1306.5,22050,3.76,load,70.3
903,Brake System Fault,-179.2467,19.4973,95.5492,13.441,-13.7167,11.5964,18.961,10.6812,-8.5023,9.6874,6.2385,9.3995,-7.0842,7.2187,7.81,7.3969,-2.5601,4.9925,10.3394,4.2628,-0.472,6.4595,8.6483,4.7259,-1.0006,3.3552,2747.4,332.96,1765.78,209.06,4949.28,658.31,0.11613,0.02767,0.0828,0.01976,3813.3,1433.9,22050,3.23,revving,53.5
904,Engine Overheating,-184.0669,20.5207,113.967,12.4165,-17.5209,11.1,3.9567,6.2129,1.2115,3.7485,10.9914,4.7469,-3.8125,3.7819,8.8054,8.1338,-7.0928,6.1793,7.5347,4.7559,-2.2082,4.4847,2.8226,4.0765,-2.758,4.6379,2250.98,227.92,1547.29,268.0,4314.91,497.44,0.08935,0.01743,0.06832,0.01407,2768.9,1598.0,22050,3.84,revving,50.8
905,Brake System Fault,-192.0183,17.5277,88.4361,13.2279,-7.8661,12.2125,14.283,12.3094,-6.0608,11.2981,9.6766,6.2803,-5.3193,5.1519,9.1521,6.7391,-5.8703,4.7624,9.7409,3.8327,-1.7425,5.3012,7.0723,4.9009,-5.5725,3.607,2793.42,341.0,1647.97,321.69,4983.82,740.74,0.12241,0.02688,0.08482,0.01809,2970.9,1106.3,22050,2.61,revving,58.3
906,Brake System Fault,-176.5343,20.3839,98.7361,21.0916,-14.6735,10.9159,16.2462,13.409,-8.3284,6.7393,14.5486,7.7667,-6.4781,6.9953,7.6448,7.883,-6.0376,6.8901,6.8425,4.9498,-2.3771,5.2128,4.9155,3.2003,-0.3473,4.3147,2704.8,422.18,1729.31,216.79,5018.4,447.98,0.11259,0.02075,0.0876,0.01808,2297.7,691.1,22050,3.77,revving,75.2
907,Clutch Slip,-192.5039,21.5784,103.2024,8.3751,-4.134,7.255,15.5027,5.4416,-3.1201,6.0385,12.0281,5.9475,-2.2917,3.1062,9.9862,4.8204,-1.752,5.1794,8.9717,5.6355,-0.7905,4.6364,5.355,5.1877,-1.6238,4.6083,2097.4,243.58,1257.32,133.77,3558.53,355.79,0.0761,0.01595,0.04428,0.00957,24.0,1951.8,22050,3.84,idle,49.9
908,Engine Overheating,-181.7009,18.3386,105.7225,6.1038,-10.3882,9.0925,11.235,7.3751,-4.9312,10.2073,11.7475,4.2953,0.1535,5.538,9.1652,6.4113,-4.4071,5.5324,7.4508,4.8187,-1.3378,4.9904,6.5894,3.3849,-1.3376,4.6783,2388.67,283.04,1480.04,214.82,4320.76,556.3,0.08561,0.01713,0.0643,0.0151,2918.6,1707.4,22050,2.83,revving,73.7
909,Healthy,-206.2951,16.2039,116.7906,8.5839,-10.1333,6.2036,11.8831,4.3009,-7.9159,6.7176,9.4957,4.0337,-2.6425,1.7674,5.9276,3.3982,-2.3103,3.2024,3.9336,3.1795,-1.0925,3.2857,4.1156,3.6365,-1.2401,2.9114,1774.29,203.95,1018.06,98.05,3064.24,269.82,0.06206,0.01258,0.04124,0.01271,100.8,656.8,22050,3.99,idle,52.0
910,Engine Overheating,-174.609,20.6797,106.3781,15.265,-14.9474,9.8948,10.8876,9.9067,-3.1786,6.0777,16.8334,7.977,-0.6992,6.0914,11.0949,5.947,-3.1831,5.1264,7.525,7.0115,-6.0111,4.9194,3.9054,4.5478,-0.01,3.2546,2407.04,307.9,1555.18,264.32,4225.56,559.95,0.09599,0.01829,0.06077,0.02048,3543.7,550.0,22050,3.04,revving,49.1
911,Oil Pressure Fault,-183.1953,14.0856,107.3227,19.7713,-4.3255,7.8728,18.2911,7.7752,-4.4367,7.7876,9.9824,5.5894,-5.5406,5.7067,7.2851,4.2825,-1.8705,3.7725,10.5873,4.4501,-3.2365,3.1236,7.3206,4.0776,-0.3479,4.4185,2131.77,267.66,1327.13,205.69,3652.39,447.33,0.0814,0.01653,0.05633,0.01016,1092.3,860.3,22050,4.11,idle,74.2
912,Battery Fault,-193.9305,11.1033,113.1347,11.5545,-4.6724,7.4683,10.6587,8.1179,-4.2725,5.0181,5.4357,5.915,-3.2865,2.9626,6.5256,5.877,-5.9097,4.1057,5.2422,4.2969,-2.3885,3.2823,5.816,4.214,-2.8661,4.9651,1980.09,211.63,1120.92,97.48,3638.51,325.9,0.07026,0.01003,0.04975,0.01014,144.3,676.1,22050,3.93,idle,48.6
913,Healthy,-204.5245,10.2714,110.2897,11.4986,-9.4956,4.6955,11.6685,5.9518,-5.0307,4.8326,7.0527,4.2761,-2.4665,2.4972,6.3824,3.3083,-0.1044,3.2893,4.9454,3.2228,-0.4284,3.1014,6.9114,2.814,-0.3208,3.3318,1757.43,201.18,1037.16,120.89,3088.12,216.63,0.0655,0.0101,0.04256,0.01012,101.7,1063.7,22050,4.0,revving,48.1
914,Clutch Slip,-191.3489,16.3905,104.6479,8.6148,-6.3627,8.9719,17.7965,5.909,-1.5419,7.2442,13.4699,6.4979,-4.5536,6.1079,9.0644,5.5092,-3.5353,6.0862,5.2936,4.6355,-0.8983,3.6832,4.9091,2.035,0.3723,3.4812,2147.76,273.86,1255.01,185.8,3657.98,335.11,0.08355,0.01235,0.05115,0.00984,26.1,1332.0,22050,4.27,revving,76.4
915,Oil Pressure Fault,-183.8941,22.1938,111.7714,13.2665,-6.3323,11.2906,14.3452,8.2972,-6.2708,6.6757,9.2554,6.511,-0.8431,6.8201,9.9754,5.7893,-3.7108,4.7498,7.3202,4.2558,-2.6754,5.551,3.1171,4.1477,-0.5446,3.5703,2263.52,279.79,1292.65,186.48,3995.33,455.34,0.08329,0.01789,0.05831,0.01339,915.5,627.6,22050,3.76,idle,75.3
916,Brake System Fault,-172.8042,27.2988,95.4719,16.5109,-12.878,15.3312,22.6314,15.6826,-5.3927,8.0725,11.9141,5.6773,-5.3957,5.7868,9.1083,9.1765,-4.5011,8.5908,8.4665,6.1748,-4.8669,5.6784,5.1577,4.0821,-2.8419,4.2371,2770.86,320.73,1818.88,267.26,5106.82,629.41,0.11775,0.02763,0.06987,0.02334,4102.8,1603.8,22050,2.96,idle,72.9
917,Clutch Slip,-179.0612,17.6479,108.4314,16.2293,-3.8163,7.9615,15.341,7.3392,-3.1883,6.5396,8.6264,6.3847,-1.9432,4.9226,9.3346,5.5082,-2.2395,4.0623,8.5474,4.9511,-3.3495,2.8983,5.0706,4.2598,-0.6768,3.1868,2141.28,171.83,1217.84,142.6,3762.05,319.36,0.07273,0.01409,0.04776,0.01039,14.6,1815.1,22050,3.26,idle,59.0
918,Engine Overheating,-175.5562,22.3564,106.4919,17.1796,-9.0733,12.6048,11.2192,7.8519,-7.4964,6.9253,14.2569,8.0349,-1.1778,5.3939,12.6809,4.668,-2.7382,5.2629,7.2549,5.6076,-1.7269,6.722,4.2017,4.5367,-0.3026,3.8548,2438.68,381.51,1458.47,279.14,4142.06,480.26,0.09284,0.01875,0.06814,0.01765,3269.4,621.6,22050,4.09,revving,73.9
919,Brake System Fault,-177.1299,18.478,107.1368,24.3533,-7.9608,9.4498,13.783,9.9007,-8.5376,8.393,15.9178,7.7212,-6.0751,7.1806,6.9113,8.9804,-2.3571,6.7923,6.7103,5.1333,-5.5171,6.289,8.5671,5.3804,-0.272,4.9234,2630.11,421.61,1800.64,209.32,4857.63,709.17,0.10548,0.02377,0.07515,0.01913,4535.5,781.3,22050,3.39,load,73.6
920,Oil Pressure Fault,-186.3705,29.858,106.5047,8.2896,-6.8423,9.3795,18.2819,5.923,-6.0252,7.4201,13.6373,6.2924,-3.8153,7.526,8.3443,5.4328,-5.5808,3.8501,8.1178,4.4761,0.0568,4.3143,4.5959,2.4592,-1.4663,3.0196,2030.68,186.76,1301.86,172.36,3834.37,345.65,0.08802,0.01577,0.05397,0.01263,1167.4,1097.0,22050,3.77,load,70.0
921,Healthy,-192.1494,10.1896,111.2514,11.0309,-4.0135,6.0878,10.1571,5.1656,-5.7014,5.5398,6.9837,5.4531,-2.8421,2.9024,7.5356,2.0318,-0.9869,2.6384,4.1179,3.6482,-1.9981,2.8364,4.5726,2.7642,-2.2484,3.7568,1766.62,170.92,1053.94,128.53,3000.49,221.02,0.07125,0.01198,0.04395,0.01004,73.9,1125.6,22050,4.41,idle,68.7
922,Oil Pressure Fault,-181.7957,26.1944,112.4877,17.9186,-2.3803,7.3081,11.0871,10.2941,-5.9296,8.2634,9.8434,6.2981,-4.6074,6.4921,6.1748,4.4764,-2.3535,6.1252,8.0175,4.995,-0.6432,4.1438,5.4956,2.8415,1.4284,3.301,2014.53,231.81,1297.84,157.99,3949.72,448.72,0.08416,0.01597,0.05437,0.01465,676.8,840.7,22050,3.78,revving,59.3
923,Brake System Fault,-163.793,16.2082,102.7489,17.8121,-13.4953,9.9355,20.9341,12.9956,-6.7358,11.2587,11.1988,6.7368,-4.3357,5.8131,8.9026,4.873,-0.6199,5.4698,9.5597,6.8857,-4.4369,5.1425,5.3064,4.2258,-2.8793,4.8828,2782.5,325.14,1700.11,244.52,5021.71,670.25,0.11076,0.02821,0.07945,0.01715,2894.9,1270.9,22050,3.73,load,61.9
924,Battery Fault,-193.1452,12.1424,116.5716,8.4148,-3.877,6.5517,12.0105,5.8388,-5.3267,4.1226,6.6158,3.4666,-2.5912,2.6558,7.5078,4.8677,-3.6805,4.6653,2.7817,3.4462,2.6829,3.316,8.955,4.4874,-2.0642,5.0587,1958.34,210.39,1121.88,150.73,3377.85,261.91,0.0701,0.01973,0.05374,0.01176,131.2,767.3,22050,4.05,idle,56.0
925,Battery Fault,-195.1204,16.6865,114.2777,11.3729,-12.4351,7.8287,11.8692,6.1252,-3.7122,5.7176,6.9046,4.5202,-0.1215,4.4482,12.1833,4.5177,-3.8294,4.2023,6.6938,4.7817,-4.9573,2.9593,8.4374,2.7256,-2.9461,3.6971,1915.35,221.61,1202.92,113.79,3428.54,269.63,0.07855,0.01235,0.04342,0.00987,140.8,1077.9,22050,4.44,revving,60.8
926,Brake System Fault,-185.6336,27.0311,98.9519,16.2197,-11.6754,9.1209,21.339,11.3229,-10.4184,8.8328,16.8218,8.4725,-4.6076,8.3933,9.7063,7.0612,-4.0333,8.1514,6.7981,5.6215,-1.4338,7.4697,7.4018,2.4385,-3.3293,6.0879,2951.57,389.73,1575.68,256.89,5132.51,485.79,0.10367,0.02507,0.0785,0.02068,4984.8,1144.1,22050,4.19,load,52.5
927,Healthy,-199.598,9.4285,111.2526,8.7819,-3.3569,7.8758,12.3794,6.4027,-3.0891,4.5497,11.8115,4.4362,-3.5961,3.916,8.9843,2.8151,-1.5906,3.9643,5.1489,3.987,-0.6878,3.7832,4.1041,4.0882,-0.2323,3.0982,1758.37,193.52,1020.41,103.26,2950.78,286.02,0.06432,0.01165,0.04799,0.01443,92.6,1013.1,22050,4.29,idle,75.7
928,Healthy,-195.1311,17.3931,112.5053,11.3048,-9.3806,4.1339,13.622,5.5121,-1.202,4.8951,9.108,3.3478,-3.631,3.1555,4.7895,2.6026,-2.594,2.3058,3.6596,2.7162,-1.6977,4.3387,4.1952,3.6688,-0.6425,2.948,1732.3,160.38,1042.63,119.42,3178.17,270.52,0.06529,0.01051,0.04173,0.00786,91.4,978.8,22050,3.81,load,67.5
929,Brake System Fault,-183.0232,14.9047,94.5835,15.4129,-14.2103,12.3034,20.2848,11.0972,-8.0968,10.302,14.4129,5.234,-10.4978,6.1501,6.8215,3.7865,-6.2892,6.9498,8.5437,6.4315,1.4428,5.865,7.645,3.8834,0.8903,6.1398,2778.74,390.93,1752.35,292.79,5033.17,632.51,0.12113,0.03141,0.07281,0.02416,4045.5,1442.6,22050,2.65,load,69.8
930,Brake System Fault,-178.6997,22.1601,97.4852,20.7984,-16.4061,9.0262,20.5074,12.8167,-10.7646,8.4443,13.2579,5.3395,-6.8948,7.2409,6.5478,8.6466,-3.5976,8.6895,6.9415,6.8929,-4.0043,5.1972,8.339,3.6976,-2.016,4.0512,2840.38,319.71,1774.04,280.4,5039.57,849.93,0.09618,0.01993,0.0744,0.02315,4115.9,1216.5,22050,3.31,idle,75.5
931,Battery Fault,-201.6,23.4462,115.3666,11.4664,-8.1303,5.5309,7.668,4.527,-1.4549,3.5635,9.0455,4.3835,-2.6602,3.5538,9.93,5.4699,-5.5385,3.3705,7.6046,4.4985,-3.6204,5.4475,8.5361,4.358,-2.6417,1.8078,1975.34,203.94,1188.58,128.47,3333.38,262.67,0.06892,0.0148,0.04419,0.01123,95.6,978.9,22050,4.28,revving,50.0
932,Brake System Fault,-180.2192,13.3842,101.7094,19.0371,-14.7123,11.0079,12.941,11.8246,-10.9863,7.2781,12.392,7.1925,-5.551,9.1693,5.496,7.8497,-7.3327,4.486,7.7093,5.3315,-6.4473,7.1743,7.3895,5.8963,-1.3246,7.463,2911.45,388.96,1640.7,260.88,4828.81,583.63,0.11535,0.02335,0.07024,0.01596,3503.1,884.8,22050,3.37,idle,48.3
933,Battery Fault,-201.672,16.6725,116.7952,8.5204,-6.9272,7.7356,9.0361,4.1747,-1.4839,6.3083,5.5029,3.5586,-0.4583,5.1478,12.4356,6.6475,-4.2379,3.8927,7.3269,4.2065,0.7308,3.8688,6.6122,3.3758,-4.323,4.3258,1909.55,159.6,1252.34,155.37,3251.98,345.3,0.07275,0.0117,0.04701,0.01148,180.5,1305.7,22050,2.7,idle,54.7
934,Clutch Slip,-193.4948,19.4322,107.6145,12.4735,0.4024,7.1387,12.4562,5.3488,-4.7118,6.3842,12.6576,5.668,0.2406,6.3209,6.4069,4.5934,-2.5453,3.6885,5.5936,5.7725,0.9015,4.1508,3.487,3.8098,-1.3888,3.6433,2112.39,262.63,1314.09,166.71,3599.88,312.86,0.07919,0.01371,0.05346,0.01483,15.4,1340.6,22050,2.82,load,57.7
935,Clutch Slip,-189.2731,15.7564,108.5035,12.9283,-7.5286,6.6681,9.6288,6.5781,-3.7647,6.5547,13.8069,6.7842,-4.7304,5.7338,7.9339,5.7459,-1.7426,5.6836,3.6156,4.4037,-3.953,4.5802,5.009,4.3202,-1.4061,4.3209,2070.67,286.83,1270.39,159.26,3448.66,279.0,0.07359,0.01618,0.05286,0.01218,41.9,1831.2,22050,3.54,idle,65.0
936,Brake System Fault,-165.8938,21.8335,99.3324,17.6712,-8.2931,10.8651,11.3327,12.982,-14.9815,11.2739,16.0888,6.8902,-0.6526,10.2948,6.5674,4.192,-4.2286,6.7666,7.5511,7.1284,-3.2503,5.4051,6.1275,4.3742,-3.6889,4.6065,2674.82,424.07,1658.84,230.18,4929.57,628.75,0.11553,0.02937,0.08084,0.02109,4586.3,1326.0,22050,4.17,idle,74.3
937,Oil Pressure Fault,-191.968,12.5984,111.1379,14.15,-8.4272,10.6976,13.5511,9.7679,-4.3103,9.4639,8.6524,9.9991,-6.3952,5.8665,7.8757,4.3785,-2.9572,4.8668,6.6991,4.3093,-3.7459,4.4197,5.7219,4.5558,-1.1955,4.2553,2151.68,191.66,1313.47,175.47,3856.14,391.43,0.08662,0.01469,0.05391,0.01278,1099.3,1268.7,22050,3.26,idle,55.3
938,Brake System Fault,-186.2966,28.9481,92.9491,15.5797,-18.4388,15.0648,15.9449,11.1907,-11.815,6.7702,10.5647,9.8347,-1.8925,6.9276,6.7304,6.2565,-1.6048,7.8784,4.0482,7.0231,-4.5413,6.0146,8.9965,5.227,-2.1361,5.0497,2974.84,415.71,1867.2,310.52,4937.95,705.02,0.11785,0.02117,0.08258,0.02025,3116.7,930.6,22050,2.74,revving,64.4
939,Engine Overheating,-194.7292,10.495,108.7327,16.6733,-12.9625,9.5966,7.7446,6.2039,-5.0912,8.3383,9.4285,6.5573,-1.1274,7.1164,8.3508,7.027,-5.0658,6.1442,11.0642,4.2778,-4.27,5.7457,5.4976,2.9149,1.1065,2.9069,2520.63,332.88,1521.14,231.27,4216.2,544.95,0.11086,0.024,0.07733,0.01566,4066.0,984.3,22050,3.34,revving,74.5
940,Brake System Fault,-165.1256,22.451,95.7616,18.8728,-19.9961,10.8645,12.1024,13.2979,-8.6346,8.3391,12.1792,5.1208,-0.8237,8.5122,11.3406,5.986,-5.8038,5.0035,7.0414,5.7369,-3.25,6.7423,6.1852,4.6028,-3.1319,4.9924,2807.5,410.13,1714.73,286.59,4874.4,746.61,0.09891,0.02957,0.07519,0.01738,4062.4,1924.0,22050,3.49,revving,61.6
941,Engine Overheating,-191.0733,16.5006,107.0218,10.0404,-10.0529,9.3566,12.3839,8.2997,-5.135,5.6329,13.6531,5.4294,-1.5458,5.6501,8.4392,5.5443,-2.4007,7.2478,11.379,5.2972,-2.2651,5.0037,2.5477,3.4147,-4.1538,5.3461,2395.45,299.73,1578.3,206.98,4416.26,493.29,0.09788,0.02069,0.06743,0.01598,2619.2,1018.8,22050,4.2,load,59.3
942,Oil Pressure Fault,-190.587,21.7861,113.6524,16.5574,-2.7104,9.2589,17.2737,7.8229,-6.1086,8.9471,8.7248,6.7527,-5.9171,8.6834,6.9057,4.3736,-2.4138,2.5147,7.9696,3.9551,-1.1015,4.3799,4.3039,3.5431,-0.1824,4.2426,2154.94,228.0,1266.19,161.01,3959.72,436.2,0.08607,0.01779,0.05519,0.01354,1219.1,1724.3,22050,4.12,load,66.8
943,Healthy,-191.8022,15.6881,112.3996,10.2491,-0.6804,8.2074,14.2489,4.6626,-5.2009,4.924,9.4655,2.7997,-2.8701,3.2863,6.7618,3.6817,-2.9149,1.9795,5.3894,2.5916,1.3044,3.0909,3.5133,3.7524,-1.1306,3.0876,1730.9,151.45,1047.66,127.66,3115.73,282.1,0.06449,0.01359,0.04383,0.01033,109.2,999.3,22050,3.14,revving,57.8
944,Healthy,-200.6189,12.7697,114.1173,7.3008,-1.3202,5.865,12.0874,4.9263,-5.2266,4.4824,8.3236,3.6762,-1.8109,3.4537,7.8562,2.374,-0.8965,2.6473,3.3497,2.9278,0.319,3.0585,3.4371,3.3569,-0.7586,3.2432,1837.98,155.96,1041.51,150.54,3176.02,284.06,0.05502,0.01682,0.04458,0.00716,108.1,1074.7,22050,2.84,idle,48.4
945,Healthy,-197.6859,14.5324,115.1891,9.6736,-5.3675,8.2715,13.1723,6.213,-5.8008,4.7978,8.8574,2.7838,-0.9138,2.8793,6.5312,3.3437,-1.1389,2.9037,4.7813,3.119,-0.0962,2.4044,3.4981,2.1733,-0.2252,3.0576,1776.59,189.92,993.83,118.88,3019.21,333.0,0.07506,0.01231,0.04726,0.00945,129.9,746.5,22050,4.13,revving,70.4
946,Clutch Slip,-195.2332,15.7661,113.9014,15.2516,-5.3342,6.1935,12.7056,6.098,-5.2748,5.8393,10.3592,5.6185,-4.4217,3.3598,9.0581,5.3722,-0.0188,4.5209,6.5901,4.6082,-3.2067,4.6323,3.8203,5.7873,-1.5711,3.6169,2072.34,222.31,1372.28,124.3,3682.22,284.45,0.07071,0.02276,0.05484,0.01495,57.0,1698.4,22050,3.56,revving,57.6
947,Battery Fault,-191.6723,15.1265,102.9435,15.264,-7.7198,6.8182,12.669,6.6106,-3.9373,6.3232,12.0335,4.6021,-3.5829,4.5369,6.4225,5.2586,-5.2653,3.6583,4.8628,2.9821,-3.6826,4.4737,6.0927,4.4352,-1.1466,5.2924,2070.1,197.29,1170.23,138.72,3245.13,282.47,0.07337,0.01439,0.04724,0.00697,126.3,1064.7,22050,3.48,idle,56.8
948,Clutch Slip,-186.1292,16.8511,103.3271,13.7406,-9.7944,7.0252,12.9072,5.6677,-3.066,4.4385,11.8907,7.6602,-2.957,5.2845,6.7585,3.4794,-4.4441,4.5726,6.2675,2.7883,-2.6138,4.1766,8.5302,5.1278,-1.1687,3.0904,2100.41,254.44,1256.7,191.52,3599.0,220.99,0.07991,0.01182,0.06072,0.01136,30.8,1938.1,22050,3.86,load,58.9
949,Clutch Slip,-187.9537,20.1966,105.9476,12.4141,-7.3101,6.7496,10.5965,5.8714,-7.5435,8.0389,12.7561,6.3352,-4.7284,5.0714,8.2775,6.7479,-2.8628,4.3301,6.3532,5.798,-2.7309,4.726,6.7595,3.1398,-1.7229,3.9926,1985.61,216.35,1203.95,152.35,3621.04,284.25,0.08033,0.01356,0.05504,0.00931,12.8,1817.2,22050,2.62,revving,67.6
950,Engine Overheating,-183.1431,20.5006,114.9487,13.3118,-10.3462,9.5329,9.2418,8.4717,-9.2903,5.2142,8.1343,9.5245,-1.5668,7.3677,8.6304,4.2677,-3.0666,5.115,8.0857,3.9827,-3.2075,5.0335,5.9925,3.6812,0.2967,3.6751,2467.0,271.23,1540.95,240.13,4349.27,523.05,0.10305,0.02305,0.08074,0.01146,3111.7,1524.5,22050,2.98,revving,54.6
951,Battery Fault,-189.6664,14.7588,110.1648,11.666,-4.4114,4.5252,10.2771,7.3628,-5.4378,5.9178,5.8244,2.3289,-3.1664,4.1745,8.4732,4.7317,-5.7791,5.3246,6.6883,3.6891,-0.1867,4.0934,6.4692,3.1597,-4.2606,3.3902,1945.34,278.29,1164.76,149.0,3263.76,299.32,0.07082,0.01321,0.04974,0.01126,116.0,1092.0,22050,3.62,revving,53.9
952,Healthy,-211.2758,17.0198,115.3036,9.6568,-8.5824,7.8138,12.3321,5.7328,-3.3676,4.8045,11.6119,3.7504,-2.1523,2.6888,7.6221,2.4466,-1.2601,3.3481,5.7346,2.1626,-1.5413,3.8031,4.2326,3.0463,-1.1755,3.7311,1742.32,158.32,1096.2,128.92,3000.86,241.82,0.06199,0.01106,0.0395,0.00876,4.8,963.9,22050,3.96,revving,74.2
953,Healthy,-202.4774,17.5662,110.2954,6.9199,-7.2048,8.0226,11.934,3.7033,-7.5198,7.4367,9.5374,3.5059,-1.7618,3.4443,6.6124,2.1302,-1.0235,3.6118,3.4916,3.03,1.1829,3.2181,5.6795,3.1541,0.3048,2.8045,1822.17,146.47,1052.56,136.82,3243.77,338.55,0.05996,0.01839,0.04009,0.01124,84.4,1103.2,22050,3.8,idle,67.0
954,Engine Overheating,-186.226,17.4309,108.5833,12.1802,-15.1833,9.784,12.9615,9.9692,-4.9962,6.7535,12.5876,9.9588,-4.755,4.8123,12.8559,5.8773,-1.3603,6.4833,8.8084,3.4323,-4.2397,6.1151,5.6739,3.7536,-4.0558,2.9693,2413.14,335.03,1448.13,234.17,4330.27,583.78,0.09165,0.01907,0.06907,0.01854,3727.3,1569.6,22050,4.47,idle,59.4
955,Healthy,-205.1887,12.7786,113.3961,8.1749,-5.9081,6.7216,10.9674,4.2776,-4.5306,4.6989,10.1108,3.6436,-4.7471,2.9229,6.6001,2.8603,-1.8378,2.7489,5.4792,3.9626,-1.9081,3.3756,3.1164,3.1944,0.2549,3.5278,1874.5,160.04,1049.1,114.96,3026.82,257.24,0.06325,0.0127,0.04177,0.01074,149.4,1074.6,22050,2.52,load,60.2
956,Clutch Slip,-180.2904,23.4417,112.4789,17.1346,-4.9306,6.4537,8.0393,8.5931,-8.1053,5.9448,12.0917,6.4191,-6.9898,3.716,8.7205,6.1582,-1.0423,3.6516,5.0475,4.489,-2.4717,3.4218,3.8611,3.822,-1.6554,4.0245,1922.95,198.29,1328.98,160.89,3665.24,332.71,0.08262,0.0125,0.06019,0.01306,35.9,1406.2,22050,3.36,idle,51.5
957,Engine Overheating,-182.6835,20.2477,105.3753,10.5541,-14.8272,11.1286,9.1915,9.2682,-8.0993,5.3745,15.1353,4.0635,-1.8436,7.1093,9.2133,7.0773,-7.2245,5.2513,6.8196,5.399,-1.0968,6.0062,7.8903,4.4185,-1.4568,3.6408,2427.44,220.33,1461.23,170.27,4372.86,597.47,0.10568,0.0134,0.06572,0.02136,3179.6,988.5,22050,2.66,revving,58.3
958,Clutch Slip,-172.9006,13.8455,112.1204,8.5815,-2.4768,8.7449,17.1015,5.0551,-3.6075,5.0083,12.3819,5.4768,-4.0786,5.0712,5.473,6.5675,-4.7881,6.1454,5.7343,4.5989,0.2936,2.8251,3.9922,4.9109,-1.4716,3.9585,2045.25,162.24,1281.04,130.98,3680.97,324.69,0.07448,0.01532,0.05506,0.01274,42.5,1797.2,22050,3.08,load,55.1
959,Clutch Slip,-188.2939,14.3964,104.5608,14.7928,-6.1377,9.59,17.0588,7.4074,-5.1023,5.1908,14.8812,3.9487,-2.8698,3.9186,7.4526,3.8999,-2.0334,5.3583,5.5717,4.169,-1.2911,3.7418,4.535,3.7473,2.164,3.1592,2072.76,181.17,1358.09,170.1,3684.86,353.89,0.06391,0.01874,0.05203,0.01143,33.7,1678.4,22050,3.36,idle,65.7
960,Oil Pressure Fault,-181.5224,15.8512,105.1873,18.3196,-7.2114,10.7715,14.7532,7.5126,-7.1252,5.8814,13.6892,4.124,-4.924,3.6762,7.9049,6.0137,-5.8441,4.909,9.7954,4.8383,-3.7989,4.041,6.3996,3.1637,-0.5978,5.3739,2072.8,272.77,1270.58,198.14,3721.11,337.24,0.08232,0.01597,0.06398,0.00925,1124.3,697.6,22050,4.28,load,59.6
961,Battery Fault,-198.13,15.6579,112.25,9.1172,-10.145,5.6084,14.5048,6.5955,-6.1043,4.8735,7.9749,4.2198,-2.763,3.647,9.9988,4.6874,-5.6874,3.6478,4.9646,4.3993,-0.6093,3.5635,5.9385,4.4898,-4.1228,3.6268,1850.8,172.15,1153.74,131.39,3399.55,369.13,0.07433,0.01138,0.04208,0.01261,164.6,778.0,22050,4.36,idle,53.5
962,Brake System Fault,-184.1266,10.5152,114.9564,18.2886,-8.9264,10.1294,17.2615,11.6278,-9.284,7.0337,9.5711,9.5896,-2.1673,7.794,6.5459,5.0713,-7.0383,9.1774,12.0271,6.6689,-0.6318,5.631,4.1303,7.1259,-3.6276,4.2279,2794.89,452.9,1775.95,358.74,5134.17,549.12,0.1269,0.01965,0.07132,0.02041,4010.2,327.8,22050,4.5,revving,50.4
963,Brake System Fault,-179.2736,27.173,97.3834,18.3132,-12.6371,8.9918,11.9473,10.0041,-5.9141,8.9919,11.7853,8.2822,-7.2981,5.8554,7.6671,7.6861,-4.478,7.3712,9.4412,7.6639,-2.923,6.8553,9.2219,4.8676,-0.4647,6.2501,2954.72,283.22,1634.43,212.11,5038.12,681.07,0.1195,0.03102,0.08318,0.01597,2201.6,1065.6,22050,4.09,revving,52.7
964,Clutch Slip,-197.3743,20.0616,108.3382,13.3096,-8.1813,7.0291,13.2177,6.6116,-3.2651,9.3161,11.2314,7.504,-4.3371,5.5692,6.0186,4.6207,-1.8266,6.7714,3.8759,4.9448,-3.3163,3.1803,4.5004,4.2225,-0.1159,3.9613,2101.34,207.03,1340.31,169.3,3628.23,394.89,0.07588,0.01058,0.04954,0.00817,31.2,1970.0,22050,3.19,revving,58.5
965,Brake System Fault,-188.1078,29.9784,107.1359,15.6701,-12.8212,7.9702,24.0223,5.65,-3.4597,7.6705,11.798,4.591,-5.4646,9.2443,7.6236,5.3529,-3.7695,8.3141,9.4387,4.1822,-1.5798,7.0345,6.963,5.9004,-0.0682,4.3295,2662.5,458.05,1773.33,255.86,5089.13,638.42,0.10814,0.02107,0.08021,0.01227,3721.4,882.9,22050,4.14,load,71.5
966,Clutch Slip,-199.0363,13.8241,111.0141,13.4623,-3.6936,6.1054,12.1647,6.1763,-4.0348,6.0908,11.6668,4.7778,-7.4074,4.0428,6.3257,5.1358,-5.2074,4.4833,5.1463,6.6375,-1.674,4.9886,5.6669,4.0737,-2.3075,3.9087,2046.06,223.2,1210.65,119.66,3714.68,335.56,0.07082,0.01314,0.05521,0.01189,17.9,1250.2,22050,4.21,idle,63.1
967,Clutch Slip,-193.3831,18.6433,105.1506,8.5619,-12.0861,4.8252,10.3174,6.8986,-5.8596,6.7654,11.1481,5.318,-4.2954,4.6749,6.5567,4.6835,-4.7089,5.3832,4.9062,3.8235,-1.7115,3.7757,3.5539,4.8346,-2.1984,3.9733,2051.83,251.09,1200.72,159.6,3685.33,360.48,0.06719,0.01363,0.05513,0.00567,39.0,1539.9,22050,4.46,load,50.6
968,Oil Pressure Fault,-179.9348,22.3291,117.6041,14.9305,-10.356,10.6036,15.6693,6.1088,-10.1954,4.536,12.348,6.3293,-4.7951,6.6052,9.5024,4.5703,-4.0964,5.7374,6.0482,6.7196,-1.5023,3.3575,6.1207,4.4527,-0.6408,3.2393,1967.1,221.72,1297.46,123.04,3888.88,391.28,0.09525,0.01871,0.05241,0.01044,1523.5,1571.7,22050,3.38,revving,49.7
969,Brake System Fault,-185.3893,24.9022,106.6944,18.5772,-10.5667,12.9959,18.9951,11.7152,-9.6837,7.9819,16.6791,7.0063,-5.8437,7.2038,5.7992,5.9262,-6.8644,6.6719,3.9881,5.3595,-3.913,4.8843,8.5735,3.9545,-0.4418,5.1611,2804.73,371.35,1747.06,229.31,4976.56,692.91,0.11618,0.02175,0.07711,0.01866,3494.2,1429.2,22050,3.42,load,56.9
970,Engine Overheating,-179.796,13.8379,111.5007,10.6605,-11.4905,8.4408,5.0851,10.8062,-4.0822,10.0835,14.1826,8.374,-6.1258,6.9303,6.4069,6.2561,-4.9386,5.5046,6.4134,5.0625,-4.4702,4.3484,4.8874,4.6494,-1.5759,5.439,2494.13,288.58,1521.95,277.85,4374.72,351.26,0.0904,0.02135,0.06336,0.01291,2388.6,2099.6,22050,3.38,load,67.0
971,Engine Overheating,-181.4736,22.5965,106.6258,13.559,-10.8537,8.5445,10.0788,4.5645,0.5836,10.0101,7.0679,7.8635,-3.2757,4.6732,8.8807,4.102,-3.4795,5.5748,7.4838,5.3497,-4.5912,5.5546,5.6255,4.684,-3.3886,3.6336,2675.16,321.24,1560.07,291.47,4288.5,517.48,0.09616,0.02002,0.06373,0.01693,3080.3,1112.4,22050,3.45,revving,64.9
972,Clutch Slip,-186.5188,19.7456,99.148,11.5131,-2.1239,6.601,14.8901,6.5681,-9.3334,5.5106,7.634,7.6569,-3.6392,4.5181,8.8318,5.1573,-3.0724,3.6594,7.6734,4.8912,0.202,1.7483,2.8969,3.4315,1.4086,5.3014,2090.5,259.02,1188.96,155.44,3469.87,378.02,0.0709,0.01198,0.04979,0.00873,12.8,1595.6,22050,4.45,revving,52.0
973,Oil Pressure Fault,-191.5697,17.2242,115.8715,15.7654,-5.1781,6.8477,17.222,8.3377,-6.9807,8.9785,8.2701,5.6962,-5.514,7.9985,7.2778,6.9586,-3.3657,5.5937,4.0987,5.2176,-2.3033,3.9002,3.4879,5.0656,-0.4146,5.224,2093.73,298.34,1307.18,198.37,3982.99,388.41,0.08748,0.01824,0.05948,0.01147,1381.3,1640.0,22050,2.61,revving,50.4
974,Engine Overheating,-201.8642,22.6395,109.8033,14.3749,-7.4549,8.5767,13.7086,8.6797,-3.5429,5.6249,17.2384,6.536,1.6896,4.9058,11.8671,7.0416,-2.491,6.4702,8.6558,6.0307,-2.8823,5.7863,7.8574,4.3695,-1.6007,4.7164,2358.49,299.0,1524.91,173.02,4332.43,500.7,0.09203,0.01961,0.07828,0.01074,3589.0,1628.1,22050,2.85,revving,51.5
975,Oil Pressure Fault,-181.1485,21.8654,105.5145,14.1898,-9.0096,10.4007,7.3438,7.3604,-7.9421,5.9887,12.342,6.9426,-0.8562,7.5045,10.8373,6.3741,-3.2997,5.5651,10.1029,4.9727,-1.4446,3.165,4.524,4.2374,-2.6128,4.111,2161.71,141.44,1304.31,162.86,4019.44,494.68,0.08466,0.0195,0.05413,0.00977,828.5,1029.1,22050,3.46,idle,67.2
976,Brake System Fault,-168.5626,28.3766,103.383,19.465,-7.4677,11.9875,19.8172,14.1048,-7.5306,7.3224,11.9052,7.4736,-10.1355,7.9989,12.5378,6.0563,-5.3213,5.0559,5.8694,7.3653,-3.6459,7.2824,11.1707,3.2681,-0.6586,4.3528,2573.96,323.81,1594.11,224.65,5093.73,544.4,0.12346,0.03203,0.07471,0.02765,4291.1,1652.4,22050,4.39,idle,55.7
977,Clutch Slip,-190.7442,21.4436,109.237,15.2346,-1.2505,7.6482,11.2505,6.544,-7.5404,7.8804,12.7083,6.8542,-4.7159,6.571,9.626,5.1023,-2.3609,7.4736,9.3115,3.0653,-0.0646,5.562,5.5397,2.0617,-1.5314,2.4656,2026.89,208.29,1320.72,146.1,3610.65,361.39,0.07931,0.01126,0.05374,0.01299,7.2,1161.0,22050,2.71,revving,64.1
978,Healthy,-200.7737,14.9601,109.6297,4.9338,-9.796,8.4145,11.9282,6.5873,-5.2397,6.2035,9.9569,3.4346,-2.4105,3.0906,6.7782,3.5474,-2.6668,3.5343,5.1422,3.1867,-1.9724,3.382,4.1324,2.6018,-0.3967,3.2993,1786.71,160.12,1062.05,150.32,3001.97,317.05,0.06242,0.01283,0.03972,0.00724,97.6,582.1,22050,3.26,revving,56.3
979,Battery Fault,-203.571,19.4201,109.4433,6.1198,-1.2772,6.6467,8.9824,7.2339,-4.0766,3.2852,7.9563,4.5969,-2.6072,2.3769,7.3661,4.7257,-4.358,4.1771,3.8013,5.2996,-0.6469,3.9215,9.3794,2.3419,-3.6683,4.8492,2025.93,233.94,1170.56,151.9,3529.63,332.93,0.07047,0.01535,0.04816,0.00751,163.3,436.9,22050,3.19,load,77.8
980,Brake System Fault,-180.1344,21.3591,97.9371,14.9033,-12.229,11.2476,16.4777,8.782,-10.4188,8.7888,11.6789,8.4808,-3.2096,10.6413,9.9806,3.504,-3.5704,6.3639,7.7482,7.9117,-4.4375,7.9171,6.2761,4.5723,-0.9101,4.2759,2463.83,446.95,1821.53,245.29,5240.54,886.04,0.11848,0.03145,0.08085,0.0177,3696.6,782.9,22050,3.18,idle,73.3
981,Brake System Fault,-163.6701,22.0751,100.3654,19.8315,-9.9807,10.0003,21.5261,8.9242,-11.5478,7.5873,6.3342,11.3721,-7.2484,7.7256,9.4546,5.4403,-0.7286,8.5545,6.4591,6.4298,-4.596,4.3833,3.6982,5.8831,-0.0964,2.7634,2913.5,471.84,1773.81,274.37,5447.69,778.75,0.11936,0.03089,0.07422,0.02361,3965.2,1382.3,22050,3.05,revving,48.0
982,Oil Pressure Fault,-177.1522,22.1752,105.9547,8.5444,-4.0344,9.1586,13.4325,4.8035,-5.3736,8.668,13.6869,5.237,-6.1747,6.1175,9.9951,4.6493,-0.7753,5.0933,6.6474,4.7848,0.6749,4.9475,4.6078,3.7984,-4.2652,5.1769,1992.11,260.43,1246.19,203.69,3881.29,404.59,0.08644,0.02006,0.06179,0.01016,783.9,869.3,22050,4.18,idle,70.1
983,Battery Fault,-185.6764,15.8357,116.1491,9.5096,-10.2089,6.1439,12.3756,4.1137,-5.0012,6.2778,6.3358,5.3619,-2.0701,3.2211,7.4053,5.4422,-3.6099,5.1257,2.7137,3.8967,-3.0721,4.8461,7.9521,5.1018,-2.5824,4.6084,1975.73,224.82,1174.04,132.33,3291.77,290.31,0.07343,0.009,0.04947,0.0082,152.4,943.2,22050,4.28,idle,57.5
984,Engine Overheating,-193.3742,27.2409,106.9074,10.5822,-13.6832,8.0818,16.0766,6.8049,-7.104,7.2733,12.0955,6.1636,-1.4156,5.5327,9.621,5.6844,-6.0404,7.3662,6.6445,5.8159,-2.9532,5.3518,5.9411,3.582,-4.4982,3.9516,2505.93,361.43,1355.17,196.96,4370.86,416.76,0.09399,0.01911,0.07517,0.01702,3443.1,749.2,22050,4.19,revving,68.8
985,Battery Fault,-200.3326,18.0298,113.144,9.7174,-8.4044,6.2903,11.9987,4.931,-2.5358,3.2776,7.078,5.9794,-1.6891,3.7472,5.736,4.6204,-4.3305,5.5333,4.3413,3.8838,-1.526,4.2653,6.2672,3.3062,-2.6151,4.1682,1926.55,132.17,1152.66,150.64,3429.42,303.0,0.07557,0.01204,0.05099,0.01127,98.6,481.5,22050,4.39,revving,72.6
986,Battery Fault,-193.293,14.2977,114.9434,9.645,-11.2122,8.2003,8.9334,6.2647,-4.399,5.6151,8.6698,5.585,-0.3242,4.1808,9.4825,7.688,-6.0635,3.9865,5.9174,3.6541,0.4673,1.851,6.8443,3.5717,-5.5459,5.2124,1904.87,274.17,1153.6,110.94,3251.22,283.99,0.06911,0.00989,0.05068,0.0107,173.8,1111.3,22050,3.67,idle,54.4
987,Battery Fault,-198.2539,15.4927,118.9482,10.2702,-10.5043,7.9163,11.1259,6.4391,-3.6948,5.6597,11.4423,4.3219,-2.3037,4.5065,11.0757,5.5909,-6.6729,5.147,2.4406,4.1173,-3.2236,5.0183,8.0995,3.8825,-3.9691,3.6579,1938.86,210.28,1251.98,183.65,3502.47,267.34,0.07286,0.01218,0.05119,0.00941,174.2,886.1,22050,4.41,idle,76.5
988,Brake System Fault,-183.477,16.544,108.3533,22.3891,-13.7204,8.2453,16.0245,7.2561,-4.837,6.5575,14.3043,7.607,-10.1905,9.1154,10.1232,6.5659,-1.251,6.7983,9.8173,4.89,-1.6361,6.4964,5.8996,4.8462,-1.2967,5.1988,2697.26,408.72,1630.46,360.67,4993.07,601.19,0.11364,0.02695,0.08371,0.02223,4484.5,1676.0,22050,3.72,load,72.4
989,Clutch Slip,-189.774,16.531,117.1404,18.2212,-6.3809,6.9313,12.4438,8.7859,-4.612,6.7419,8.6376,7.7738,-3.8432,4.6666,6.2289,2.7248,-2.0599,3.2805,5.6829,6.0489,-2.7868,4.3631,4.3622,3.8886,-2.2731,3.7494,2070.41,215.07,1267.42,178.12,3813.95,223.47,0.08115,0.01033,0.0479,0.01161,31.6,2240.5,22050,4.16,load,72.7
990,Clutch Slip,-197.6336,13.8129,106.8161,14.4005,-5.1638,7.5896,11.3882,7.3768,-7.4808,5.0439,9.7519,5.3146,-3.628,3.5801,5.1083,5.6921,-4.8119,6.3353,4.6462,3.9744,0.2142,4.1327,4.0293,3.5898,0.8453,3.3234,1949.38,252.78,1163.96,135.3,3631.77,244.61,0.0672,0.01746,0.05329,0.01395,16.8,2178.4,22050,4.0,idle,64.0
991,Battery Fault,-186.3004,12.0081,110.1292,12.268,-14.2145,5.1348,10.4166,5.5742,-4.2958,4.8935,7.558,6.4735,-0.7085,4.6843,5.5696,4.6344,-3.7094,4.2607,4.4239,3.1134,0.0364,3.5788,6.432,3.6112,-4.1465,3.1721,1868.95,175.76,1110.41,124.39,3417.94,287.34,0.07217,0.01487,0.05215,0.01211,162.0,497.1,22050,3.54,revving,74.9
992,Clutch Slip,-183.5089,14.821,101.6959,12.0616,-10.2292,10.1213,14.7681,6.375,-7.0891,4.2272,8.2644,5.817,-2.0074,5.4027,10.1152,5.9818,-4.7121,6.6768,4.8359,3.6135,-3.6339,3.3721,7.6239,2.6632,-1.1987,2.9874,1953.61,218.4,1268.3,125.14,3670.8,351.65,0.07956,0.01109,0.05596,0.01441,16.5,1864.7,22050,3.8,idle,65.8
993,Clutch Slip,-197.4283,12.2823,111.7598,11.7889,-3.6441,8.0152,9.2945,4.6329,-6.4442,4.8938,8.191,5.3346,-5.3173,4.6284,8.708,4.9984,-4.2998,5.8345,4.5565,4.5968,-1.3655,4.2278,5.5476,2.7371,-1.331,3.8075,2013.2,215.91,1261.89,161.91,3383.53,308.13,0.08162,0.02139,0.05221,0.00904,28.5,1986.8,22050,3.53,revving,63.5
994,Oil Pressure Fault,-185.6332,17.987,106.0197,12.4311,-3.4524,5.7962,17.2564,8.2805,-10.1016,8.5153,7.8989,5.1439,-1.3074,6.0001,7.9197,4.7366,-4.2726,5.6981,6.2751,3.9907,-2.1733,3.7431,3.8186,3.4806,-0.9715,3.8275,2210.22,286.33,1365.03,198.22,3803.71,387.25,0.08401,0.01624,0.05695,0.01212,980.2,871.3,22050,3.79,idle,71.1
995,Healthy,-190.8131,14.1212,112.5454,10.4962,-8.816,6.6116,13.1569,4.6939,-6.9164,5.1919,12.336,3.8465,-4.0944,3.6671,7.3032,2.8391,-2.0509,3.0162,5.597,2.9741,0.5832,2.2599,4.8148,3.3175,0.143,3.6439,1750.79,198.23,1025.43,104.51,3091.94,266.75,0.05912,0.01471,0.04668,0.0112,47.0,1332.6,22050,4.29,load,76.6
996,Oil Pressure Fault,-187.3243,17.4929,112.0364,15.6892,-8.1551,10.9208,16.8835,7.917,-6.9265,8.4718,12.7641,4.0891,-6.1901,6.8659,7.1285,4.326,-2.2645,6.1507,8.957,6.5819,-2.1098,3.9345,3.0447,4.4171,-0.1713,3.8917,1979.03,225.76,1319.75,204.71,3946.98,486.42,0.07614,0.01189,0.05521,0.01425,1503.8,458.4,22050,2.76,idle,50.6
997,Battery Fault,-188.8195,8.2771,112.5266,5.7849,-7.9755,7.5005,12.9953,5.3064,-4.3763,4.2337,8.1115,4.0792,-3.1473,3.0367,10.3733,4.937,-3.6145,4.0224,4.6205,3.2198,-0.1201,3.4068,5.4422,4.7769,-3.3131,3.8685,1925.0,189.2,1216.85,173.49,3339.46,288.31,0.08133,0.01225,0.0497,0.0096,183.8,734.8,22050,3.26,load,52.8
998,Healthy,-198.9096,8.7199,113.6858,9.3099,-7.3832,1.7579,9.1958,3.906,-5.4657,4.5713,12.7183,3.4439,-1.4037,3.2106,7.5377,3.2463,-1.0539,2.9336,4.1229,2.6959,-0.9491,2.5235,2.2423,3.876,-0.8242,2.4361,1769.2,177.91,1058.38,121.52,3039.88,270.06,0.05695,0.01318,0.03343,0.01251,78.6,762.0,22050,4.12,revving,51.2
999,Oil Pressure Fault,-189.4778,21.0364,111.2798,10.0883,-7.1964,7.095,14.7178,8.4244,-6.8726,6.7766,11.4231,6.0331,-5.8073,7.2355,8.3453,4.8665,-5.3355,5.5612,7.361,4.9175,-1.8534,5.0363,4.1389,4.708,-1.4147,4.0935,2009.46,211.96,1364.3,204.3,4048.23,375.2,0.07848,0.01273,0.06632,0.00988,1280.4,325.8,22050,4.23,load,70.5
1000,Battery Fault,-189.8371,13.3242,117.0166,14.0505,-6.1816,5.3374,12.7306,5.1962,-4.5173,4.7163,8.5144,4.8693,-3.3702,4.4575,10.4779,4.5989,-7.0982,4.7772,4.291,4.3364,-0.5067,3.3871,8.9824,5.3887,-1.8359,3.9165,1927.63,229.34,1255.77,92.25,3450.07,336.53,0.07956,0.01081,0.04876,0.00909,149.4,1228.9,22050,4.08,revving,51.0
1001,Oil Pressure Fault,-192.1709,20.3948,110.791,16.16,-6.4203,7.7146,12.999,6.5603,-7.074,6.7778,8.5719,5.4382,-3.2467,6.2419,5.8815,4.719,-1.2366,4.6266,5.4382,5.4688,-0.379,4.6032,4.587,3.5644,0.7668,3.265,2072.3,263.89,1422.26,160.9,3900.7,273.18,0.09391,0.01056,0.05051,0.013,804.8,461.2,22050,3.5,load,58.4
1002,Healthy,-202.9603,10.1461,108.0316,10.1259,-7.5814,7.1056,15.4811,4.6601,-2.5653,5.1455,7.9242,4.7091,-1.5262,3.5942,7.1121,2.6146,-1.8683,2.0334,5.4282,3.3021,-0.3408,2.8466,4.9875,4.301,-0.4617,3.7357,1811.78,174.28,1065.97,115.6,3153.88,217.6,0.05844,0.01066,0.04033,0.01239,62.6,715.4,22050,3.89,idle,57.7
1003,Oil Pressure Fault,-189.0652,22.1457,106.3866,16.1685,-9.6203,11.363,21.0826,5.819,-6.6807,6.5313,11.7527,6.1692,-3.5385,6.5204,6.9264,5.9212,-4.0908,5.5329,8.1127,4.2664,0.1768,3.7314,5.6905,3.602,-0.2968,3.9734,2039.05,260.1,1395.53,155.8,3771.9,285.79,0.08126,0.01359,0.04948,0.01324,1062.5,1214.8,22050,3.04,load,73.8
1004,Brake System Fault,-179.6864,16.9716,100.8575,17.3105,-10.9402,8.6991,19.1973,10.1607,-8.0334,11.588,11.1073,6.2181,-2.0442,8.5984,5.8411,4.2206,-0.7478,5.9826,9.2918,8.8703,-5.6862,7.282,6.4726,4.4714,-1.2364,6.1176,2738.17,366.98,1686.54,280.18,5137.08,532.98,0.10991,0.02776,0.07996,0.0214,3400.7,675.7,22050,3.93,revving,60.8
1005,Brake System Fault,-187.1535,25.9079,91.2756,19.2621,-16.1468,9.1311,14.9078,4.4684,-6.7006,9.9988,12.8053,11.6613,-4.2831,6.6315,13.1298,7.1914,-6.4448,5.5397,11.6222,3.9962,-5.186,5.645,8.015,4.856,-0.082,6.8095,2651.33,406.77,1793.02,320.44,4972.28,703.34,0.12373,0.02812,0.08457,0.013,2705.7,1493.1,22050,3.16,load,61.5
1006,Healthy,-198.1018,13.2078,109.9271,11.0636,-9.2011,7.6257,15.1174,4.4825,-4.0288,5.5485,9.4671,2.1526,-2.9316,3.3045,4.9416,2.7764,-0.8534,3.6319,4.1008,3.6362,-1.5135,3.8028,4.3142,2.4464,1.6164,4.1949,1853.35,211.65,1033.37,153.05,3094.66,285.92,0.05225,0.01094,0.04034,0.01501,105.1,740.7,22050,2.63,load,58.0
1007,Engine Overheating,-166.3191,18.5808,106.5664,14.3757,-10.9235,9.1705,10.6674,8.4378,1.4716,5.958,8.2585,6.6525,-5.5728,5.4875,11.5547,5.7581,-8.7871,4.96,10.4748,5.3372,-5.1569,5.9285,4.6722,4.2169,-0.3764,5.1202,2490.66,368.6,1467.5,220.02,4285.46,610.32,0.08892,0.02086,0.05927,0.01173,2856.7,865.7,22050,3.93,idle,59.2
1008,Battery Fault,-194.3081,15.7623,123.3127,9.9547,-9.5858,8.1491,12.9518,3.4298,-3.8098,5.0696,8.5599,4.0239,-1.9224,4.2819,11.4082,3.8455,-4.3355,4.7001,5.2389,4.8025,-4.1136,4.11,4.3955,3.626,-3.8268,3.4914,2065.82,236.9,1165.49,171.08,3381.44,299.15,0.07061,0.01471,0.0498,0.00895,135.3,1424.3,22050,2.88,load,74.7
1009,Oil Pressure Fault,-192.7798,21.8366,104.0362,11.4098,-9.5581,6.8443,17.9732,4.5721,-4.2701,5.8572,8.1675,5.713,-11.4171,7.3851,9.3947,5.4191,-5.2567,5.8158,7.7548,5.244,-1.1134,4.7633,6.5104,5.1293,0.1251,4.1259,2170.11,222.71,1357.42,176.16,3895.62,345.78,0.08226,0.01454,0.05977,0.01382,1196.3,723.4,22050,3.91,idle,53.7
1010,Clutch Slip,-189.369,16.3955,99.2714,10.6923,-1.465,8.4219,12.6859,8.2304,-9.713,4.8788,13.1442,4.9154,-2.3774,5.1016,8.8433,7.8886,-0.6981,5.1145,6.9745,4.7314,0.1881,4.3098,4.0554,3.3153,-0.8049,3.4611,1925.54,238.7,1256.88,158.35,3476.31,316.57,0.08001,0.0094,0.06127,0.01154,46.9,1833.2,22050,3.03,idle,67.7
1011,Healthy,-196.7111,15.4138,110.211,10.0848,-7.118,6.9235,11.575,5.5291,-6.5976,5.5731,6.4267,3.6552,-1.7915,2.3956,5.9551,2.2459,-1.5993,2.4798,3.2712,2.7516,-1.2256,2.213,0.9856,3.1099,-0.3482,3.5978,1820.97,191.02,1084.48,140.33,3103.08,297.73,0.05671,0.01363,0.0531,0.0117,81.0,816.9,22050,3.23,idle,71.4
1012,Brake System Fault,-169.2832,34.8501,102.8049,15.6664,-10.0553,8.5509,18.2362,10.1453,-3.1116,6.3161,14.49,9.396,-9.3209,7.8447,11.6139,8.0136,-4.2293,7.6762,6.0266,5.1779,-2.5545,5.9827,9.717,6.3242,-1.2308,5.576,2959.04,397.87,1764.43,277.47,4767.67,705.12,0.11445,0.0171,0.08408,0.02249,3530.5,988.6,22050,4.12,revving,73.3
1013,Engine Overheating,-174.5129,17.9879,105.373,16.7281,-11.9759,9.6769,9.3959,5.7001,-1.076,6.2046,12.8324,9.2056,-3.2218,6.3612,10.4501,5.7007,-7.5339,4.4916,7.1606,2.6217,-3.6578,5.0396,3.7199,3.2298,-3.2115,4.2224,2340.73,334.93,1510.12,259.62,4461.26,482.54,0.09215,0.02151,0.06898,0.01784,2474.8,1388.4,22050,3.23,revving,63.4
1014,Healthy,-189.2763,13.4466,112.1592,8.0292,-3.842,6.0286,13.2345,4.3124,-2.7369,3.2737,11.9567,2.852,-0.5276,4.1163,7.7138,2.4517,-1.7174,3.136,4.2508,2.5095,-0.6876,2.433,4.9348,2.5923,-1.9588,4.225,1878.87,171.27,1039.17,87.22,2960.69,308.07,0.06307,0.00896,0.04011,0.00968,100.1,923.3,22050,2.95,load,64.9
1015,Healthy,-192.6036,9.6695,107.3852,5.8387,-6.6236,8.2133,12.7458,4.5569,-6.4936,5.5618,7.7835,4.0051,-3.9124,2.942,7.8175,2.8212,-3.8567,2.0299,4.4046,3.6052,-2.3919,2.2482,2.7621,2.4542,-1.781,2.8464,1715.74,161.31,997.91,115.61,2995.13,277.37,0.06036,0.01876,0.03969,0.01057,155.4,547.5,22050,3.89,revving,58.7
1016,Engine Overheating,-175.9374,18.3575,105.617,13.8495,-9.5867,10.4717,12.1254,8.8975,-3.1161,7.5285,5.7457,6.8185,0.8244,4.5219,9.3226,6.8463,-3.8647,5.434,8.3063,5.9509,-1.5531,4.7845,3.9033,4.0834,-3.014,5.1664,2557.79,314.39,1492.72,217.85,4264.22,508.05,0.08709,0.01867,0.07943,0.01784,2831.8,1259.0,22050,2.55,revving,59.7
1017,Brake System Fault,-169.8733,25.786,103.3256,11.1859,-13.4614,13.2003,9.5665,11.972,-9.0586,11.7188,10.1185,7.4545,-8.6298,7.1921,11.1494,6.7116,-6.0389,7.8237,5.2855,6.1982,-3.8982,4.3314,6.2744,3.9613,-1.1647,4.1634,2690.64,385.53,1836.73,326.15,5379.85,784.72,0.09663,0.02583,0.07955,0.02219,3297.0,514.4,22050,3.24,revving,64.0
1018,Brake System Fault,-158.488,25.1467,103.575,18.286,-7.4215,11.8085,17.7437,13.7227,-7.7924,11.4821,12.7246,7.1095,-3.7667,5.5148,11.3297,7.5355,-4.775,5.5459,9.4561,5.0586,-4.4917,6.4049,8.8042,7.056,-2.0071,4.3811,2707.13,448.35,1816.19,364.79,5003.14,637.62,0.10748,0.01517,0.08093,0.01172,3469.5,1244.0,22050,3.29,load,64.2
1019,Engine Overheating,-185.55,19.9489,104.8501,12.6363,-11.4931,7.8942,9.5537,9.5037,1.1982,9.0601,5.9344,6.6001,-2.6229,7.5618,10.7376,4.7426,-7.0585,7.4823,7.7152,6.0916,-5.8434,4.9722,9.4807,3.8527,-0.5854,3.5307,2375.8,346.94,1539.0,211.05,4183.42,532.45,0.10235,0.01901,0.06655,0.01632,2636.6,1227.1,22050,2.52,idle,69.4
1020,Engine Overheating,-174.7009,16.5001,101.7577,16.8834,-12.5628,8.7852,8.6557,9.1092,-6.397,5.1342,10.9911,6.7436,-0.9169,7.0007,9.0986,5.385,-5.8799,5.7137,7.7139,5.011,-2.5603,6.1305,8.514,5.1503,-2.4285,3.8247,2639.3,285.11,1515.58,247.95,4335.52,425.94,0.09734,0.02017,0.05906,0.01765,3104.6,1119.1,22050,3.85,idle,66.7
1021,Oil Pressure Fault,-190.0705,10.6506,106.2979,13.8641,-5.6879,8.7523,11.4523,7.4873,-7.9528,6.6332,13.678,4.2525,-6.2559,5.3754,11.9949,4.1131,-2.1976,3.8093,3.9863,5.9643,-0.8202,3.5937,2.7214,4.4291,0.2025,3.8296,2134.87,246.31,1345.84,173.17,3847.18,370.22,0.08275,0.01614,0.05955,0.0099,630.3,1081.2,22050,4.41,load,58.2
1022,Oil Pressure Fault,-190.6401,18.4971,102.5168,14.5489,-3.0987,8.0575,14.1225,6.8598,-8.8993,6.2065,12.925,5.8382,-7.5726,6.8534,4.5771,5.1259,-1.7137,5.0412,9.5059,4.8599,1.3813,4.5826,6.7414,3.5911,0.6944,4.4944,2158.98,226.01,1352.48,187.76,3896.67,446.63,0.07661,0.01771,0.06039,0.01395,1588.0,1313.8,22050,3.75,revving,54.9
1023,Clutch Slip,-187.8773,16.2083,102.2848,11.0027,-1.1588,9.4804,9.0939,7.3608,-8.5319,7.3479,11.3182,6.625,-4.3942,4.1769,8.6927,5.3312,-4.9113,2.8421,5.075,5.5806,-4.9777,3.8939,8.1177,3.5829,-0.4624,3.191,2137.93,167.09,1208.79,140.86,3662.93,324.17,0.08282,0.01126,0.05629,0.01205,45.8,1697.6,22050,3.32,idle,51.2
1024,Brake System Fault,-162.1153,21.468,103.9646,14.3391,-15.8068,11.5761,13.3399,13.7895,-3.3988,11.3678,14.226,8.2341,-5.2185,5.3202,11.4654,8.2295,-8.2342,5.9249,2.8587,7.1783,-2.4455,7.4393,3.9462,3.363,-3.3659,4.8081,2846.16,471.81,1728.44,315.9,5158.77,766.19,0.11733,0.02238,0.07472,0.02302,3608.2,348.7,22050,4.17,idle,52.6
1025,Oil Pressure Fault,-184.4457,18.3626,114.1818,15.5216,-4.7144,7.8178,13.3749,10.764,-8.9129,6.9122,10.189,6.1782,-4.1469,4.2328,9.0053,4.6154,-2.4852,4.6865,6.7156,4.5116,-1.9519,3.5993,2.5603,4.1657,-0.9609,4.9022,2109.15,249.17,1468.19,176.86,3902.54,451.7,0.08321,0.01492,0.05359,0.01293,1526.1,1254.4,22050,3.35,idle,69.3
1026,Engine Overheating,-183.8444,17.2806,102.7023,12.7868,-8.6537,10.2543,7.6606,6.8058,-3.5885,6.8032,8.4624,7.93,-1.185,6.953,8.687,6.2866,-0.9714,6.6226,7.9691,3.8717,-0.7985,7.2016,5.7601,4.1732,-0.2404,4.2067,2511.45,286.48,1595.14,208.33,4405.16,372.69,0.08599,0.02282,0.06562,0.01691,3160.1,1347.5,22050,3.24,idle,67.8
1027,Engine Overheating,-172.7417,20.3995,100.1343,15.2777,-10.6198,9.4414,10.112,9.1313,-2.9353,7.1,11.3292,5.5354,-0.0562,7.2939,12.6665,6.1209,-3.102,7.0152,9.184,3.7089,-0.918,4.3542,5.8639,5.3054,-2.7101,3.2298,2393.33,314.38,1527.04,190.78,4142.45,524.7,0.09264,0.0196,0.0689,0.01493,2635.3,1079.9,22050,2.92,idle,70.4
1028,Oil Pressure Fault,-192.7352,13.6111,105.1583,17.0214,-7.796,10.3348,16.4931,9.0843,-10.1623,6.4383,10.7503,5.8182,-4.1786,3.9848,4.4752,4.5015,-2.4946,5.8699,5.7611,4.3585,0.2802,4.7978,5.0368,4.618,-2.3175,3.8869,2134.01,278.8,1213.66,205.06,3775.11,464.64,0.0827,0.01668,0.05926,0.01557,990.6,1747.0,22050,2.81,revving,63.3
1029,Brake System Fault,-165.4775,31.1948,102.2613,17.8355,-13.6102,10.3307,11.0781,12.7834,-8.7643,9.9885,11.281,7.6443,-6.5291,5.8393,10.8661,9.6175,-4.1193,8.5402,8.0951,4.8925,0.7692,5.4897,4.6029,4.9552,-1.1053,6.1994,2897.34,396.16,1748.03,237.6,4738.08,744.73,0.11189,0.03464,0.08479,0.01259,2829.1,538.9,22050,3.51,idle,52.1
1030,Battery Fault,-194.3733,12.5857,112.7335,10.956,-2.8493,6.2528,10.8772,5.4746,-5.5394,3.5584,9.3609,5.193,-2.9184,2.9386,12.4829,5.9544,-3.6015,4.2426,4.1716,4.5035,-1.673,4.1609,6.5899,3.0964,-3.417,4.1504,1933.3,184.52,1229.37,134.43,3302.51,374.79,0.0744,0.01029,0.04573,0.01195,132.3,975.7,22050,3.06,load,63.7
1031,Clutch Slip,-193.0607,19.4063,107.7091,10.3882,-4.8844,6.3308,15.4676,7.6298,-3.7648,6.0571,11.3417,6.1542,-1.4281,3.8529,9.0688,2.9878,-2.5962,4.5029,3.9359,4.5538,-2.3529,2.9939,7.0681,3.198,-0.3062,5.0742,2146.2,132.62,1231.72,127.44,3692.32,341.41,0.08657,0.01694,0.05374,0.01214,33.1,1856.1,22050,4.03,revving,57.0
1032,Brake System Fault,-194.3508,26.5619,103.3889,15.9126,-14.4911,8.0186,23.2275,13.7476,-14.0589,11.279,10.52,6.9358,-3.218,8.3133,15.2256,8.3498,1.0985,7.5314,8.8429,4.6832,-3.8468,8.5886,5.7937,5.1417,-0.6801,5.3287,2768.32,338.27,1767.44,252.79,5117.76,535.35,0.10174,0.0215,0.07165,0.02164,3015.6,880.2,22050,3.18,revving,77.0
1033,Healthy,-198.4163,12.7598,110.1319,7.6686,-4.8905,5.6327,14.6431,6.1666,-4.3942,5.7131,8.9958,2.4347,-0.5932,3.2516,5.5571,2.9996,-2.1461,2.2187,6.5652,3.1607,-0.2692,2.899,4.0395,3.0219,-1.4139,2.8098,1733.79,160.85,1092.86,109.84,3156.14,262.98,0.05884,0.01374,0.03497,0.01107,107.4,870.9,22050,3.02,idle,67.1
1034,Engine Overheating,-186.7482,18.0009,101.4013,14.6685,-10.9826,9.7414,9.4976,9.2627,-1.1918,7.2951,7.7397,7.2574,-2.0125,5.2486,8.9818,5.0068,-5.2233,8.5472,6.902,5.2916,-5.2506,3.9812,4.7764,3.8918,-3.1688,4.2883,2282.52,337.9,1444.45,223.6,4274.5,513.77,0.09036,0.01982,0.06586,0.02506,3017.8,852.5,22050,2.77,idle,52.1
1035,Healthy,-202.7483,13.9655,108.0227,11.7759,-11.3806,7.6827,12.9466,5.3802,-6.0356,3.6614,8.4561,3.1114,-3.4044,3.4702,7.4687,3.3783,-1.1332,3.0699,6.5452,2.2449,-2.0179,4.182,1.0415,2.3758,-1.841,2.6139,1792.97,180.01,1058.71,114.98,3056.33,229.61,0.06413,0.01783,0.0472,0.01255,73.4,924.5,22050,3.37,revving,50.7
1036,Brake System Fault,-180.1606,20.5326,110.0266,18.4448,-13.1573,14.2176,12.5246,12.6301,-6.508,12.5935,15.0525,7.8944,-4.6661,5.893,5.7381,6.5934,-0.7683,4.882,6.212,7.6869,-6.8603,5.2682,7.31,6.0792,-2.5158,4.8481,2630.18,378.36,1693.34,276.68,5149.63,632.35,0.12251,0.02725,0.08974,0.0209,3527.3,820.7,22050,3.92,load,52.0
1037,Battery Fault,-180.5469,15.3518,112.6738,13.7251,-2.2588,8.6722,9.3141,6.1491,-5.2041,2.6143,8.4883,3.5835,-1.5791,3.408,9.0273,3.9208,-6.4077,2.54,4.4379,4.3012,-1.4761,1.9965,8.0502,4.873,-4.172,4.535,1913.74,218.59,1186.89,124.9,3243.16,338.22,0.07474,0.01504,0.04751,0.00937,203.1,1095.7,22050,3.06,load,55.9
1038,Healthy,-198.3246,14.3317,112.8525,10.0221,-10.3191,4.5402,16.8684,3.601,-4.1091,5.0858,8.7635,2.1536,-2.6188,2.8768,6.6965,3.0426,-2.0541,3.849,6.2905,3.4847,-2.1156,3.4625,4.6878,3.1315,-2.7858,3.4788,1799.39,142.43,1042.06,107.49,3004.21,324.64,0.05961,0.01692,0.03988,0.01054,57.2,770.5,22050,3.23,load,65.8
1039,Engine Overheating,-187.105,20.2481,101.9923,13.3447,-9.888,8.5675,8.681,8.6938,-5.3987,3.9643,9.7666,8.7406,2.539,6.0142,9.4738,4.024,-8.3765,5.6896,8.0383,5.7321,-3.6066,4.9189,6.4752,2.3599,-3.8946,3.9793,2574.71,401.22,1625.42,211.63,4084.12,486.93,0.1087,0.01769,0.06352,0.01797,3547.0,852.9,22050,2.94,idle,72.3
1040,Brake System Fault,-173.236,20.0137,87.0932,20.6086,-12.7403,10.189,19.4714,11.8113,-11.3952,10.8825,11.6103,6.5132,-2.9334,4.8853,12.0287,6.6638,-4.617,6.3464,4.6392,5.9633,-6.3479,7.1154,1.9558,4.4237,-0.3087,2.7649,2709.73,395.86,1791.48,246.33,4967.15,709.38,0.12863,0.02923,0.076,0.01952,3648.9,535.2,22050,3.43,idle,66.3
1041,Engine Overheating,-184.1052,17.6695,107.4308,14.1361,-12.28,8.6786,9.0789,8.5226,-4.4671,6.7009,13.5172,8.0594,2.6476,5.9971,7.8489,4.0464,-6.615,6.0143,8.8861,5.6774,-5.5625,5.0667,6.9051,3.3327,-3.063,4.5882,2494.12,329.72,1441.7,265.1,4384.46,516.72,0.09319,0.02029,0.06769,0.01981,1847.3,1455.2,22050,4.11,load,73.1
1042,Healthy,-202.7469,16.3859,116.4901,7.8074,-6.0942,5.8295,15.9654,4.8354,-4.7461,5.256,9.0592,5.5322,-3.1644,3.0113,6.9002,3.2901,-1.6227,2.9622,4.1378,2.5854,-1.4662,1.9171,5.0466,3.6264,-0.7218,2.2024,1776.01,232.16,1004.13,97.15,3126.69,241.36,0.05793,0.0158,0.04694,0.01194,53.5,1147.4,22050,2.8,idle,60.7
1043,Brake System Fault,-182.8099,24.0753,95.1987,18.3309,-18.8428,11.6552,19.9317,10.1414,-8.7052,8.4101,10.7649,6.8409,-6.233,7.4605,8.6304,5.8913,-5.6326,8.0493,6.0154,5.469,-5.3758,6.7225,9.4355,4.9095,-1.0009,3.8728,2612.2,538.3,1764.88,242.13,4846.39,779.72,0.10164,0.02693,0.08227,0.02114,1488.1,1053.0,22050,3.49,revving,56.9
1044,Clutch Slip,-194.6541,15.3289,118.0186,12.3374,-4.5823,9.9912,7.9411,6.3788,-5.1174,6.6562,12.2383,6.4642,-4.9367,5.9726,9.712,4.2122,-2.1045,6.1137,6.5203,5.1584,-4.0103,5.7046,5.1435,3.7806,0.4382,4.1188,2106.65,238.9,1248.69,163.58,3595.95,331.77,0.08004,0.01424,0.05416,0.01292,52.9,1602.5,22050,4.26,revving,62.2
1045,Healthy,-200.1381,12.623,106.3633,9.0276,-7.0008,9.1146,13.8382,6.3122,-6.3759,4.8222,9.426,3.7927,-2.7472,3.3554,7.6776,2.6515,-0.8194,2.1119,4.5682,3.1796,-1.0271,2.9992,4.195,2.5465,-1.2748,3.5657,1755.99,179.78,1086.43,149.37,3102.45,352.58,0.06845,0.01339,0.04467,0.01046,16.1,818.3,22050,2.59,load,70.8
1046,Engine Overheating,-172.5156,23.4819,104.9478,11.6183,-11.2134,8.8419,7.6159,8.4743,-3.3831,7.7848,9.9954,5.5914,-0.0853,7.2158,6.9275,7.264,-0.8557,6.4037,7.0294,5.0828,-2.0305,4.1066,7.5886,5.0108,-0.9329,4.722,2632.12,276.6,1387.56,240.86,4292.93,537.1,0.08361,0.02203,0.06087,0.01619,2425.4,1351.9,22050,4.37,revving,52.4
1047,Clutch Slip,-183.4593,20.5193,106.0877,6.1874,-6.5588,7.2043,13.7263,7.419,-6.5996,5.9469,8.8607,4.7257,-0.3582,5.1354,7.6307,3.7816,-7.0109,4.381,6.4197,5.6623,-1.0659,3.6457,6.186,3.3604,-0.6998,2.6383,2058.58,238.19,1214.57,168.78,3833.3,310.21,0.06913,0.01326,0.06002,0.011,41.1,1305.9,22050,2.68,revving,56.1
1048,Engine Overheating,-182.9987,22.1463,106.9468,9.5644,-14.3499,9.6726,7.0642,5.3421,-2.8336,8.2441,10.8283,5.3391,-1.4876,7.9789,8.7807,6.7547,-3.0774,6.2357,8.6905,5.9546,-2.0478,5.9392,8.9406,3.6265,-0.3445,4.13,2440.1,331.99,1572.45,261.92,4230.3,528.2,0.1,0.02736,0.05308,0.01889,2696.3,1177.1,22050,3.16,revving,63.0
1049,Oil Pressure Fault,-184.8069,21.04,109.2903,15.2465,-6.5222,9.274,11.9401,8.0985,-3.7763,5.7524,12.9497,6.6051,-7.0421,5.7249,5.4134,5.1898,-3.3521,4.7021,9.4066,5.887,-1.8635,4.3302,3.4522,4.2294,-0.6295,4.6728,2092.41,245.49,1344.34,202.35,3713.58,540.77,0.08483,0.01061,0.05999,0.01211,671.6,864.6,22050,3.88,revving,74.3
1050,Brake System Fault,-165.2808,25.9042,92.0374,18.1933,-17.3323,12.3754,22.6286,13.7313,-8.5464,6.7947,16.8389,8.9392,-8.0839,6.5515,7.7703,8.59,-5.6584,6.6018,8.3519,8.0494,-0.3318,5.5986,8.3457,4.5162,-4.0253,7.0331,2925.2,408.29,1766.19,323.58,5017.07,619.53,0.1258,0.01689,0.07777,0.02487,1934.8,1266.7,22050,2.82,revving,63.3
1051,Healthy,-195.9524,9.031,112.7201,6.206,-8.553,5.1126,14.2308,6.1502,-4.5805,3.6075,11.2162,4.2497,-1.6832,2.3268,6.9132,1.7083,-0.9527,2.6053,6.4499,2.6845,-2.6138,3.4018,5.0532,1.8563,-2.0383,2.9022,1778.7,177.22,1047.89,111.76,3126.91,257.37,0.06438,0.01321,0.05032,0.01217,50.5,1518.5,22050,3.78,load,52.7
1052,Oil Pressure Fault,-182.7827,22.3528,109.3328,12.8364,-4.7495,9.4965,15.7295,5.702,-5.2862,4.6047,13.2064,5.5933,-3.5371,3.8615,8.7222,5.1555,-3.239,4.7485,6.1289,7.2079,-3.5439,5.5181,3.9879,2.5165,2.8388,4.153,2161.17,245.36,1243.41,197.85,3801.28,545.56,0.08756,0.01527,0.05833,0.01178,1036.6,1181.2,22050,3.0,revving,66.4
1053,Oil Pressure Fault,-183.1238,22.2796,105.2917,11.6616,-5.3113,12.0835,10.9302,8.2297,-7.3362,7.7168,9.9816,4.9405,-3.7846,4.4803,9.0956,5.5234,-1.6738,4.4584,7.7711,4.0752,0.0362,4.9784,3.7303,4.6268,-0.4635,3.0129,2143.94,241.56,1427.93,176.71,3833.73,346.99,0.08311,0.01807,0.05408,0.01125,940.4,744.5,22050,4.02,idle,76.3
1054,Healthy,-198.494,18.2255,111.437,10.7525,-6.5917,5.8002,14.5241,5.1748,-5.6139,5.6926,11.1788,5.2804,-3.2616,4.0986,7.3183,2.0103,-1.3661,4.127,2.7506,3.1551,-1.2259,3.3567,4.4578,2.4734,-1.5529,2.5428,1856.94,140.11,1071.8,144.83,3116.03,377.3,0.06426,0.01796,0.03969,0.0124,6.7,1171.2,22050,2.55,load,68.0
1055,Brake System Fault,-175.1934,19.3632,98.7039,15.8317,-14.5087,10.935,18.3171,10.7201,-10.5405,9.2385,11.7506,8.6002,-7.5226,8.325,9.2946,5.9214,-2.7433,5.6523,4.1181,8.4636,2.9957,3.4801,7.4881,5.3885,-2.2111,5.5692,2747.98,382.84,1646.44,285.66,5356.86,775.4,0.11233,0.02529,0.07973,0.01352,3839.2,1230.9,22050,3.88,idle,49.4
1056,Battery Fault,-202.5245,18.5367,113.2715,8.9325,-6.0285,7.6165,12.7689,6.594,-5.5562,4.7352,7.0349,4.3449,-3.4633,2.6251,7.3577,4.8379,-2.9922,2.9634,2.6901,3.3254,-1.5742,5.1898,5.5808,4.6607,-4.13,3.6219,1997.47,218.81,1214.84,103.35,3310.56,269.4,0.07419,0.0104,0.04728,0.00873,96.3,1104.5,22050,4.18,load,67.8
1057,Engine Overheating,-182.154,16.618,107.5597,9.6053,-13.3161,7.811,11.0264,6.9908,-4.161,8.1603,15.5886,5.7246,1.0594,6.7622,8.9489,7.4541,-5.1851,4.8745,6.0492,4.6844,-5.1569,6.4241,6.9075,3.8596,-1.5835,4.601,2520.05,385.22,1572.04,229.44,4078.84,546.6,0.10145,0.02549,0.06719,0.0166,2535.3,648.3,22050,3.23,revving,52.1
1058,Engine Overheating,-177.8273,25.4774,99.2066,17.0757,-11.7029,4.1676,6.2604,10.7382,-3.0342,6.707,16.1552,5.5416,-0.0626,6.0819,12.0818,6.8954,-4.4708,8.0324,9.9076,2.0868,-2.7585,5.8208,8.0346,4.1983,-0.2726,3.8754,2439.23,204.09,1533.65,226.43,4379.26,566.17,0.08333,0.017,0.06869,0.01896,3070.0,1190.8,22050,3.65,load,62.1
1059,Clutch Slip,-185.7281,18.664,107.9595,13.5186,-8.2635,6.8825,9.5924,7.2433,-3.5229,5.9812,8.9338,5.4334,-1.7456,5.1867,10.9832,5.7105,-3.798,5.0025,2.9877,5.1626,-1.3021,3.4214,5.9198,4.5429,-1.2682,3.9467,2115.61,229.97,1289.09,156.65,3792.54,356.4,0.07529,0.01535,0.05235,0.0136,11.8,1958.7,22050,2.68,revving,68.9
1060,Engine Overheating,-187.0547,21.8766,113.8648,14.6197,-14.1334,4.7852,9.858,7.86,-3.7869,6.498,3.5132,8.0857,2.5587,5.2604,9.1213,6.5351,-6.1345,7.6995,8.7179,4.9232,-5.1013,5.1588,5.5845,4.692,-1.983,4.1378,2501.06,320.01,1589.64,232.33,4225.61,525.08,0.09013,0.02407,0.06734,0.01352,3778.6,1379.8,22050,3.13,revving,67.7
1061,Clutch Slip,-182.2235,16.1421,114.8333,17.3,-1.5031,9.7283,16.9611,5.8775,-4.3807,6.7432,7.2257,4.6469,-5.4356,3.8429,5.1681,4.9747,-4.9572,4.8934,3.0916,4.4081,-3.132,5.3561,4.9547,4.6188,-3.8303,4.1928,2195.03,219.2,1303.23,175.06,3641.83,348.27,0.07475,0.01592,0.05181,0.01267,16.8,1259.3,22050,2.81,revving,77.2
1062,Battery Fault,-187.8705,16.5367,113.3625,11.0131,-8.0356,6.5131,13.4621,7.2791,-2.7934,4.7936,5.5523,4.971,-4.0502,3.4246,6.597,5.5114,-6.5169,3.0872,6.5233,4.2193,-2.824,4.5895,3.3474,3.797,-2.8826,3.6348,1899.58,212.88,1246.27,157.32,3479.34,335.91,0.06823,0.01351,0.05263,0.01242,174.5,1096.3,22050,3.34,revving,61.5
1063,Battery Fault,-194.0235,11.8238,111.5545,13.5912,-12.7103,8.7516,10.357,2.4397,-6.6203,6.19,7.3316,4.4107,-2.0733,4.7902,7.4672,3.504,-6.2456,4.7443,3.8486,3.1029,-0.6515,2.3009,6.7817,4.396,-2.8687,2.6017,2020.41,228.04,1172.39,158.52,3374.51,321.43,0.07061,0.0112,0.05488,0.01119,168.7,1051.7,22050,2.79,idle,50.2
1064,Clutch Slip,-192.4842,17.4111,109.5319,12.2221,-9.3057,11.7059,12.2159,5.8188,-5.9429,6.5152,13.2978,5.3389,-2.8698,5.6535,11.8429,5.3412,-1.3928,6.1662,6.7636,5.0771,-1.9762,3.9874,4.5329,3.1004,-1.9206,5.9155,2047.26,249.36,1320.66,186.01,3494.33,334.72,0.0813,0.01435,0.06131,0.01497,34.1,2433.5,22050,2.6,revving,54.8
1065,Clutch Slip,-194.9249,14.5864,114.0413,11.2927,-10.4415,7.8368,11.3059,6.216,-6.672,6.0861,11.0478,4.6727,-2.2192,4.2624,6.2983,5.4464,-4.2078,3.4272,7.1005,3.8707,-1.5426,4.5711,4.0204,4.3805,-0.8485,4.3565,2080.44,205.32,1271.81,147.05,3582.75,370.23,0.07873,0.01621,0.05338,0.0137,30.1,1959.2,22050,4.18,idle,49.9
1066,Brake System Fault,-178.9471,17.2733,97.7444,16.1062,-25.0625,11.9302,16.7009,7.6433,-5.5324,6.5825,9.2459,6.8964,-2.253,6.6495,9.4448,6.7595,-4.1659,6.208,4.539,7.9911,-2.644,7.2126,6.5353,3.5003,0.8534,6.6674,2617.83,399.28,1652.78,301.17,5188.92,580.46,0.10871,0.02435,0.07386,0.01584,3548.6,1514.6,22050,3.94,idle,59.0
1067,Oil Pressure Fault,-193.063,21.473,100.8377,15.3942,-1.5667,8.1361,14.884,7.7727,-8.7039,7.9144,10.4375,5.1261,-4.5629,4.4323,7.8905,7.1762,-1.6355,5.4928,7.2403,6.4156,-3.6264,3.9543,5.3325,3.9995,1.5878,4.296,2176.15,268.31,1320.25,158.32,3866.13,382.22,0.08042,0.02048,0.05954,0.0147,1238.5,1183.8,22050,3.91,load,55.4
1068,Battery Fault,-207.6616,14.755,105.7535,12.4899,-12.1604,6.3712,13.1459,4.78,-3.7683,4.7581,5.452,3.959,-2.8654,4.0262,10.7258,3.7348,-3.3263,3.2313,4.8976,2.5012,-0.2774,3.1092,8.3987,4.2626,-2.6205,3.8909,1903.2,201.61,1161.4,163.05,3334.23,253.39,0.06632,0.00936,0.0487,0.01092,148.1,1006.8,22050,3.33,load,62.5
1069,Battery Fault,-185.0667,18.6272,109.5523,9.0163,-7.583,8.3531,9.9756,8.0094,-7.1269,2.321,7.6305,4.7259,-3.5727,4.8033,8.6279,4.7788,-3.3841,3.9303,4.5546,3.5129,-1.206,3.3263,5.9133,4.2718,-3.3408,4.0048,1913.49,183.82,1144.35,146.01,3396.69,296.13,0.0774,0.00688,0.05032,0.0112,134.2,1291.1,22050,4.37,idle,53.0
1070,Clutch Slip,-187.9949,19.5208,107.1613,14.509,-5.6692,9.4463,9.6389,8.2763,-7.33,5.5255,9.2844,5.3564,-4.0342,4.7362,7.4035,5.0769,-2.1303,4.4041,2.744,5.5015,-2.1394,4.3082,4.2291,4.9855,-0.7732,4.5638,1995.96,224.32,1315.04,212.24,3629.38,306.05,0.08427,0.01191,0.05261,0.01526,31.1,1148.2,22050,2.59,revving,65.4
1071,Brake System Fault,-168.2069,15.3314,106.5061,15.0987,-13.2742,9.1363,22.4098,8.5381,-15.6967,10.743,10.1191,7.1895,-8.3853,9.0753,5.3515,7.0752,-3.2386,6.7822,10.0586,5.5988,0.5734,4.6005,7.3765,4.7961,-4.0251,5.1508,2741.18,396.79,1853.7,294.41,4701.7,820.76,0.11865,0.02625,0.06591,0.01791,3900.3,624.7,22050,3.59,load,67.1
1072,Oil Pressure Fault,-196.769,19.7574,105.6336,9.3007,-8.5542,10.1177,11.4374,10.6791,-8.7986,6.9508,10.2049,3.7065,-4.41,5.2457,6.9392,2.8736,-1.8571,4.4635,5.7906,5.0275,-0.1565,4.9416,4.1789,2.8352,-1.5464,4.355,2082.65,241.25,1347.27,153.63,3873.04,590.27,0.09193,0.01502,0.05844,0.0141,919.8,446.5,22050,3.39,load,75.0
1073,Healthy,-195.617,16.7405,115.4279,10.4425,-8.8866,4.4314,12.8244,4.3482,-5.5957,3.4423,8.2489,4.4558,-4.2666,1.5559,7.6774,3.4207,-2.7854,2.4432,3.7984,3.1423,-2.1743,2.4727,4.9789,1.7397,-0.8394,2.5935,1708.9,177.26,1091.5,104.92,3226.12,280.18,0.05911,0.01232,0.04461,0.01129,115.7,928.8,22050,3.74,idle,67.9
1074,Battery Fault,-203.0129,11.7611,113.4832,7.7623,-9.9289,6.3715,11.4477,6.0992,-4.4337,4.6833,7.9357,5.6641,-0.9602,3.2688,10.788,5.903,-4.3615,4.3034,3.0725,4.9701,1.5192,3.389,5.4912,4.5907,-3.8069,4.3074,1861.54,235.33,1230.2,167.31,3336.69,273.86,0.06665,0.00971,0.04863,0.00916,128.0,687.2,22050,3.97,load,63.8
1075,Battery Fault,-188.9986,16.7871,111.8642,9.2865,-1.1802,7.8951,6.9289,5.1962,-0.9801,4.3641,9.25,2.9537,-1.7796,4.224,8.4884,3.0477,-5.5017,3.9008,3.2822,3.4522,-1.9333,3.6078,7.7698,3.9165,-3.7063,5.2847,1972.54,233.34,1175.47,126.59,3358.42,329.42,0.0766,0.01443,0.04776,0.0111,195.0,717.2,22050,3.71,load,59.1
1076,Engine Overheating,-187.9039,17.5164,97.8153,12.6271,-2.6609,7.8589,7.1385,6.4522,-2.475,4.3274,11.8664,7.7815,-0.825,7.3755,5.4876,5.4262,-3.564,6.7331,6.7867,5.8496,-2.9141,3.7633,7.0085,3.9174,-1.4954,3.5627,2404.89,322.42,1466.48,234.25,4281.89,495.67,0.09704,0.01999,0.0587,0.02114,2584.2,998.6,22050,3.69,revving,66.7
1077,Clutch Slip,-188.9989,15.2768,108.3217,10.735,-2.3362,7.6788,11.1403,7.6336,-3.8831,6.2067,11.0376,6.1268,-4.8637,6.7457,6.01,2.5306,-0.3487,6.3228,4.8495,7.414,-0.279,3.298,4.1362,4.7192,0.5119,3.9553,2089.36,252.79,1266.96,193.23,3616.61,366.33,0.08383,0.01355,0.04846,0.01565,21.6,2076.1,22050,3.99,revving,77.0
1078,Oil Pressure Fault,-182.3028,13.8906,105.0093,12.5476,-3.3714,11.1198,15.3371,7.1122,-10.5393,4.9535,13.3627,4.1024,-5.0923,5.0061,10.1243,4.0055,-4.3415,4.3512,4.8688,6.2077,-3.9596,3.1396,4.2589,3.3237,-2.3878,4.6283,2138.96,216.95,1262.59,211.61,3849.67,447.5,0.08214,0.01686,0.05089,0.01054,831.0,1320.5,22050,4.09,load,76.4
1079,Engine Overheating,-182.8216,17.1584,105.027,13.6375,-12.9842,12.8675,14.08,5.7451,-4.0656,7.2955,11.8926,7.1684,1.7609,7.2117,12.3987,6.8337,-5.0906,5.4323,9.0767,5.7521,-1.7505,6.6289,6.2515,3.7586,-1.9913,4.3996,2278.8,363.49,1508.46,175.35,4123.76,682.2,0.08707,0.02543,0.06973,0.01504,2734.6,675.0,22050,4.06,idle,55.1
1080,Brake System Fault,-180.8696,18.4955,108.9495,15.2897,-11.2312,9.9121,26.1131,12.2741,-1.4794,7.4868,16.051,9.7882,-7.5364,7.7327,6.0627,6.5537,-5.8014,7.2897,9.2288,6.6975,-2.7176,5.8129,9.0996,5.8265,-3.177,4.6999,2840.46,522.8,1768.85,293.15,5126.56,706.47,0.1145,0.01294,0.08671,0.01975,4223.3,924.8,22050,2.76,load,62.5
1081,Battery Fault,-200.2675,15.847,110.0818,7.7421,-7.5113,5.233,9.8944,6.6066,-5.0633,6.2998,9.3477,5.566,-4.1686,3.0693,12.0779,5.02,-6.6442,2.7499,2.6681,3.4834,1.2863,3.1354,6.352,4.2529,-1.5298,3.1097,1923.36,233.3,1189.19,112.74,3270.24,270.79,0.07368,0.01215,0.05542,0.00951,164.3,1514.3,22050,3.65,load,69.7
1082,Battery Fault,-174.9503,16.6502,119.4467,6.263,-6.5466,7.3377,9.2792,6.1882,-4.5724,5.8099,7.9811,3.8335,-2.4145,3.683,9.6226,3.6528,-4.1621,2.67,4.3752,3.1423,-0.467,3.4514,6.3643,4.9858,-3.8297,4.7035,1969.99,166.56,1184.03,141.05,3326.33,358.23,0.06992,0.01378,0.04624,0.012,78.2,1248.7,22050,3.68,load,63.0
1083,Engine Overheating,-184.4093,10.7393,118.3568,16.0156,-16.2034,8.4235,4.6655,7.278,-5.9643,6.5943,12.1637,6.5228,-3.7384,4.0036,8.5367,6.8426,-4.0213,3.7796,8.7789,4.4702,-2.585,4.3294,6.3227,3.9184,-0.4838,3.9751,2389.31,329.56,1646.69,260.05,4210.65,532.75,0.08654,0.01628,0.06203,0.01731,3240.0,1571.8,22050,4.23,idle,74.4
1084,Healthy,-200.3756,12.2132,111.8011,10.9141,-3.7598,4.8946,13.3865,4.6575,-5.9676,4.4732,11.2226,4.9583,-3.744,2.1221,5.6046,2.3799,-3.447,3.4074,5.0648,3.3636,-0.675,2.7568,3.83,3.0433,-1.1058,3.2685,1668.76,174.88,1066.15,106.76,2942.42,287.29,0.06214,0.01622,0.0457,0.00694,37.2,842.1,22050,2.98,idle,68.6
1085,Battery Fault,-195.3991,21.3884,114.3416,12.7826,-9.8614,5.5351,9.9255,5.4162,-4.3891,6.2939,8.9883,6.0975,-0.1812,4.6414,10.8188,4.0291,-5.0455,4.1584,4.457,6.5583,1.4446,3.9922,7.0106,4.0751,-4.1095,4.2036,1903.79,173.09,1154.53,106.1,3315.82,260.13,0.06605,0.0189,0.049,0.01567,114.5,340.0,22050,4.4,revving,49.8
1086,Clutch Slip,-206.0269,21.5766,112.5667,16.0202,-3.6633,9.5632,12.312,6.5244,-3.1255,4.6951,9.8609,5.8123,-2.0936,4.1546,9.8332,7.2584,-3.3695,4.9883,6.5572,5.615,-1.6557,3.8794,6.0746,3.8371,-1.6838,2.4471,2101.59,197.78,1244.13,154.32,3782.57,417.14,0.0775,0.01668,0.05505,0.00725,40.4,1749.8,22050,3.57,load,55.2
1087,Engine Overheating,-190.7211,11.8296,111.556,15.3758,-6.1544,9.0295,10.1637,8.9391,-2.2779,5.7183,14.2647,5.656,-2.2139,5.4316,12.9611,8.486,-7.6224,6.1516,6.5018,5.3208,-4.6707,4.5998,7.3463,3.2111,-4.4121,4.1652,2429.9,318.84,1509.89,246.5,4515.54,470.2,0.10219,0.01748,0.07098,0.01017,2256.7,1658.2,22050,3.08,idle,48.2
1088,Clutch Slip,-196.9023,21.8565,106.8686,15.1023,-7.6478,6.3223,11.3988,7.1607,-6.1824,7.0959,13.1993,4.6256,-3.4602,5.8781,9.6417,4.5492,-1.4861,4.1911,7.5074,4.3242,-1.9486,3.4938,4.2494,3.0526,0.309,3.1599,2004.28,212.27,1316.89,176.74,3560.57,444.81,0.0783,0.01908,0.06194,0.01207,20.3,1807.1,22050,2.97,load,54.4
1089,Brake System Fault,-171.0999,23.119,99.251,11.1583,-11.5277,13.5687,5.8524,12.6759,-11.8662,10.2683,11.8828,10.1141,-1.6812,9.5758,9.5241,7.1091,-4.2554,4.6278,9.9911,3.337,-3.8714,5.3422,5.485,7.6136,-3.5778,8.1255,2720.15,461.63,1687.9,287.79,4939.34,579.61,0.11127,0.03628,0.06826,0.02957,3197.6,582.8,22050,2.77,idle,60.5
1090,Clutch Slip,-185.7213,17.6736,116.4831,17.5594,-5.1719,5.8688,12.6012,8.2522,-3.0991,5.4308,12.1898,4.1273,-2.8388,5.3802,7.3652,4.4008,-1.5522,4.7098,7.2053,5.6453,-3.0151,3.4552,3.6307,4.4213,-0.5868,3.1595,2080.54,212.9,1207.9,170.11,3656.28,303.57,0.08592,0.01011,0.0578,0.0088,21.1,1680.3,22050,3.14,load,77.0
1091,Engine Overheating,-185.8414,15.8073,104.6547,15.5807,-13.1891,10.3571,2.997,9.2414,-3.0216,5.8052,10.3093,7.4133,-0.3008,4.418,12.6476,5.4688,-8.6155,6.9759,6.2088,5.107,-2.0169,3.3181,4.0894,5.4652,0.1551,4.3496,2547.31,279.5,1383.4,240.24,4203.6,588.95,0.09798,0.01676,0.05969,0.01924,3355.4,1918.0,22050,2.61,idle,72.5
1092,Engine Overheating,-203.7029,12.5085,105.4541,10.035,-15.6932,9.6639,11.4548,7.9148,-2.3143,6.7829,14.1751,6.0525,-4.0711,6.0293,6.1654,3.8276,-1.3752,6.8564,6.9837,4.6169,-2.9522,4.4809,5.842,4.6316,-1.5121,3.8479,2545.72,288.78,1561.98,197.98,4391.66,564.56,0.08208,0.01771,0.06511,0.01303,3406.7,1457.7,22050,3.46,idle,51.4
1093,Battery Fault,-187.1508,13.8788,111.1468,10.158,-8.9295,6.1126,7.9435,5.5944,-2.4052,6.1418,8.4368,5.2617,-2.8578,4.0747,8.3751,5.2544,-3.8273,4.4701,4.7742,3.1365,0.1629,3.3789,6.651,3.9551,-1.249,3.3897,1878.6,183.82,1164.14,159.12,3529.78,294.26,0.0656,0.0139,0.0489,0.01039,119.5,488.4,22050,3.79,revving,60.7
1094,Healthy,-199.1913,14.6294,105.9586,8.4425,-6.475,4.1942,10.8923,5.121,-4.2025,4.1595,10.3231,2.9439,-2.645,3.7683,6.7506,1.9105,-1.6718,2.1555,4.7436,3.1011,-0.9776,2.3183,3.2983,2.6169,-1.3322,4.2554,1790.27,153.31,990.07,133.38,3211.48,362.13,0.06594,0.02176,0.04521,0.01064,61.3,1166.7,22050,4.31,idle,55.5
1095,Brake System Fault,-184.8009,24.5931,114.0281,17.6916,-8.9477,12.8105,18.254,9.9606,-4.6889,7.7593,4.0039,10.6314,-4.2792,9.5057,9.1567,10.1995,-4.5719,6.8718,8.3514,7.5795,-2.088,7.0059,6.829,5.0147,-1.1819,3.5833,2844.36,325.46,1632.39,297.27,4904.83,772.92,0.12649,0.02933,0.06783,0.02052,3515.6,1504.1,22050,4.17,idle,75.9
1096,Clutch Slip,-195.43,19.4667,105.8375,11.011,-4.4379,5.5647,13.3957,6.9267,-5.0822,6.3229,12.2028,5.8052,-5.898,6.7452,9.5897,5.6509,-1.7048,3.3009,3.4222,6.3369,-4.6713,3.3383,6.6632,3.9025,-1.3301,4.0923,2047.0,185.45,1199.15,162.12,3664.78,387.72,0.07806,0.00953,0.04926,0.01221,38.2,2045.3,22050,3.57,load,55.9
1097,Brake System Fault,-167.1692,17.1292,94.5131,15.4502,1.4345,10.9612,22.2824,12.1152,-7.209,11.054,8.7885,8.2026,-4.1181,6.8009,7.2958,7.4536,-6.3129,5.5041,10.2727,7.9942,0.4075,7.7328,9.1109,5.4333,-4.4974,3.0202,2915.46,441.65,1825.31,283.47,5260.37,588.9,0.11049,0.02633,0.0823,0.02148,3974.3,1168.9,22050,3.92,load,68.3
1098,Oil Pressure Fault,-185.638,19.6514,113.5467,13.496,-5.3558,9.2564,13.7015,9.2584,-5.7323,7.9221,4.7964,4.4128,-4.6715,5.5067,11.3888,5.0286,-2.0572,4.3084,4.3807,5.1172,-2.3838,4.6934,6.071,3.6544,0.5703,3.4449,2134.86,282.6,1376.21,172.37,3825.39,389.29,0.0828,0.02193,0.05003,0.01509,1293.5,1350.3,22050,3.23,revving,72.0
1099,Engine Overheating,-180.0695,17.1116,105.5628,11.2545,-7.9605,10.04,7.3839,8.374,-5.9138,6.425,11.8637,8.605,-3.0971,5.4511,10.2488,6.2328,-3.5159,6.0415,7.567,3.6804,-4.8549,4.1095,6.8143,4.7552,0.9318,4.098,2353.51,291.62,1447.13,226.95,4632.2,513.65,0.086,0.0214,0.0727,0.01834,1550.1,1046.4,22050,3.38,idle,54.4
1100,Healthy,-192.343,16.6687,108.0384,7.1672,-3.2615,5.9874,12.0369,3.7569,-7.7498,3.4745,10.7949,4.4348,-2.1629,2.5747,4.8357,3.8405,-1.8711,3.3336,4.3186,1.9449,-1.5205,3.8503,4.1925,2.6364,-0.4753,3.5501,1837.55,183.42,1044.54,155.52,3188.79,194.85,0.0645,0.01898,0.0483,0.00917,123.8,1237.6,22050,3.46,load,62.1
1101,Battery Fault,-200.4393,18.9573,110.6323,7.9275,-8.719,6.0017,12.0713,5.0618,-6.1444,3.9064,7.8747,4.2457,-2.2428,4.4807,8.733,4.994,-4.4856,3.8398,3.7412,3.0419,-3.5041,3.0281,8.6297,4.2642,-2.8514,4.0194,1961.32,225.59,1163.39,149.42,3390.46,318.8,0.07015,0.01221,0.04898,0.00952,163.3,1702.5,22050,4.25,idle,75.2
1102,Oil Pressure Fault,-190.5458,16.6826,106.4483,18.5327,-6.8408,8.6759,8.0844,5.9295,-3.7724,8.1203,11.6244,8.3311,-3.4573,6.9122,7.607,6.1661,-4.203,7.6134,7.8655,5.2984,-0.9055,3.4405,4.4371,3.3937,-0.7547,3.6598,2026.59,248.6,1208.48,197.51,3889.72,508.02,0.08075,0.01653,0.05491,0.01668,1383.4,1156.5,22050,3.18,idle,48.1
1103,Engine Overheating,-193.2574,16.2354,109.1985,11.0719,-13.0587,8.9343,8.2329,9.1588,-3.4102,8.6074,9.9643,3.6356,2.3353,7.6515,14.4509,5.5297,-1.2684,4.4428,5.8849,4.2927,-3.5721,5.5087,8.2306,3.7692,-0.948,3.3413,2388.75,325.67,1528.67,242.96,4213.56,549.58,0.08365,0.02497,0.06907,0.01686,2684.6,1273.8,22050,2.85,idle,66.7
1104,Oil Pressure Fault,-187.9784,12.3845,107.9105,8.2032,-8.8656,13.6944,16.3018,7.9026,-7.7704,7.7744,10.1,5.8391,-4.5961,5.6401,10.9919,5.5871,-3.7696,5.336,6.3362,3.9497,-5.1221,5.3461,6.9453,3.6635,-0.0363,4.1631,2091.32,249.52,1340.83,188.57,3877.32,389.72,0.08553,0.01464,0.05379,0.01515,1168.9,1165.6,22050,3.8,idle,72.8
1105,Oil Pressure Fault,-189.0517,22.7993,113.4112,14.2228,-2.5416,4.4352,18.4016,6.6575,-10.0886,5.9642,9.8983,5.0867,-4.3715,4.7427,7.8612,4.9349,-1.3862,4.3592,4.7416,5.8988,-4.5544,4.3715,3.9455,2.576,1.1352,4.1966,2120.09,249.4,1368.91,211.14,3881.66,427.64,0.0829,0.01498,0.061,0.01236,928.5,1388.8,22050,4.43,revving,74.4
1106,Engine Overheating,-179.6594,19.598,99.7127,11.0187,-6.5695,11.4144,8.3406,9.9168,-0.1565,7.6517,13.8827,7.0814,-0.9558,7.2352,11.2733,6.689,-5.6669,4.8531,7.1831,5.0037,-1.311,4.9104,9.9174,4.4806,-2.8439,3.8695,2365.21,328.39,1552.25,278.96,4367.98,394.95,0.09866,0.02172,0.06878,0.01379,3323.8,1350.0,22050,2.51,idle,68.0
1107,Engine Overheating,-189.6374,17.2433,107.7523,8.1226,-12.0544,9.8981,8.0566,9.5516,-1.8857,8.5062,13.1402,6.3441,-0.9648,4.2863,9.8008,7.2605,-3.8256,6.5297,10.2692,4.1274,-0.6314,5.476,6.4494,2.6398,-0.799,5.0555,2383.84,389.18,1411.61,223.17,4188.62,576.14,0.10073,0.02094,0.05622,0.01598,1683.6,1132.9,22050,3.76,load,68.3
1108,Healthy,-194.5896,15.1132,116.9483,8.4525,-8.6429,5.9315,13.5228,5.5335,-7.1657,4.8326,8.4014,3.2317,-2.5435,3.5026,6.7683,2.8935,-1.3933,2.841,6.4518,2.3696,0.2921,2.7419,2.4553,2.3964,-2.1912,2.9149,1790.52,153.24,1025.58,89.19,3232.26,377.61,0.06105,0.01241,0.04293,0.00969,57.8,1361.7,22050,3.43,idle,53.1
1109,Clutch Slip,-194.2778,16.1222,107.7855,18.279,1.038,9.775,9.2984,8.2118,-7.2086,5.2318,11.734,6.5566,-5.9474,6.6775,7.6628,4.257,-3.7983,5.1364,8.6878,6.4101,-4.5009,4.895,3.3033,3.3825,-0.9199,3.329,1965.25,193.57,1309.66,106.52,3666.77,292.1,0.06518,0.01674,0.06408,0.01227,34.0,1199.1,22050,2.94,load,67.5
1110,Brake System Fault,-179.3239,11.7336,108.6051,17.7293,-11.0155,13.311,20.0312,11.9583,-2.7322,9.4946,12.5273,8.0853,-2.5241,6.3772,8.8281,5.3828,-6.4823,5.7293,6.7881,6.1155,-5.4716,6.1742,8.9119,5.0031,-4.1593,5.886,2796.71,469.15,1815.84,262.41,5112.32,552.32,0.10983,0.02051,0.077,0.02357,4678.8,817.0,22050,4.41,idle,72.9
1111,Clutch Slip,-189.4217,18.1926,113.1142,10.6281,-2.3348,10.5395,14.7831,7.087,-2.7764,9.2184,11.6481,6.872,-4.3448,4.3199,8.2847,2.2085,-1.9684,5.1388,3.7923,5.4967,-0.0817,5.407,4.5057,3.4491,-4.2818,4.1468,2091.37,228.34,1316.31,146.66,3654.98,358.05,0.07547,0.0212,0.0563,0.01665,16.3,1729.9,22050,3.2,load,65.8
1112,Battery Fault,-192.2207,18.1869,112.5815,14.0093,-8.0098,6.5093,10.6307,7.9042,-4.3654,5.2775,8.3254,3.8972,-4.2434,3.7794,8.6295,4.8885,-4.2332,3.3571,5.1611,3.2074,-1.9114,2.1607,7.6831,2.7338,-4.2474,3.7986,1881.94,249.31,1182.9,100.86,3464.39,444.42,0.07423,0.01243,0.04884,0.01058,185.4,717.7,22050,3.28,load,53.3
1113,Brake System Fault,-178.2535,30.3557,89.1841,19.5705,-16.6736,8.423,11.7152,9.0813,-10.8407,10.8066,9.4793,9.3462,-11.6355,5.8777,7.7078,6.4012,-3.3645,6.8375,10.1639,5.7866,-4.8802,4.8767,7.7119,5.0245,0.9657,4.1657,2723.56,392.54,1618.57,158.71,5237.32,492.73,0.11717,0.0259,0.07992,0.01554,4925.5,1086.8,22050,3.95,load,73.6
1114,Engine Overheating,-181.5542,14.937,105.5644,13.8909,-13.7996,11.5939,13.5132,8.0759,-2.6141,7.3462,14.7184,8.7533,-1.7966,5.8902,7.8489,4.3578,-0.7823,4.6948,7.2009,3.8863,-4.6996,5.5871,6.6113,4.1316,-1.6442,3.8038,2352.72,342.76,1652.5,204.13,4527.11,560.43,0.08749,0.02266,0.05621,0.01796,2835.5,1126.3,22050,4.47,revving,66.1
1115,Clutch Slip,-185.6065,17.4241,117.2992,15.4476,-4.9918,7.3644,15.3933,5.2056,-6.4039,8.7227,8.5433,7.6862,-3.1737,5.7624,8.6833,8.4285,-4.799,4.2454,7.7976,3.2541,-1.0325,5.1252,5.0194,4.1104,-0.3774,2.9974,1999.38,231.83,1267.57,139.91,3625.51,347.36,0.07308,0.01252,0.05324,0.0153,29.3,1528.7,22050,3.59,revving,61.6
1116,Oil Pressure Fault,-174.9737,20.1273,116.8718,13.5272,-7.1076,7.4538,18.782,7.4061,-10.3163,6.4461,9.5847,5.9031,-5.1817,5.2744,8.5269,5.2152,-3.3918,5.2526,8.7178,4.7371,-1.9287,5.0358,7.863,4.2147,-1.526,4.924,2025.34,262.85,1331.2,200.29,3950.09,367.72,0.07185,0.01923,0.0485,0.01597,1396.3,1146.2,22050,3.51,idle,70.5
1117,Healthy,-196.9166,13.0184,112.012,5.2631,-12.8999,8.3089,13.9434,5.9615,-6.5458,4.0026,10.2919,4.7343,-3.0781,4.1977,5.9565,2.8623,-1.9858,3.109,5.8816,3.7081,-1.2771,2.7669,4.229,3.4067,-1.1073,3.0578,1835.03,164.26,997.59,108.77,3076.89,262.19,0.07191,0.00861,0.04455,0.01609,89.5,1035.8,22050,2.87,load,49.0
1118,Brake System Fault,-181.8912,21.3282,105.1965,18.2257,-10.8481,9.1281,19.2409,8.9722,-7.8949,8.3105,18.4253,6.1694,-3.4136,5.7221,12.2753,6.3343,-5.8576,8.4134,11.479,8.305,-3.6002,2.9101,7.0423,4.0335,-0.816,4.8615,2716.99,327.8,1785.3,260.25,5134.25,733.75,0.11271,0.02349,0.08562,0.02233,4608.8,1016.7,22050,4.43,revving,53.8
1119,Engine Overheating,-183.6132,17.609,109.4383,13.7268,-10.9834,10.957,6.8543,9.1687,-3.2755,6.2892,11.9245,6.7552,-0.7015,4.5064,10.586,5.6858,-3.5768,5.7857,6.4019,3.8808,-3.5353,4.5019,8.9141,3.2567,0.7409,4.235,2561.93,241.26,1604.03,258.63,4391.93,605.71,0.09528,0.01758,0.0615,0.0169,2073.7,1264.1,22050,4.44,revving,62.1
1120,Oil Pressure Fault,-183.1014,22.2509,105.6039,13.1541,-10.7511,10.2797,14.0452,7.3415,-3.3485,3.5044,9.2041,5.0723,-6.8316,5.3295,10.1031,4.4358,-3.707,5.6604,8.255,6.1014,0.0256,4.0883,6.5249,4.2524,-1.4236,5.0712,2043.73,251.49,1239.74,192.22,3821.54,512.71,0.07929,0.01289,0.05472,0.01156,628.2,1073.9,22050,3.67,revving,63.0
1121,Healthy,-201.2547,13.3211,112.3116,10.0049,-7.4294,7.3195,11.2132,5.0446,-4.8243,4.3368,10.0852,4.4537,-1.7098,2.7645,6.3991,3.0358,-3.8521,2.5901,6.6323,2.744,0.1543,2.3711,5.2249,3.1154,0.7176,3.0678,1884.44,218.87,1090.58,92.73,3049.14,297.11,0.06242,0.01644,0.03678,0.01263,51.5,949.1,22050,3.34,revving,69.6
1122,Battery Fault,-198.776,13.0509,106.7861,9.5852,-7.7957,6.9483,8.9773,5.4956,-7.4657,4.5641,8.4968,4.3852,-2.6166,4.1287,11.0841,6.2404,-6.4544,3.064,4.537,3.4513,-2.0291,3.7866,7.5006,3.2781,-3.4846,3.8065,1944.05,271.93,1220.94,136.39,3302.23,333.73,0.06977,0.00829,0.04794,0.00814,185.8,455.7,22050,2.81,idle,75.1
1123,Clutch Slip,-197.906,15.9737,105.0978,13.0391,-4.9117,7.9869,14.2036,5.0358,-9.2143,5.8304,12.1023,7.3414,-3.9757,4.8445,10.7626,4.6444,-4.2608,3.4472,3.6134,5.1002,-2.4612,4.5944,3.5396,4.8726,0.2931,4.9608,2009.81,250.62,1300.87,117.21,3750.78,284.43,0.07713,0.00956,0.05212,0.01438,15.3,1566.9,22050,4.07,revving,69.7
1124,Brake System Fault,-169.9967,25.8812,95.9283,15.8866,-14.5928,11.9253,15.5652,11.6689,-5.5823,7.2474,11.7844,7.1072,-7.9012,6.1302,8.6742,7.4901,-2.3983,9.0013,9.8913,5.642,1.3419,4.9946,5.4698,3.2008,-6.5929,5.3392,2628.94,346.47,1799.12,345.99,5093.1,651.77,0.10659,0.03126,0.07805,0.02316,4452.8,1174.8,22050,2.77,idle,51.7
1125,Clutch Slip,-181.9459,18.7992,105.7169,12.4793,-6.8334,9.6358,9.5819,6.8384,-8.4631,7.0795,11.5697,6.6733,-4.5924,5.3615,6.7879,4.4404,-2.6445,4.881,6.8161,5.2544,-2.9797,2.572,4.4929,4.7664,0.0007,4.0439,2134.28,251.16,1267.27,173.64,3749.09,314.85,0.08359,0.01159,0.05837,0.0157,37.4,1588.6,22050,4.2,idle,73.9
1126,Healthy,-197.0328,11.4825,110.7037,11.0164,-6.4828,6.0222,13.5311,3.7192,-6.477,3.9382,10.3679,4.4004,-4.4472,3.4748,6.1673,3.3825,-0.4174,2.4519,6.8169,2.5552,-1.042,3.2395,4.2543,4.1979,-0.5597,3.9729,1812.14,186.05,1028.15,107.64,3066.72,218.98,0.06377,0.01316,0.04205,0.01082,89.0,1130.8,22050,4.34,revving,55.8
1127,Battery Fault,-196.0429,21.3101,107.425,10.2097,-11.2124,8.6883,13.2461,5.9893,-6.0432,6.1007,6.9485,4.3673,-2.3513,4.5401,7.9825,5.9339,-5.7318,3.0155,5.73,3.9877,-2.0595,2.689,7.2675,3.055,-3.2859,4.3643,1806.42,210.47,1181.65,134.65,3272.6,279.02,0.07468,0.01412,0.05507,0.01435,145.8,930.9,22050,3.85,idle,50.0
1128,Brake System Fault,-168.6242,28.0007,97.3456,13.2105,-10.1574,6.4214,19.0426,6.66,-6.1862,6.6909,16.3899,4.9115,-4.2006,5.8929,9.0791,8.4187,-3.7976,7.1732,10.1908,6.6869,-3.867,5.4363,5.0932,3.9481,-0.9782,5.4717,2648.91,398.67,1742.6,260.7,4906.96,729.54,0.11476,0.03361,0.07284,0.01575,4842.5,1039.1,22050,2.72,revving,66.5
1129,Engine Overheating,-193.8288,22.5317,95.8478,11.2168,-13.3228,8.3378,10.0479,6.6573,-2.9929,6.754,9.3296,5.1496,-0.3919,4.1249,11.2141,6.6136,-6.4062,5.8225,10.2663,4.8999,-3.1062,4.7719,7.0614,2.8314,-0.7726,4.5216,2522.79,331.77,1459.5,191.39,4568.91,484.04,0.1059,0.01839,0.06949,0.01193,2547.8,1686.4,22050,2.93,idle,64.0
1130,Healthy,-202.4114,14.2413,107.126,7.1848,-2.5589,5.574,12.2011,3.4314,-3.0752,5.8971,8.9106,5.1674,-1.6175,3.6594,6.0159,3.7838,-3.2721,4.0747,6.8929,3.4736,-1.4252,3.1414,2.7068,2.4963,-1.6243,3.0235,1730.73,227.71,1015.07,102.08,3227.71,241.4,0.06454,0.00983,0.03976,0.00915,77.7,1178.3,22050,4.45,idle,60.9
1131,Clutch Slip,-188.451,19.9684,111.989,13.5504,-4.5569,7.7072,16.1483,8.081,-9.1901,6.4284,14.1673,5.4935,-5.4494,6.5154,10.2166,3.5741,-5.8434,4.1625,7.6229,7.684,-0.2982,5.3284,6.6414,3.119,-2.3499,3.3754,2029.62,248.77,1270.86,156.41,3624.56,271.63,0.07328,0.0122,0.0491,0.01361,35.3,1948.8,22050,4.12,revving,66.1
1132,Oil Pressure Fault,-181.328,22.4657,108.7824,14.0854,-8.971,9.0,19.1171,6.8981,-1.8128,4.817,10.9625,7.4529,-1.7366,3.9638,8.5943,5.7237,-2.8679,5.1802,8.365,6.1339,-1.0082,3.4145,5.328,5.3816,-0.751,4.784,2114.28,287.3,1331.94,221.12,3633.64,413.62,0.08109,0.0193,0.05784,0.01509,709.8,940.4,22050,2.62,idle,49.8
1133,Healthy,-198.7352,12.3994,115.89,10.159,-7.7071,5.3573,15.9727,4.6537,-7.9291,3.7212,8.5012,4.2448,-0.4976,3.3054,6.5123,3.6734,-1.6734,2.7288,5.8528,3.6476,-2.3254,2.7751,4.2266,2.2015,-1.5285,3.2458,1802.56,212.1,1050.55,105.27,3180.79,245.59,0.06385,0.0119,0.03861,0.00964,95.8,1519.3,22050,3.06,revving,58.0
1134,Engine Overheating,-185.3026,19.1842,103.6746,15.8171,-13.6686,9.6715,5.23,7.9879,0.0084,3.9863,18.0104,7.8107,-0.5011,7.9797,12.0567,5.6351,-1.1715,6.2354,8.9981,4.2391,0.5619,3.6995,5.3953,4.1174,-3.1322,5.2476,2529.97,227.81,1440.12,211.45,4231.07,433.18,0.09308,0.02201,0.06343,0.01226,3107.8,1318.0,22050,2.91,revving,53.5
1135,Brake System Fault,-175.0507,18.9067,102.8022,17.8433,-9.1752,8.7094,14.3025,9.9318,-4.572,8.2304,9.1296,10.4814,-7.0597,4.818,6.0359,9.6179,-1.7749,7.7666,8.658,4.1155,-4.2365,5.5089,7.7726,3.7744,-4.6178,4.4974,2713.16,323.94,1745.46,327.58,4959.59,636.66,0.10931,0.01542,0.08241,0.02663,4928.7,1002.5,22050,3.48,load,60.3
1136,Brake System Fault,-197.3813,28.0045,104.9426,20.4387,-13.5991,7.6003,13.8158,10.1066,-1.101,5.9663,13.039,6.8416,-0.3466,5.1066,6.8099,8.3244,-6.8032,4.6495,7.8251,9.9062,-2.681,6.6192,6.5032,6.0121,-0.5817,3.9927,2654.43,361.38,1731.44,193.5,5018.25,790.77,0.11882,0.03073,0.07041,0.02061,5094.5,436.4,22050,2.53,revving,55.3
1137,Brake System Fault,-182.8725,22.6813,94.3122,20.3939,-6.7436,10.2436,21.0911,8.2669,-6.0342,7.6325,8.71,5.3904,-4.6084,8.7524,5.1484,7.3838,-2.1289,6.5113,7.6832,6.5748,-5.2131,6.9934,6.8699,4.0768,-2.6005,4.6612,2685.13,416.14,1930.75,360.04,5356.16,968.18,0.11927,0.02306,0.09468,0.01428,2100.9,1026.6,22050,4.14,revving,73.4
1138,Battery Fault,-192.0273,19.014,107.7695,15.2805,-7.1679,10.5918,11.0341,6.5553,-5.2143,5.0124,6.0889,5.8279,-1.8428,4.5284,10.4743,5.4219,-7.7299,3.6712,6.0873,4.1101,-1.377,4.2257,4.823,4.1958,-4.851,2.7107,1924.69,131.67,1141.04,126.9,3268.21,255.1,0.06793,0.01442,0.04532,0.01055,188.9,1621.7,22050,2.7,idle,48.2
1139,Clutch Slip,-194.2656,10.2239,116.7858,12.4996,-5.4904,10.4999,13.1081,7.6997,-2.0551,3.8699,13.1052,6.7536,-1.7057,4.8007,7.4482,5.0332,-0.7671,5.846,4.4054,6.7484,-1.8585,4.375,8.2954,4.1373,-0.424,4.9538,2093.09,262.89,1273.87,170.51,3518.99,370.01,0.08735,0.01417,0.05695,0.01204,15.3,1502.8,22050,3.26,idle,54.7
1140,Oil Pressure Fault,-184.3568,21.7572,108.9323,15.0243,-9.7405,11.9924,17.3539,5.8581,-2.7026,7.2162,4.6845,6.2424,-7.0224,5.8829,7.9577,5.023,-0.4956,5.2982,4.9974,7.1304,-1.459,4.4921,3.9381,3.855,-0.1088,4.5328,2138.7,181.54,1280.46,175.55,3804.66,536.52,0.08496,0.01583,0.05273,0.01531,1265.5,533.6,22050,2.78,load,54.5
1141,Brake System Fault,-188.9966,18.4832,105.4688,17.8061,-15.3112,9.1364,5.4458,9.4542,-15.5869,6.8587,13.1319,8.4038,-3.6486,8.3919,9.1033,7.9371,-2.7361,7.3859,10.2451,6.7451,-5.6955,6.1094,9.0971,5.8239,-3.7105,5.9069,2711.63,324.18,1865.21,225.18,5148.5,453.32,0.11559,0.02571,0.08363,0.02433,3313.4,710.1,22050,3.11,idle,61.5
1142,Oil Pressure Fault,-188.7032,16.7353,97.4793,12.8582,-11.522,8.0795,14.9752,8.414,-8.1563,8.572,10.8155,4.0353,-2.759,6.9221,8.937,5.5719,-3.0016,7.401,7.1019,4.8802,-2.7776,3.8756,4.8044,3.3141,0.4188,4.7734,2021.99,244.52,1277.99,246.41,3929.36,412.42,0.07057,0.01853,0.06385,0.0148,1029.8,1228.7,22050,3.21,load,56.6
1143,Clutch Slip,-192.6319,17.1719,113.9589,8.9964,-6.9042,8.2707,12.658,5.8123,-1.8468,6.5455,15.0365,5.7485,-3.53,3.8812,7.5828,6.5571,-1.2775,5.7872,6.5028,4.7231,-2.0205,4.0663,6.3272,2.2946,-2.3717,3.8646,2028.69,210.82,1276.77,114.36,3641.31,347.07,0.08633,0.01603,0.04612,0.01251,40.6,1635.1,22050,3.29,revving,51.4
1144,Battery Fault,-195.5774,14.2957,112.3598,6.8702,-6.9316,8.53,9.9547,7.0629,-5.1061,3.5674,9.2296,3.6844,0.0346,4.4731,7.8476,5.3819,-6.0143,4.0413,4.5994,6.5694,0.4992,2.6422,9.6133,3.7939,-2.8299,2.344,1982.83,200.94,1136.66,168.6,3507.01,254.42,0.07537,0.00969,0.04885,0.01311,118.0,707.1,22050,2.57,revving,77.5
1145,Battery Fault,-197.8538,16.1762,113.9007,12.3902,-10.2934,7.246,11.8622,5.0943,-6.8511,5.3277,7.0563,3.8301,0.5384,5.2503,10.549,2.7144,-5.2095,3.5688,5.7554,4.7492,-1.6042,2.4371,6.4882,4.9063,-4.1238,4.3829,1901.43,208.49,1088.47,173.74,3330.17,158.17,0.07546,0.01553,0.05116,0.00744,138.8,1553.7,22050,3.11,load,66.1
1146,Battery Fault,-194.9916,12.3742,114.9134,9.807,-9.4758,7.4813,9.8761,6.189,-1.7719,5.395,8.3242,4.503,-2.1494,5.1348,10.7175,5.5194,-4.6265,4.6708,5.4566,4.0859,-3.367,3.5145,5.6213,3.5067,-0.4707,5.3581,1988.2,210.83,1152.7,178.94,3278.41,272.51,0.07393,0.01472,0.04695,0.01229,204.5,500.7,22050,4.01,revving,52.2
1147,Brake System Fault,-169.2721,26.0042,93.02,17.8103,-12.4914,6.4441,10.3153,10.7265,-5.2689,10.2521,13.4054,7.7604,-4.6175,5.638,12.0171,6.3606,-7.1084,4.7667,10.7808,6.4712,-2.0612,6.6588,9.8077,6.9236,-0.6016,3.8221,2836.46,301.61,1801.97,355.2,4939.98,667.54,0.10153,0.03157,0.07381,0.01666,1738.8,1336.0,22050,3.29,idle,68.7
1148,Battery Fault,-194.927,17.9714,109.6504,11.8385,-5.9631,8.2624,13.6787,3.4595,-5.5688,4.4479,9.7908,5.8171,-2.5047,4.9895,10.5957,5.3042,-4.7547,4.3141,2.7643,2.3796,0.9082,4.4719,8.3282,5.8555,-3.6448,4.1549,1870.74,216.53,1173.31,128.37,3257.62,254.83,0.07218,0.01079,0.04648,0.0123,194.4,582.8,22050,3.81,load,72.7
1149,Clutch Slip,-183.3877,19.005,111.0425,18.1233,-5.3193,9.9031,10.2119,9.2375,-7.0806,6.899,8.3185,5.3219,-5.9898,6.848,7.6013,4.4101,-1.6722,4.1078,9.2494,6.326,0.6774,2.1111,4.6388,3.4171,-1.9138,3.1862,2082.95,235.8,1320.51,175.11,3778.04,383.33,0.07528,0.01352,0.06066,0.01072,44.4,2028.5,22050,4.13,revving,70.1
1150,Healthy,-199.4816,18.7824,106.1387,9.756,-7.9757,4.6268,15.858,4.2659,-7.7911,5.1087,10.9862,4.1585,-3.7322,3.2459,5.9239,2.5511,-2.31,3.5125,3.9517,3.4475,-1.7909,2.6517,2.5328,2.3048,-1.3435,2.0019,1803.22,186.76,1058.6,120.89,3039.8,206.52,0.05092,0.01061,0.0417,0.00925,104.9,323.0,22050,4.11,revving,63.9
1151,Clutch Slip,-193.9105,18.0508,106.0916,14.6386,-9.3253,5.3513,12.3322,9.1018,-6.0449,6.4159,11.0398,5.5312,-1.3879,4.3867,5.0158,5.6992,-1.0933,5.0302,6.2356,3.3316,-1.77,3.3611,5.3093,4.9338,-3.1327,3.9994,2022.93,230.48,1260.54,127.21,3591.34,367.49,0.06484,0.01481,0.05001,0.00939,29.0,1569.1,22050,3.88,load,73.0
1152,Clutch Slip,-188.0286,13.9947,117.6006,7.9959,-6.1833,9.3372,17.8063,7.7585,-6.6856,3.5149,12.274,8.6025,-1.2318,5.4411,7.7031,4.9098,-5.2925,4.5033,5.121,4.6247,-1.6783,4.2709,5.7955,5.5795,-2.6484,4.226,2025.13,158.36,1290.72,156.48,3509.18,305.49,0.06811,0.01594,0.05335,0.00935,47.0,1752.5,22050,3.1,load,74.0
1153,Engine Overheating,-181.8638,18.0421,108.7901,11.8848,-12.5179,7.712,10.5087,5.1015,-4.8652,7.2553,10.5399,5.755,0.4527,5.6158,9.4479,6.9563,-4.9118,5.1371,9.5611,4.4112,-3.0085,4.6812,6.4082,4.8965,-2.3547,1.9151,2551.35,286.9,1547.36,263.19,4294.87,446.19,0.09997,0.01384,0.06614,0.01769,2400.1,1468.8,22050,3.51,load,58.8
1154,Oil Pressure Fault,-181.9891,17.6321,104.7831,15.5434,-8.1921,8.1042,14.1246,5.4593,-7.0185,8.2168,8.3163,7.0055,-6.908,5.8052,9.0923,5.6576,-3.3181,5.1144,8.8556,3.9562,-2.0725,4.5384,4.7747,4.6417,-2.2934,4.1683,2295.7,218.55,1302.27,149.54,3847.48,437.0,0.07755,0.01292,0.05371,0.0133,1806.8,1487.8,22050,3.38,revving,72.9
1155,Healthy,-204.2437,15.7132,113.0203,8.8085,-7.2331,5.5794,11.7738,6.599,-8.2097,5.3035,9.5494,5.1335,-5.6035,3.4931,5.5177,2.2623,-1.084,3.2881,4.1805,3.7502,-1.1372,2.3025,5.1432,3.32,-1.8516,2.2274,1734.83,144.46,982.55,108.02,3239.27,357.68,0.06571,0.01775,0.04681,0.01214,55.4,1223.4,22050,3.11,revving,55.7
1156,Engine Overheating,-170.4241,15.4437,111.4396,10.3157,-15.3241,8.7592,9.0162,10.0926,-3.1998,5.9955,13.6183,6.9238,-1.5688,5.0725,12.0379,5.9976,-5.7695,5.1872,8.5593,3.2465,-2.2314,3.5904,2.8136,4.3965,-0.3867,2.9236,2495.07,327.27,1549.36,243.1,4377.71,664.82,0.09002,0.0212,0.06326,0.01348,3085.8,1022.8,22050,4.12,idle,53.1
1157,Healthy,-195.6329,18.735,116.3302,10.5934,-2.8325,6.9913,11.763,4.4151,-5.9289,4.8471,5.9036,3.2259,-2.2143,3.2482,6.4363,3.3328,-2.8998,3.5473,4.206,3.0632,-1.6613,3.2337,3.3659,2.5233,-2.6796,3.3449,1751.57,212.35,988.45,128.7,3112.01,260.07,0.05952,0.01778,0.04259,0.01016,110.4,1034.2,22050,2.85,load,70.8
1158,Battery Fault,-188.7319,16.9839,111.364,13.9487,-10.5074,3.7282,10.2003,5.1528,-3.5264,5.2949,8.2224,3.2454,-2.1462,4.007,8.4966,4.6745,-3.5874,2.9865,5.7712,4.3348,-0.3384,4.1667,7.0115,3.1846,-3.8306,4.8793,2014.77,194.29,1185.55,140.0,3479.22,275.72,0.07549,0.01652,0.0492,0.00989,151.2,718.6,22050,2.64,load,54.5
1159,Clutch Slip,-188.634,15.9588,110.9642,10.0594,-6.7831,8.9333,17.0522,7.4687,-6.2099,5.6851,9.8302,7.8762,-2.6501,5.5412,7.3553,5.1669,-0.9459,4.4051,5.0555,4.122,-2.893,4.5454,3.9018,5.3951,-0.663,3.7389,2041.93,192.49,1231.57,181.69,3563.62,362.67,0.07204,0.01786,0.05589,0.00944,36.4,1580.5,22050,4.15,revving,67.9
1160,Oil Pressure Fault,-195.6731,16.5109,108.2036,16.3185,-7.1331,11.7058,11.7409,7.6805,-7.374,9.9457,9.254,7.0589,-7.7825,4.8883,9.6852,5.9387,-5.9215,3.4457,8.1815,5.3816,-2.4345,5.0296,6.2146,3.6776,-0.3549,4.1283,2070.46,236.0,1379.97,203.16,4015.08,429.58,0.08042,0.01483,0.05411,0.01204,640.6,547.5,22050,2.99,load,76.0
1161,Brake System Fault,-172.9073,27.9203,110.4819,16.7962,-12.1806,12.1834,12.99,10.3186,-7.6175,10.325,12.8465,5.5043,-2.862,5.6154,9.1369,7.6099,-5.2213,8.0779,7.0625,7.0017,-0.433,5.4277,10.5282,4.0703,-3.4021,5.0399,2790.39,422.74,1723.54,250.38,5212.58,608.46,0.11378,0.02776,0.07911,0.01899,3390.0,271.4,22050,3.75,idle,74.2
1162,Oil Pressure Fault,-184.7071,26.0274,100.4326,15.7451,-8.9365,10.4049,13.0443,9.4442,-7.8969,6.101,10.841,6.2605,-5.7554,6.1298,5.5357,6.1447,-4.8777,4.1763,6.8243,4.211,-1.7699,6.0302,6.2525,3.7686,0.6185,4.5042,2040.89,204.98,1349.87,165.94,3791.45,565.55,0.07165,0.01651,0.0546,0.01343,1324.8,1006.5,22050,2.67,idle,53.4
1163,Healthy,-193.0242,10.9062,107.5679,7.1388,-5.9364,5.1451,11.188,5.0312,-3.3397,5.2807,10.7654,5.7114,-1.9884,3.0403,9.2668,3.1943,-0.5113,2.9983,5.5982,2.5466,-0.588,3.7419,3.2929,3.6637,0.1707,3.4907,1712.28,135.92,1065.46,123.21,3097.15,304.24,0.05684,0.01394,0.04627,0.00771,104.4,1235.8,22050,3.12,idle,65.3
1164,Oil Pressure Fault,-190.6068,18.6976,107.1822,16.3988,-10.2915,8.1596,18.3017,7.3477,-8.1272,8.7271,8.0646,6.4372,-9.1533,8.3259,9.2676,6.0138,-3.4802,4.031,8.9457,4.3466,-3.9686,3.4716,5.3037,3.4099,-0.5135,4.3334,2201.17,264.79,1253.99,155.94,4013.03,420.28,0.07532,0.01146,0.05436,0.01356,893.8,866.5,22050,4.07,revving,57.9
1165,Brake System Fault,-181.4597,30.4776,93.8317,19.0502,-12.5894,12.1537,23.0986,13.5709,-1.961,11.5087,12.6331,7.5527,-3.5286,4.811,11.241,8.0674,-7.9687,5.6621,7.7122,4.1024,-1.3911,4.9598,7.541,5.8613,-2.8727,4.7996,2559.68,354.16,1827.51,233.28,4923.67,761.87,0.12022,0.02472,0.07486,0.02007,3841.7,1234.2,22050,3.39,load,67.2
1166,Clutch Slip,-183.6861,22.4758,111.4634,9.2004,-4.4406,7.4533,12.555,4.6743,-1.6585,5.991,11.5599,7.4538,-5.0117,4.4612,7.4166,3.4293,-0.3686,3.957,4.4567,5.986,-4.0372,4.5958,4.4607,3.7241,-0.5211,4.4088,2001.69,264.23,1212.42,139.57,3650.31,391.93,0.07825,0.01674,0.04473,0.01659,41.0,1881.9,22050,3.01,load,64.3
1167,Healthy,-193.6714,16.1556,111.8401,12.062,-3.8558,7.1836,13.3603,4.3959,-2.2977,6.5391,9.5971,3.5393,-5.0151,3.568,7.3799,3.6709,-2.5919,1.6523,5.9077,2.6977,-0.6512,2.9809,4.4874,3.5764,-0.2676,3.1961,1816.05,205.65,1100.12,110.81,3138.7,346.22,0.06571,0.01775,0.04526,0.01215,73.3,1311.2,22050,2.98,load,66.4
1168,Healthy,-197.6829,10.887,111.9919,12.2213,-4.6961,4.167,9.4839,4.8883,-5.7802,2.903,6.8083,2.6959,-4.2987,3.5692,5.9224,2.523,-2.4496,2.6737,8.1582,2.7959,0.7121,3.9183,2.9921,3.2927,-0.6608,3.2851,1776.3,156.87,1078.81,165.52,3152.33,245.94,0.06453,0.01121,0.04759,0.00825,138.0,1291.3,22050,3.6,load,77.6
1169,Brake System Fault,-181.2562,23.1163,105.4776,19.6154,-19.5696,13.3695,21.1614,8.8068,-6.3004,7.9908,12.1789,6.7005,-2.8152,9.7641,7.9512,5.7011,-2.3073,5.2233,8.4825,6.6797,-6.9976,6.3828,7.9422,4.4116,-0.955,5.6951,2852.93,388.02,1838.13,289.32,5030.37,806.64,0.11116,0.02832,0.07025,0.02424,4704.4,1086.7,22050,2.95,load,59.4
1170,Clutch Slip,-194.4346,20.0748,103.7326,12.0837,-2.5613,8.4724,11.3766,8.5578,-6.849,7.8653,12.0077,4.9562,-2.042,5.7776,6.3993,4.7528,-1.8773,5.6809,3.2777,4.3822,-0.8042,3.9226,3.7625,4.0788,1.8299,3.4039,2064.37,283.07,1237.93,168.68,3410.31,468.86,0.08221,0.01199,0.04789,0.01513,54.4,1697.3,22050,4.48,revving,53.7
1171,Battery Fault,-196.5227,22.3851,112.9165,9.4491,-11.7766,4.3821,11.7463,4.6448,-2.964,7.0784,7.4212,3.4334,-0.0382,4.6367,11.2775,4.7481,-5.8001,4.6553,8.2993,4.3407,-2.8103,4.2607,6.5959,4.8061,-3.8915,5.1035,1808.01,207.42,1135.29,117.9,3415.54,300.31,0.06969,0.01026,0.04635,0.01088,90.7,986.9,22050,2.97,idle,72.3
1172,Battery Fault,-196.4343,10.3174,112.3691,10.1464,-6.6395,6.1121,13.9761,4.8106,-1.5191,4.4696,7.5597,5.0447,-1.9829,4.8886,8.3097,5.9699,-6.0527,4.704,5.3539,1.6982,-2.3881,4.9153,8.9962,3.0548,-0.5677,4.1696,1973.66,173.08,1150.75,128.42,3384.69,279.49,0.08088,0.01199,0.05155,0.01183,237.6,843.2,22050,3.7,revving,76.2
1173,Engine Overheating,-178.1053,15.0294,107.1338,14.5892,-6.5348,10.4736,10.9495,8.472,-7.4541,5.7645,10.6236,6.2677,-0.1928,6.9197,8.5839,7.9357,-3.0482,5.8001,9.7265,3.9411,-0.7836,4.7467,6.7053,4.6485,-3.407,4.5711,2415.25,378.42,1549.37,183.01,4470.47,506.56,0.09896,0.01958,0.06111,0.0206,2532.6,1682.3,22050,3.97,load,77.7
1174,Engine Overheating,-176.8108,21.8369,98.8497,12.9474,-16.6618,10.0581,13.1114,9.5662,-4.6873,4.8786,11.0684,7.573,-2.4978,6.9211,12.8997,8.5615,0.5673,6.3152,9.5758,5.4727,-4.6566,3.5441,6.2909,2.3479,-3.3137,3.858,2523.21,254.89,1709.76,244.12,4360.96,457.61,0.09645,0.01563,0.07677,0.01849,3179.4,1347.2,22050,2.82,idle,52.8
1175,Oil Pressure Fault,-194.1773,12.8598,107.4425,13.5418,-2.7148,6.1315,14.3654,7.7288,-7.3466,6.6527,9.4342,7.185,-4.0107,7.5085,8.9205,4.732,-3.7613,3.7197,7.1364,5.2001,-1.9586,3.7274,3.7372,3.9624,-1.7091,3.2742,2292.0,253.96,1456.89,162.2,3691.36,481.59,0.07707,0.01688,0.07118,0.01767,593.3,774.3,22050,4.39,load,59.4
1176,Battery Fault,-204.3424,13.5887,110.026,14.4495,-7.9983,6.6157,10.6024,6.0572,-2.6899,4.2394,5.7176,6.7201,-0.2523,5.2239,5.4481,4.814,-4.2211,3.8205,3.4493,5.2717,-1.2527,3.9337,5.614,4.2988,-3.033,4.2783,1796.13,194.83,1162.8,140.1,3349.27,322.56,0.07096,0.01261,0.04789,0.00647,241.0,1041.6,22050,4.4,load,67.0
1177,Oil Pressure Fault,-193.5473,21.6657,110.839,12.8271,-8.7394,7.6716,15.0218,9.9357,-5.6724,7.5827,11.9131,7.0062,-5.662,7.2201,6.9914,4.4373,-1.666,2.994,7.783,3.2107,-2.174,4.1003,5.6785,5.0463,-0.9478,4.4257,2155.34,199.77,1406.34,179.16,4003.55,446.35,0.08415,0.00979,0.06147,0.01433,1457.2,853.4,22050,4.41,idle,75.8
1178,Oil Pressure Fault,-190.4983,14.9549,105.8016,14.2164,-10.0289,6.7381,13.644,6.6147,-6.7115,6.4115,10.6714,4.385,-1.319,4.9905,6.6306,6.3461,-2.3365,4.9168,4.9983,6.1335,-3.3682,4.5225,6.8236,3.3632,0.4756,5.0812,2067.3,303.6,1326.57,185.21,3706.42,489.23,0.08324,0.01542,0.05083,0.01202,1353.1,1496.3,22050,3.51,load,77.5
1179,Brake System Fault,-175.3313,25.3969,103.3287,16.8957,-12.9065,14.8741,29.8194,10.2864,-13.8306,11.5365,16.285,6.9879,-6.5453,5.3467,8.1288,7.463,-4.9788,5.3917,12.9134,5.3935,-4.3992,5.8886,7.3389,5.9427,-0.6292,5.2468,2694.85,418.92,1686.7,370.67,4922.16,450.07,0.10301,0.03834,0.0772,0.0188,4992.6,1200.1,22050,3.09,revving,59.2
1180,Battery Fault,-192.8792,19.5583,111.0592,9.2955,-6.1589,6.9676,11.1682,5.2726,-1.7739,3.4704,8.3923,6.6159,-2.2008,4.0308,13.2509,3.8311,-2.2438,5.0314,4.7321,4.1726,-1.7185,4.8336,6.9963,3.8132,-5.1102,4.4947,1894.82,187.35,1212.54,137.56,3294.05,334.75,0.07651,0.0087,0.04954,0.00804,153.4,1014.5,22050,2.55,idle,72.5
1181,Brake System Fault,-193.7804,25.1392,106.8623,18.1117,-9.1693,11.5531,14.4662,12.8499,-6.1948,7.2403,18.8383,9.2613,-6.7905,9.0742,9.4226,6.299,-5.0857,11.0548,10.2922,5.0542,-5.8924,5.0427,4.5789,3.7253,-4.9274,5.7793,2960.63,435.77,1735.94,271.1,4996.37,673.85,0.1006,0.02462,0.07743,0.02192,2989.8,1104.2,22050,3.52,idle,74.0
1182,Engine Overheating,-183.804,22.5143,102.5837,11.634,-9.721,9.4167,7.5429,9.6513,-3.732,9.0713,16.7318,6.6278,-2.4859,5.9242,9.7917,7.9576,-9.1779,5.6772,7.4059,6.2769,-1.443,4.7111,7.1887,3.5068,-0.8602,4.2974,2532.06,410.67,1473.66,156.86,4330.52,290.28,0.0823,0.02451,0.05884,0.015,3815.4,903.3,22050,2.99,load,75.5
1183,Clutch Slip,-191.0885,18.2256,105.1211,9.4441,-4.8943,9.6269,15.1042,6.4553,-5.0449,7.7039,9.5287,6.5247,-2.7405,7.5072,9.2593,4.9714,-0.2894,4.8238,4.9456,4.2932,-2.5049,4.9968,5.9496,2.8851,1.143,3.6633,2119.98,225.96,1253.05,184.47,3601.24,238.24,0.08171,0.0146,0.05633,0.00713,18.4,1500.1,22050,3.0,idle,69.8
1184,Oil Pressure Fault,-189.0587,18.6384,110.8459,10.566,-5.3601,8.3139,14.1066,10.557,-11.2078,6.8281,7.6236,5.8493,-5.763,6.5197,8.6064,6.1741,-4.4671,5.7829,9.5779,4.1498,-1.2575,4.6463,4.0493,3.0722,-0.0825,5.032,2095.07,268.94,1223.27,174.52,3860.01,321.86,0.08104,0.01521,0.05309,0.01328,778.1,873.0,22050,3.01,load,66.2
1185,Battery Fault,-189.1038,12.4326,114.2637,10.4921,-6.4696,5.1353,11.3541,6.6305,-2.4007,5.0394,8.469,5.6176,-3.5245,3.7791,10.0879,5.3057,-5.0722,4.3311,4.9656,3.6173,-2.0254,3.5734,2.7102,3.8418,-3.6029,4.4297,1886.82,183.74,1177.05,162.04,3333.75,280.67,0.06673,0.01109,0.05287,0.00709,128.0,825.1,22050,3.61,revving,68.2
1186,Clutch Slip,-199.0884,13.9492,110.7344,13.3242,-2.8379,8.0961,11.1257,3.8666,-6.7536,5.3869,11.0407,6.1733,-6.4111,4.0614,8.5525,6.3563,-5.1443,5.7036,7.4658,5.6707,-2.6086,3.027,7.2711,3.8635,-1.297,5.2295,2074.65,274.91,1228.37,131.19,3727.1,386.26,0.06946,0.01335,0.06036,0.01225,38.1,1785.2,22050,2.96,load,54.0
1187,Engine Overheating,-165.6202,23.7235,95.3088,17.2982,-16.3126,9.3408,9.5008,10.1687,-2.8215,9.2157,13.7909,7.602,-1.8706,4.383,6.2179,6.2191,-4.9875,7.4616,7.845,4.1404,-4.0284,5.1639,9.5482,4.4657,-0.783,3.684,2438.92,269.07,1467.36,150.27,4081.54,304.14,0.10144,0.02226,0.06764,0.01159,3354.2,980.3,22050,3.16,idle,60.8
1188,Clutch Slip,-198.0023,13.742,101.4044,13.9347,-10.2636,7.4816,10.2142,4.8551,-5.8152,7.0376,10.8307,6.7357,-1.7919,4.5343,10.7993,6.5681,-2.2624,6.8147,6.1831,6.0597,-0.2913,3.9209,4.9936,4.7236,-2.7741,4.5386,2035.15,214.78,1221.54,151.1,3617.5,344.1,0.06997,0.01861,0.05367,0.0105,44.6,2177.2,22050,3.06,revving,61.8
1189,Engine Overheating,-175.5301,17.3434,103.621,15.5253,-11.2799,7.9765,12.0421,7.8752,-4.0412,7.5504,14.882,7.0699,-5.1565,5.5313,10.1605,5.7747,-5.1299,6.9585,7.384,4.8006,-4.1322,5.866,4.4312,4.4352,-3.2786,3.8336,2472.55,298.61,1538.41,275.04,4181.62,553.19,0.09311,0.02142,0.0765,0.01606,2469.1,1003.8,22050,3.72,revving,52.9
1190,Brake System Fault,-183.0656,21.0969,91.3557,17.5895,-15.4489,14.2748,16.7503,10.7733,-4.473,7.0342,13.2818,8.1201,-4.8417,6.9449,6.2351,9.5558,-4.1835,6.9601,4.8051,8.0981,-1.2066,6.6612,8.3787,4.47,-2.013,4.4151,2981.37,413.55,1799.14,304.16,4997.27,739.61,0.13016,0.02495,0.07178,0.01704,2761.1,327.3,22050,3.11,idle,55.0
1191,Oil Pressure Fault,-179.6496,14.5131,113.4765,9.3404,-1.3335,9.9737,12.5459,5.1261,-7.7525,7.6684,7.2827,7.8064,-5.3018,6.7974,6.3654,4.6124,-6.0105,4.739,7.2672,5.5903,-0.3072,5.0875,6.2979,1.4725,-1.6997,3.9943,2027.61,253.63,1408.57,180.87,4072.52,444.51,0.08195,0.00971,0.05624,0.01484,1305.7,726.9,22050,2.76,idle,69.1
1192,Clutch Slip,-188.6389,25.1287,110.7075,15.5325,-3.6482,5.5592,13.9433,8.2857,-1.8452,5.6484,7.1562,4.9239,-4.0679,5.6582,6.2081,5.6954,-3.4953,4.8695,5.0996,3.5309,-1.4326,4.1375,4.3701,3.931,-2.5108,5.69,2142.88,244.92,1262.41,140.55,3612.37,239.98,0.07815,0.01593,0.05637,0.0154,31.9,1541.9,22050,3.19,load,68.7
1193,Battery Fault,-198.2825,22.3549,107.3513,8.0342,-7.9914,6.9056,14.5799,4.7852,-5.7948,4.0272,8.4059,5.5388,-3.5626,3.9663,7.6881,5.4908,-6.6701,4.5835,4.2931,3.8294,-2.2256,4.7387,5.9706,4.2494,-4.2979,3.7469,1846.14,152.4,1208.35,115.85,3186.32,333.74,0.07811,0.00927,0.05001,0.00936,204.8,569.9,22050,3.38,idle,57.8
1194,Engine Overheating,-186.504,20.8239,107.4665,16.3261,-8.5448,7.5162,10.6684,6.7476,-2.5763,8.0345,13.3463,5.8515,-4.2823,7.0293,6.3914,6.1301,-5.0065,5.1067,9.6025,3.0923,-1.2077,5.2587,7.2175,4.2556,-2.5617,5.1283,2355.55,240.67,1584.84,191.4,4555.1,522.81,0.09862,0.01926,0.06554,0.01799,3313.3,1522.2,22050,4.03,idle,66.2
1195,Clutch Slip,-186.776,26.1455,112.2218,17.3468,-3.9326,8.0096,9.2715,6.8411,-5.8485,4.9695,12.5148,5.3523,-3.5916,5.0406,5.6701,4.564,-0.6091,5.1753,11.7293,5.6811,-1.7642,4.5425,5.1576,3.4991,-2.0996,3.6324,2070.48,252.55,1329.86,162.27,3652.66,259.29,0.07621,0.01168,0.04988,0.01127,26.3,1695.3,22050,2.72,idle,59.3
1196,Engine Overheating,-182.1553,17.0243,95.6315,14.6198,-15.4178,6.6238,11.4026,5.9435,-0.4249,7.0765,12.7262,8.0889,0.6948,6.441,6.957,6.9994,-4.7502,6.6828,6.3391,4.9359,-1.5801,5.186,6.8951,4.9172,-0.8635,2.7054,2690.35,283.85,1574.01,265.32,4350.5,519.73,0.08928,0.02033,0.06876,0.01617,3381.5,1689.2,22050,2.91,idle,53.5
1197,Battery Fault,-197.5153,11.2532,114.9368,12.4399,-10.3669,7.8805,10.6817,4.6293,-4.7509,3.6628,12.1359,4.5394,0.4897,3.2579,9.6853,4.1612,-5.6585,3.7668,4.9747,3.9498,-1.8331,5.4911,7.7498,2.8457,-3.9423,2.9378,1944.51,175.14,1162.99,133.26,3352.08,345.3,0.07448,0.01405,0.05154,0.01146,144.8,747.5,22050,2.69,idle,73.0
1198,Oil Pressure Fault,-181.439,16.1577,108.0755,14.6326,-2.5633,11.3386,17.3111,8.2885,-6.5526,9.0019,10.8483,6.3197,-1.9345,7.011,2.6219,4.7035,-4.8879,5.2186,6.5529,5.7025,-3.2131,3.621,7.0757,5.007,1.3257,4.2725,1983.75,282.66,1290.82,153.36,3813.75,465.91,0.08529,0.01775,0.05523,0.01071,1289.6,1036.1,22050,4.4,revving,62.6
1199,Oil Pressure Fault,-187.7987,19.8813,105.7787,15.4054,-6.0984,7.8489,15.9734,7.5784,-10.4307,8.1112,8.457,5.1368,-4.1447,5.5236,7.4832,5.2335,-0.6957,5.6307,7.0959,5.1251,-2.6309,4.2536,5.4106,4.8377,1.0277,4.2809,1967.56,282.28,1337.47,190.21,3713.28,425.99,0.07349,0.01782,0.05645,0.01214,1333.1,1604.3,22050,2.96,idle,61.0
1200,Brake System Fault,-178.2859,24.1975,104.9687,21.2407,-16.0725,10.055,15.7015,7.9993,-9.6776,7.5232,13.3409,10.8854,-7.4004,5.124,6.2451,6.2928,-6.358,8.7679,9.7568,6.4179,-5.4869,6.7287,1.6302,4.2452,-3.9811,5.2566,2816.71,394.52,1900.91,248.08,5181.55,647.37,0.12386,0.02061,0.07992,0.02334,3445.8,753.9,22050,2.77,idle,73.9
1201,Healthy,-192.3866,20.5273,114.231,9.4007,-4.9758,5.1055,12.5755,2.6277,-5.9261,4.5299,12.5674,5.0223,-4.062,3.1884,8.2344,4.3428,-1.6592,3.4325,4.2082,3.3747,-1.3054,3.2209,5.2775,3.807,-1.6154,2.796,1846.91,202.55,1060.52,103.89,3062.25,209.77,0.06779,0.01305,0.04069,0.00649,123.3,1232.2,22050,3.46,revving,59.8
1202,Battery Fault,-186.3249,15.8947,111.7997,11.7919,-3.3915,8.2059,12.2394,5.9382,-3.3818,5.1984,9.5103,6.2981,-2.5563,3.3775,5.1281,7.1102,-4.574,5.2559,6.1802,2.5754,1.7343,4.3104,6.8583,1.7883,-3.4208,3.4352,1979.31,189.84,1194.77,112.22,3335.58,352.26,0.07724,0.01579,0.05321,0.00597,87.2,1061.2,22050,2.93,revving,63.8
1203,Battery Fault,-189.2085,18.933,115.7434,12.7535,-6.208,7.1765,8.2576,7.2529,0.5289,6.4413,5.093,6.7086,-4.7652,4.6075,9.3107,5.5949,-6.4606,3.1663,2.3269,3.1423,-1.7241,4.9968,5.6537,3.6357,-3.2344,3.1818,1969.45,230.8,1207.53,145.2,3344.46,285.55,0.07562,0.01466,0.04859,0.00809,131.6,1040.2,22050,3.02,revving,73.9
1204,Battery Fault,-193.4677,13.306,111.1252,9.6536,-9.0784,5.9501,10.4697,5.0472,-3.2676,3.9462,8.765,6.058,-0.3769,4.8879,11.2115,3.9712,-5.5323,4.2687,5.974,4.1294,-1.7201,3.7141,7.7801,2.8313,-1.4601,3.4651,1890.3,204.76,1118.23,172.07,3502.22,252.83,0.06872,0.00942,0.04938,0.00884,165.5,872.7,22050,2.83,load,64.4
1205,Healthy,-202.0762,14.5735,115.1981,10.6441,-7.8784,6.1955,11.7411,5.3769,-4.4937,5.2603,9.1835,5.6114,-3.9551,3.081,7.1037,3.1914,-2.9507,3.2047,5.0055,3.2493,-0.4972,2.7934,2.1827,3.4476,-3.0802,4.3939,1728.39,190.81,1019.34,126.46,3030.17,270.82,0.05969,0.00853,0.04689,0.01175,39.3,916.8,22050,3.76,revving,57.6
1206,Healthy,-205.9625,14.1328,109.2589,8.2193,-9.7851,6.4282,13.4991,5.1192,-7.4338,5.0008,10.6037,4.1788,-3.0351,3.6402,6.3786,3.1272,-1.8144,3.4472,5.2277,2.1186,-0.7117,2.9131,4.8014,2.3512,-1.9132,3.6265,1753.47,238.4,1109.62,122.62,3116.93,219.55,0.05432,0.01661,0.04678,0.01039,86.4,1050.1,22050,3.32,load,62.3
1207,Healthy,-199.247,14.4007,107.0511,10.1103,-8.0338,6.9974,11.5124,5.8195,-8.6813,5.6002,9.5214,4.1504,-2.2986,4.2309,7.9412,2.3987,-2.7077,3.9736,5.0908,3.4719,-1.6836,3.079,3.4547,3.1573,-1.0871,2.302,1823.28,177.89,1064.07,108.67,2932.99,360.41,0.06588,0.01215,0.04066,0.00782,121.9,1020.3,22050,4.12,idle,73.8
1208,Oil Pressure Fault,-179.6602,17.9612,113.9215,10.4221,-6.515,7.6877,18.2318,8.5226,-4.0066,6.5154,9.5328,5.6148,-8.0305,5.4869,9.8769,4.9628,-2.6888,5.1339,5.7636,5.9204,-1.1325,5.1652,4.9039,2.5875,-2.8621,4.0703,2186.7,242.12,1358.17,172.45,4094.67,369.95,0.07253,0.01702,0.05917,0.01078,1802.2,1090.0,22050,2.95,idle,60.4
1209,Healthy,-197.4433,17.0055,110.5398,7.9397,-6.4255,6.1606,12.6534,4.3605,-3.6647,4.2651,8.2123,4.1402,-4.8859,3.6318,5.9832,2.8368,-0.063,2.2946,4.4853,3.7295,-0.2598,3.059,3.8418,2.757,-1.4915,3.3981,1810.94,195.62,1132.47,149.33,3120.14,329.33,0.05697,0.01403,0.04903,0.00817,99.8,995.5,22050,2.68,idle,68.5
1210,Battery Fault,-202.9591,16.1577,110.094,6.7825,-9.3196,7.444,11.8686,5.5745,-6.0956,4.5429,9.4824,3.8975,-2.4671,4.4818,7.0983,3.3321,-5.4682,3.8953,6.0371,4.8296,-2.1277,3.5191,6.5193,3.4734,-4.5937,3.5022,1972.52,177.06,1133.9,167.12,3462.39,287.43,0.06887,0.01182,0.05022,0.01113,146.9,1167.4,22050,3.87,idle,75.6
1211,Oil Pressure Fault,-183.0715,18.2325,104.203,10.3435,-4.135,11.15,17.6518,6.7986,-5.8234,6.0266,6.4816,5.6313,-9.0562,6.6522,8.8694,5.0663,-2.5264,6.1444,8.7339,6.198,-0.5555,4.3493,4.8633,3.7772,-1.6999,3.6814,2111.97,296.52,1353.87,171.18,3902.04,331.72,0.07406,0.01674,0.05499,0.01098,1457.3,1165.1,22050,4.45,revving,56.8
1212,Clutch Slip,-192.9428,18.4685,107.3577,14.1136,-6.2097,8.7708,10.9047,5.8659,-3.9522,5.5387,8.4934,5.012,-2.6032,4.047,7.3822,7.324,-3.4717,3.4094,6.7872,5.7129,-4.1247,2.5369,3.5876,4.1233,-1.0452,4.7684,2143.18,226.09,1281.66,178.64,3503.03,342.52,0.07247,0.01586,0.0547,0.01598,27.0,1969.5,22050,2.79,load,58.7
1213,Oil Pressure Fault,-193.8801,16.782,106.7838,11.0249,-5.7653,11.3212,12.9386,9.186,-7.304,5.9098,9.0641,4.5551,-8.4332,7.2021,6.167,3.3006,-2.7672,4.0208,5.6593,5.102,-2.4847,3.5083,4.0796,3.6839,0.2849,2.8932,2059.63,253.54,1293.32,215.24,3819.6,391.85,0.07696,0.01457,0.04967,0.01611,1241.4,1140.9,22050,3.42,revving,52.6
1214,Brake System Fault,-181.1867,17.5499,101.8189,19.9148,-17.7589,11.5556,20.4585,10.7163,-7.5289,6.5495,15.8891,2.7762,-10.6621,6.2452,13.1897,7.6811,-4.0271,8.565,13.3745,6.0648,-0.4139,7.2442,7.5732,5.696,-0.9392,4.5415,2659.02,387.83,1872.24,258.96,4921.24,900.86,0.10633,0.03126,0.07493,0.02176,1516.7,605.7,22050,3.93,load,55.3
1215,Engine Overheating,-176.5648,16.7396,106.9426,16.359,-9.1848,8.9487,7.2459,7.9966,-1.7562,7.3806,11.5604,5.553,-0.1271,6.9447,11.7183,4.4438,-3.0281,6.0627,4.6787,3.8769,-6.9394,5.4076,6.3002,4.2934,-2.3796,4.4993,2541.14,248.86,1561.07,185.68,4438.53,599.19,0.09245,0.01818,0.06825,0.01647,2683.5,1832.1,22050,2.98,idle,68.0
1216,Engine Overheating,-182.2419,14.659,103.4552,14.6909,-8.3328,9.0282,10.6999,8.2623,-4.7045,7.3021,7.8514,7.5789,-2.5566,4.9775,10.16,6.0829,-3.7365,3.5845,5.5848,5.0032,-2.0444,2.7314,4.7976,4.6224,0.9116,3.6105,2542.62,275.6,1479.88,200.58,4098.58,438.55,0.08346,0.01944,0.07053,0.01951,2191.6,1727.9,22050,2.94,idle,62.0
1217,Healthy,-192.9319,13.9616,111.0144,8.759,-10.5608,5.1026,13.9727,3.3509,-4.0319,4.8058,9.2177,4.3805,-3.6817,3.3342,6.1492,3.493,-2.9877,4.8703,4.5556,3.8588,0.3675,3.6088,2.6486,3.5617,-2.6272,2.3479,1841.85,167.72,1016.74,98.89,3041.54,252.41,0.06296,0.01174,0.04425,0.0162,40.2,862.7,22050,4.08,revving,60.3
